Workbook
Name SailCrest: SailCrest!$A$1:$N$114
Name SailPattern: SailPattern!$A$1:$T$74
Name SailPatternColor: SailPatternColor!$A$1:$M$59
Name ShipBodyFirstColor: ShipBodyFirstColor!$A$1:$L$49
Name ShipBodySecondColor: ShipBodySecondColor!$A$1:$L$49
Name ShipBodyShape: ShipBodyShape!$A$1:$AR$115
Name ShipPartShape: ShipPartShape!$A$1:$X$268

Sheet ShipBodyShape
A1: id | C1: meshName | E1: meshDensity | F1: buoyancyRadius | G1: parts["0"] | I1: parts["1"] | K1: parts["2"] | M1: parts["3"] | O1: parts["4"] | Q1: parts["5"] | S1: parts["6"] | U1: parts["7"] | W1: parts["8"] | Y1: parts["9"] | AA1: parts["10"] | AC1: parts["11"] | AE1: parts["12"] | AG1: parts["13"] | AH1: colorTint | AI1: color1 | AJ1: color2 | AK1: materials[0]["index"] | AL1: materials[0]["name"] | AM1: materials[1]["index"] | AN1: materials[1]["name"] | AO1: materials[2]["index"] | AP1: materials[2]["name"] | AQ1: materials[3]["index"] | AR1: materials[3]["name"]
A2: key:45000000~45999999 | C2: string | E2: number | F2: number | G2: number | I2: number | K2: number | M2: number | O2: number | Q2: number | S2: number | U2: number | W2: number | Y2: number | AA2: number | AC2: number | AE2: number | AG2: number | AH2: number | AI2: number | AJ2: number | AK2: number | AL2: string | AM2: number | AN2: string | AO2: number | AP2: string | AQ2: number | AR2: string
A3: :required | B3: - | C3: 1 | D3: - | E3: - | F3: - | G3: - | H3: - | I3: - | J3: - | K3: - | L3: - | M3: - | N3: - | O3: - | P3: - | Q3: - | R3: - | S3: - | U3: - | W3: - | Y3: - | AA3: - | AC3: - | AE3: - | AG3: - | AH3: - | AI3: - | AJ3: - | AK3: - | AL3: - | AM3: - | AN3: - | AO3: - | AP3: - | AQ3: - | AR3: -
A4: :requireedInObject | B4: - | C4: - | D4: - | E4: - | F4: - | G4: 1 | H4: - | I4: 1 | J4: - | K4: 1 | L4: - | M4: 1 | N4: - | O4: 1 | P4: - | Q4: 1 | R4: - | S4: 1 | U4: 1 | W4: 1 | Y4: 1 | AA4: 1 | AC4: 1 | AE4: 1 | AG4: 1 | AH4: - | AI4: - | AJ4: - | AK4: 1 | AL4: 1 | AM4: 1 | AN4: 1 | AO4: 1 | AP4: 1 | AQ4: 1 | AR4: 1
A5: :min | B5: - | C5: - | D5: - | E5: 10 | F5: 10 | G5: - | H5: - | I5: - | J5: - | K5: - | L5: - | M5: - | N5: - | O5: - | P5: - | Q5: - | R5: - | S5: - | U5: - | W5: - | Y5: - | AA5: - | AC5: - | AE5: - | AG5: - | AH5: - | AI5: - | AJ5: - | AK5: - | AL5: - | AM5: - | AN5: - | AO5: - | AP5: - | AQ5: - | AR5: -
A6: :max | B6: - | C6: - | D6: - | E6: 1000 | F6: 1000 | G6: - | H6: - | I6: - | J6: - | K6: - | L6: - | M6: - | N6: - | O6: - | P6: - | Q6: - | R6: - | S6: - | U6: - | W6: - | Y6: - | AA6: - | AC6: - | AE6: - | AG6: - | AH6: - | AI6: - | AJ6: - | AK6: - | AL6: - | AM6: - | AN6: - | AO6: - | AP6: - | AQ6: - | AR6: -
A7: :enum | B7: - | C7: - | D7: - | E7: - | F7: - | G7: - | H7: - | I7: - | J7: - | K7: - | L7: - | M7: - | N7: - | O7: - | P7: - | Q7: - | R7: - | S7: - | U7: - | W7: - | Y7: - | AA7: - | AC7: - | AE7: - | AG7: - | AH7: - | AI7: - | AJ7: - | AK7: - | AL7: - | AM7: - | AN7: - | AO7: - | AP7: - | AQ7: - | AR7: -
A8: :links | B8: - | C8: - | D8: - | E8: - | F8: - | G8: "ShipPartShape" | H8: - | I8: "ShipPartShape" | J8: - | K8: "ShipPartShape" | L8: - | M8: "ShipPartShape" | N8: - | O8: "ShipPartShape" | P8: - | Q8: "ShipPartShape" | R8: - | S8: "ShipPartShape" | U8: "ShipPartShape" | W8: "ShipPartShape" | Y8: "ShipPartShape" | AA8: "ShipPartShape" | AC8: "ShipPartShape" | AE8: "ShipPartShape" | AG8: "ShipPartShape" | AH8: - | AI8: - | AJ8: - | AK8: - | AL8: - | AM8: - | AN8: - | AO8: - | AP8: - | AQ8: - | AR8: -
A9: :asset | B9: - | C9: 1 | D9: - | E9: - | F9: - | G9: - | H9: - | I9: - | J9: - | K9: - | L9: - | M9: - | N9: - | O9: - | P9: - | Q9: - | R9: - | S9: - | U9: - | W9: - | Y9: - | AA9: - | AC9: - | AE9: - | AG9: - | AH9: - | AI9: - | AJ9: - | AK9: - | AL9: 1 | AM9: - | AN9: 1 | AO9: - | AP9: 1 | AQ9: - | AR9: 1
A10: 45000000 | B10: 중 캐러벨 | C10: SK_Ship_Caravel_Body | D10: 캐러벨흰색돛 | E10: 700 | F10: 80 | G10: =IFERROR(INDEX(ShipPartShape!$A:$A,MATCH(D10,ShipPartShape!$B:$B,0)),"-") -> 46000001 | H10: 램프_기본 | I10: =IFERROR(INDEX(ShipPartShape!$A:$A,MATCH(H10,ShipPartShape!$B:$B,0)),"-") -> 46700001 | K10: =IFERROR(INDEX(ShipPartShape!$A:$A,MATCH(J10,ShipPartShape!$B:$B,0)),"-") -> - | M10: =IFERROR(INDEX(ShipPartShape!$A:$A,MATCH(L10,ShipPartShape!$B:$B,0)),"-") -> - | O10: =IFERROR(INDEX(ShipPartShape!$A:$A,MATCH(N10,ShipPartShape!$B:$B,0)),"-") -> - | Q10: =IFERROR(INDEX(ShipPartShape!$A:$A,MATCH(P10,ShipPartShape!$B:$B,0)),"-") -> - | R10: 선박외형장식_C | S10: =IFERROR(INDEX(ShipPartShape!$A:$A,MATCH(R10,ShipPartShape!$B:$B,0)),"-") -> 46600003 | T10: 선박외형장식_D | U10: =IFERROR(INDEX(ShipPartShape!$A:$A,MATCH(T10,ShipPartShape!$B:$B,0)),"-") -> 46600004 | V10: 선박외형장식_E | W10: =IFERROR(INDEX(ShipPartShape!$A:$A,MATCH(V10,ShipPartShape!$B:$B,0)),"-") -> 46600005 | X10: 선박외형장식_G | Y10: =IFERROR(INDEX(ShipPartShape!$A:$A,MATCH(X10,ShipPartShape!$B:$B,0)),"-") -> 46600007 | AA10: =IFERROR(INDEX(ShipPartShape!$A:$A,MATCH(Z10,ShipPartShape!$B:$B,0)),"-") -> - | AB10: 아나히타상 | AC10: =IFERROR(INDEX(ShipPartShape!$A:$A,MATCH(AB10,ShipPartShape!$B:$B,0)),"-") -> 46100019 | AE10: =IFERROR(INDEX(ShipPartShape!$A:$A,MATCH(AD10,ShipPartShape!$B:$B,0)),"-") -> - | AG10: =IFERROR(INDEX(ShipPartShape!$A:$A,MATCH(AF10,ShipPartShape!$B:$B,0)),"-") -> - | AH10: - | AI10: - | AJ10: - | AK10: - | AL10: - | AM10: - | AN10: - | AO10: - | AP10: - | AQ10: - | AR10: -
A11: =A10+1 -> 45000001 | B11: 중 캐러벨_적선 | C11: SK_Ship_Caravel_Body | D11: 캐러벨적색돛 | E11: 700 | F11: 80 | G11: =IFERROR(INDEX(ShipPartShape!$A:$A,MATCH(D11,ShipPartShape!$B:$B,0)),"-") -> 46000002 | H11: 대포_기본 | I11: =IFERROR(INDEX(ShipPartShape!$A:$A,MATCH(H11,ShipPartShape!$B:$B,0)),"-") -> 46300001 | J11: 램프_기본 | K11: =IFERROR(INDEX(ShipPartShape!$A:$A,MATCH(J11,ShipPartShape!$B:$B,0)),"-") -> 46700001 | M11: =IFERROR(INDEX(ShipPartShape!$A:$A,MATCH(L11,ShipPartShape!$B:$B,0)),"-") -> - | O11: =IFERROR(INDEX(ShipPartShape!$A:$A,MATCH(N11,ShipPartShape!$B:$B,0)),"-") -> - | Q11: =IFERROR(INDEX(ShipPartShape!$A:$A,MATCH(P11,ShipPartShape!$B:$B,0)),"-") -> - | S11: =IFERROR(INDEX(ShipPartShape!$A:$A,MATCH(R11,ShipPartShape!$B:$B,0)),"-") -> - | U11: =IFERROR(INDEX(ShipPartShape!$A:$A,MATCH(T11,ShipPartShape!$B:$B,0)),"-") -> - | W11: =IFERROR(INDEX(ShipPartShape!$A:$A,MATCH(V11,ShipPartShape!$B:$B,0)),"-") -> - | Y11: =IFERROR(INDEX(ShipPartShape!$A:$A,MATCH(X11,ShipPartShape!$B:$B,0)),"-") -> - | AA11: =IFERROR(INDEX(ShipPartShape!$A:$A,MATCH(Z11,ShipPartShape!$B:$B,0)),"-") -> - | AC11: =IFERROR(INDEX(ShipPartShape!$A:$A,MATCH(AB11,ShipPartShape!$B:$B,0)),"-") -> - | AE11: =IFERROR(INDEX(ShipPartShape!$A:$A,MATCH(AD11,ShipPartShape!$B:$B,0)),"-") -> - | AG11: =IFERROR(INDEX(ShipPartShape!$A:$A,MATCH(AF11,ShipPartShape!$B:$B,0)),"-") -> - | AH11: - | AI11: - | AJ11: - | AK11: - | AL11: - | AM11: - | AN11: - | AO11: - | AP11: - | AQ11: - | AR11: -
A12: =A11+1 -> 45000002 | B12: 중 캐러벨_유령선 | C12: SK_Ship_Caravel_Body | D12: 캐러벨유령선돛 | E12: 700 | F12: 80 | G12: =IFERROR(INDEX(ShipPartShape!$A:$A,MATCH(D12,ShipPartShape!$B:$B,0)),"-") -> 46000003 | H12: 독수리상 | I12: =IFERROR(INDEX(ShipPartShape!$A:$A,MATCH(H12,ShipPartShape!$B:$B,0)),"-") -> 46100002 | J12: 충각_기본 | K12: =IFERROR(INDEX(ShipPartShape!$A:$A,MATCH(J12,ShipPartShape!$B:$B,0)),"-") -> 46200001 | L12: 대포_기본 | M12: =IFERROR(INDEX(ShipPartShape!$A:$A,MATCH(L12,ShipPartShape!$B:$B,0)),"-") -> 46300001 | O12: =IFERROR(INDEX(ShipPartShape!$A:$A,MATCH(N12,ShipPartShape!$B:$B,0)),"-") -> - | Q12: =IFERROR(INDEX(ShipPartShape!$A:$A,MATCH(P12,ShipPartShape!$B:$B,0)),"-") -> - | S12: =IFERROR(INDEX(ShipPartShape!$A:$A,MATCH(R12,ShipPartShape!$B:$B,0)),"-") -> - | U12: =IFERROR(INDEX(ShipPartShape!$A:$A,MATCH(T12,ShipPartShape!$B:$B,0)),"-") -> - | W12: =IFERROR(INDEX(ShipPartShape!$A:$A,MATCH(V12,ShipPartShape!$B:$B,0)),"-") -> - | Y12: =IFERROR(INDEX(ShipPartShape!$A:$A,MATCH(X12,ShipPartShape!$B:$B,0)),"-") -> - | AA12: =IFERROR(INDEX(ShipPartShape!$A:$A,MATCH(Z12,ShipPartShape!$B:$B,0)),"-") -> - | AC12: =IFERROR(INDEX(ShipPartShape!$A:$A,MATCH(AB12,ShipPartShape!$B:$B,0)),"-") -> - | AE12: =IFERROR(INDEX(ShipPartShape!$A:$A,MATCH(AD12,ShipPartShape!$B:$B,0)),"-") -> - | AG12: =IFERROR(INDEX(ShipPartShape!$A:$A,MATCH(AF12,ShipPartShape!$B:$B,0)),"-") -> - | AH12: - | AI12: - | AJ12: - | AK12: - | AL12: - | AM12: - | AN12: - | AO12: - | AP12: - | AQ12: - | AR12: -
A13: =A12+1 -> 45000003 | B13: 중 캐러벨2 | C13: SK_Ship_Caravel_Body | D13: 캐러벨적백돛 | E13: 700 | F13: 80 | G13: =IFERROR(INDEX(ShipPartShape!$A:$A,MATCH(D13,ShipPartShape!$B:$B,0)),"-") -> 46000004 | H13: 충각_기본 | I13: =IFERROR(INDEX(ShipPartShape!$A:$A,MATCH(H13,ShipPartShape!$B:$B,0)),"-") -> 46200001 | J13: 대포_기본 | K13: =IFERROR(INDEX(ShipPartShape!$A:$A,MATCH(J13,ShipPartShape!$B:$B,0)),"-") -> 46300001 | L13: 램프_기본 | M13: =IFERROR(INDEX(ShipPartShape!$A:$A,MATCH(L13,ShipPartShape!$B:$B,0)),"-") -> 46700001 | O13: =IFERROR(INDEX(ShipPartShape!$A:$A,MATCH(N13,ShipPartShape!$B:$B,0)),"-") -> - | Q13: =IFERROR(INDEX(ShipPartShape!$A:$A,MATCH(P13,ShipPartShape!$B:$B,0)),"-") -> - | S13: =IFERROR(INDEX(ShipPartShape!$A:$A,MATCH(R13,ShipPartShape!$B:$B,0)),"-") -> - | U13: =IFERROR(INDEX(ShipPartShape!$A:$A,MATCH(T13,ShipPartShape!$B:$B,0)),"-") -> - | W13: =IFERROR(INDEX(ShipPartShape!$A:$A,MATCH(V13,ShipPartShape!$B:$B,0)),"-") -> - | Y13: =IFERROR(INDEX(ShipPartShape!$A:$A,MATCH(X13,ShipPartShape!$B:$B,0)),"-") -> - | AA13: =IFERROR(INDEX(ShipPartShape!$A:$A,MATCH(Z13,ShipPartShape!$B:$B,0)),"-") -> - | AC13: =IFERROR(INDEX(ShipPartShape!$A:$A,MATCH(AB13,ShipPartShape!$B:$B,0)),"-") -> - | AE13: =IFERROR(INDEX(ShipPartShape!$A:$A,MATCH(AD13,ShipPartShape!$B:$B,0)),"-") -> - | AG13: =IFERROR(INDEX(ShipPartShape!$A:$A,MATCH(AF13,ShipPartShape!$B:$B,0)),"-") -> - | AH13: - | AI13: - | AJ13: - | AK13: - | AL13: - | AM13: - | AN13: - | AO13: - | AP13: - | AQ13: - | AR13: -
A14: =A13+1 -> 45000004 | B14: 중 캐러벨3 | C14: SK_Ship_Caravel_Body | D14: 캐러벨적흑돛 | E14: 700 | F14: 80 | G14: =IFERROR(INDEX(ShipPartShape!$A:$A,MATCH(D14,ShipPartShape!$B:$B,0)),"-") -> 46000005 | H14: 충각_기본 | I14: =IFERROR(INDEX(ShipPartShape!$A:$A,MATCH(H14,ShipPartShape!$B:$B,0)),"-") -> 46200001 | J14: 대포_기본 | K14: =IFERROR(INDEX(ShipPartShape!$A:$A,MATCH(J14,ShipPartShape!$B:$B,0)),"-") -> 46300001 | L14: 램프_기본 | M14: =IFERROR(INDEX(ShipPartShape!$A:$A,MATCH(L14,ShipPartShape!$B:$B,0)),"-") -> 46700001 | O14: =IFERROR(INDEX(ShipPartShape!$A:$A,MATCH(N14,ShipPartShape!$B:$B,0)),"-") -> - | Q14: =IFERROR(INDEX(ShipPartShape!$A:$A,MATCH(P14,ShipPartShape!$B:$B,0)),"-") -> - | S14: =IFERROR(INDEX(ShipPartShape!$A:$A,MATCH(R14,ShipPartShape!$B:$B,0)),"-") -> - | U14: =IFERROR(INDEX(ShipPartShape!$A:$A,MATCH(T14,ShipPartShape!$B:$B,0)),"-") -> - | W14: =IFERROR(INDEX(ShipPartShape!$A:$A,MATCH(V14,ShipPartShape!$B:$B,0)),"-") -> - | Y14: =IFERROR(INDEX(ShipPartShape!$A:$A,MATCH(X14,ShipPartShape!$B:$B,0)),"-") -> - | AA14: =IFERROR(INDEX(ShipPartShape!$A:$A,MATCH(Z14,ShipPartShape!$B:$B,0)),"-") -> - | AC14: =IFERROR(INDEX(ShipPartShape!$A:$A,MATCH(AB14,ShipPartShape!$B:$B,0)),"-") -> - | AE14: =IFERROR(INDEX(ShipPartShape!$A:$A,MATCH(AD14,ShipPartShape!$B:$B,0)),"-") -> - | AG14: =IFERROR(INDEX(ShipPartShape!$A:$A,MATCH(AF14,ShipPartShape!$B:$B,0)),"-") -> - | AH14: - | AI14: - | AJ14: - | AK14: - | AL14: - | AM14: - | AN14: - | AO14: - | AP14: - | AQ14: - | AR14: -
A15: =A14+1 -> 45000005 | B15: 중 캐러벨_해적1 | C15: SK_Ship_Caravel_Body | D15: 캐러벨적흑돛_해골 | E15: 700 | F15: 80 | G15: =IFERROR(INDEX(ShipPartShape!$A:$A,MATCH(D15,ShipPartShape!$B:$B,0)),"-") -> 46000006 | H15: 충각_기본 | I15: =IFERROR(INDEX(ShipPartShape!$A:$A,MATCH(H15,ShipPartShape!$B:$B,0)),"-") -> 46200001 | J15: 대포_기본 | K15: =IFERROR(INDEX(ShipPartShape!$A:$A,MATCH(J15,ShipPartShape!$B:$B,0)),"-") -> 46300001 | L15: 램프_기본 | M15: =IFERROR(INDEX(ShipPartShape!$A:$A,MATCH(L15,ShipPartShape!$B:$B,0)),"-") -> 46700001 | O15: =IFERROR(INDEX(ShipPartShape!$A:$A,MATCH(N15,ShipPartShape!$B:$B,0)),"-") -> - | Q15: =IFERROR(INDEX(ShipPartShape!$A:$A,MATCH(P15,ShipPartShape!$B:$B,0)),"-") -> - | S15: =IFERROR(INDEX(ShipPartShape!$A:$A,MATCH(R15,ShipPartShape!$B:$B,0)),"-") -> - | U15: =IFERROR(INDEX(ShipPartShape!$A:$A,MATCH(T15,ShipPartShape!$B:$B,0)),"-") -> - | W15: =IFERROR(INDEX(ShipPartShape!$A:$A,MATCH(V15,ShipPartShape!$B:$B,0)),"-") -> - | Y15: =IFERROR(INDEX(ShipPartShape!$A:$A,MATCH(X15,ShipPartShape!$B:$B,0)),"-") -> - | AA15: =IFERROR(INDEX(ShipPartShape!$A:$A,MATCH(Z15,ShipPartShape!$B:$B,0)),"-") -> - | AC15: =IFERROR(INDEX(ShipPartShape!$A:$A,MATCH(AB15,ShipPartShape!$B:$B,0)),"-") -> - | AE15: =IFERROR(INDEX(ShipPartShape!$A:$A,MATCH(AD15,ShipPartShape!$B:$B,0)),"-") -> - | AG15: =IFERROR(INDEX(ShipPartShape!$A:$A,MATCH(AF15,ShipPartShape!$B:$B,0)),"-") -> - | AH15: - | AI15: - | AJ15: - | AK15: - | AL15: - | AM15: - | AN15: - | AO15: - | AP15: - | AQ15: - | AR15: -
A16: =A15+1 -> 45000006 | B16: 중 캐러벨_스페인 | C16: SK_Ship_Caravel_Body | D16: 캐러벨무적함대돛 | E16: 700 | F16: 80 | G16: =IFERROR(INDEX(ShipPartShape!$A:$A,MATCH(D16,ShipPartShape!$B:$B,0)),"-") -> 46000007 | H16: 독수리상 | I16: =IFERROR(INDEX(ShipPartShape!$A:$A,MATCH(H16,ShipPartShape!$B:$B,0)),"-") -> 46100002 | J16: 충각_기본 | K16: =IFERROR(INDEX(ShipPartShape!$A:$A,MATCH(J16,ShipPartShape!$B:$B,0)),"-") -> 46200001 | L16: 대포_기본 | M16: =IFERROR(INDEX(ShipPartShape!$A:$A,MATCH(L16,ShipPartShape!$B:$B,0)),"-") -> 46300001 | N16: 램프_기본 | O16: =IFERROR(INDEX(ShipPartShape!$A:$A,MATCH(N16,ShipPartShape!$B:$B,0)),"-") -> 46700001 | Q16: =IFERROR(INDEX(ShipPartShape!$A:$A,MATCH(P16,ShipPartShape!$B:$B,0)),"-") -> - | S16: =IFERROR(INDEX(ShipPartShape!$A:$A,MATCH(R16,ShipPartShape!$B:$B,0)),"-") -> - | U16: =IFERROR(INDEX(ShipPartShape!$A:$A,MATCH(T16,ShipPartShape!$B:$B,0)),"-") -> - | W16: =IFERROR(INDEX(ShipPartShape!$A:$A,MATCH(V16,ShipPartShape!$B:$B,0)),"-") -> - | Y16: =IFERROR(INDEX(ShipPartShape!$A:$A,MATCH(X16,ShipPartShape!$B:$B,0)),"-") -> - | AA16: =IFERROR(INDEX(ShipPartShape!$A:$A,MATCH(Z16,ShipPartShape!$B:$B,0)),"-") -> - | AC16: =IFERROR(INDEX(ShipPartShape!$A:$A,MATCH(AB16,ShipPartShape!$B:$B,0)),"-") -> - | AE16: =IFERROR(INDEX(ShipPartShape!$A:$A,MATCH(AD16,ShipPartShape!$B:$B,0)),"-") -> - | AG16: =IFERROR(INDEX(ShipPartShape!$A:$A,MATCH(AF16,ShipPartShape!$B:$B,0)),"-") -> - | AH16: - | AI16: - | AJ16: - | AK16: - | AL16: - | AM16: - | AN16: - | AO16: - | AP16: - | AQ16: - | AR16: -
A17: =A16+1 -> 45000007 | B17: 바르카 | C17: SK_Ship_Barca_Body | D17: 바르카3흰색돛 | E17: 600 | F17: 50 | G17: =IFERROR(INDEX(ShipPartShape!$A:$A,MATCH(D17,ShipPartShape!$B:$B,0)),"-") -> 46000008 | H17: 램프_기본 | I17: =IFERROR(INDEX(ShipPartShape!$A:$A,MATCH(H17,ShipPartShape!$B:$B,0)),"-") -> 46700001 | K17: =IFERROR(INDEX(ShipPartShape!$A:$A,MATCH(J17,ShipPartShape!$B:$B,0)),"-") -> - | M17: =IFERROR(INDEX(ShipPartShape!$A:$A,MATCH(L17,ShipPartShape!$B:$B,0)),"-") -> - | O17: =IFERROR(INDEX(ShipPartShape!$A:$A,MATCH(N17,ShipPartShape!$B:$B,0)),"-") -> - | Q17: =IFERROR(INDEX(ShipPartShape!$A:$A,MATCH(P17,ShipPartShape!$B:$B,0)),"-") -> - | R17: 선박외형장식_A | S17: =IFERROR(INDEX(ShipPartShape!$A:$A,MATCH(R17,ShipPartShape!$B:$B,0)),"-") -> 46600001 | T17: 선박외형장식_B | U17: =IFERROR(INDEX(ShipPartShape!$A:$A,MATCH(T17,ShipPartShape!$B:$B,0)),"-") -> 46600002 | V17: 선박외형장식_G | W17: =IFERROR(INDEX(ShipPartShape!$A:$A,MATCH(V17,ShipPartShape!$B:$B,0)),"-") -> 46600007 | X17: 선박외형장식_E | Y17: =IFERROR(INDEX(ShipPartShape!$A:$A,MATCH(X17,ShipPartShape!$B:$B,0)),"-") -> 46600005 | AA17: =IFERROR(INDEX(ShipPartShape!$A:$A,MATCH(Z17,ShipPartShape!$B:$B,0)),"-") -> - | AB17: 천사상 | AC17: =IFERROR(INDEX(ShipPartShape!$A:$A,MATCH(AB17,ShipPartShape!$B:$B,0)),"-") -> 46100020 | AE17: =IFERROR(INDEX(ShipPartShape!$A:$A,MATCH(AD17,ShipPartShape!$B:$B,0)),"-") -> - | AG17: =IFERROR(INDEX(ShipPartShape!$A:$A,MATCH(AF17,ShipPartShape!$B:$B,0)),"-") -> - | AH17: - | AI17: - | AJ17: - | AK17: - | AL17: - | AM17: - | AN17: - | AO17: - | AP17: - | AQ17: - | AR17: -
A18: =A17+1 -> 45000008 | B18: 적선바르카_삼각 | C18: SK_Ship_Barca_Body | D18: 바르카3적색돛 | E18: 600 | F18: 50 | G18: =IFERROR(INDEX(ShipPartShape!$A:$A,MATCH(D18,ShipPartShape!$B:$B,0)),"-") -> 46000009 | H18: 대포_기본 | I18: =IFERROR(INDEX(ShipPartShape!$A:$A,MATCH(H18,ShipPartShape!$B:$B,0)),"-") -> 46300001 | J18: 램프_기본 | K18: =IFERROR(INDEX(ShipPartShape!$A:$A,MATCH(J18,ShipPartShape!$B:$B,0)),"-") -> 46700001 | M18: =IFERROR(INDEX(ShipPartShape!$A:$A,MATCH(L18,ShipPartShape!$B:$B,0)),"-") -> - | O18: =IFERROR(INDEX(ShipPartShape!$A:$A,MATCH(N18,ShipPartShape!$B:$B,0)),"-") -> - | Q18: =IFERROR(INDEX(ShipPartShape!$A:$A,MATCH(P18,ShipPartShape!$B:$B,0)),"-") -> - | S18: =IFERROR(INDEX(ShipPartShape!$A:$A,MATCH(R18,ShipPartShape!$B:$B,0)),"-") -> - | U18: =IFERROR(INDEX(ShipPartShape!$A:$A,MATCH(T18,ShipPartShape!$B:$B,0)),"-") -> - | W18: =IFERROR(INDEX(ShipPartShape!$A:$A,MATCH(V18,ShipPartShape!$B:$B,0)),"-") -> - | Y18: =IFERROR(INDEX(ShipPartShape!$A:$A,MATCH(X18,ShipPartShape!$B:$B,0)),"-") -> - | AA18: =IFERROR(INDEX(ShipPartShape!$A:$A,MATCH(Z18,ShipPartShape!$B:$B,0)),"-") -> - | AC18: =IFERROR(INDEX(ShipPartShape!$A:$A,MATCH(AB18,ShipPartShape!$B:$B,0)),"-") -> - | AE18: =IFERROR(INDEX(ShipPartShape!$A:$A,MATCH(AD18,ShipPartShape!$B:$B,0)),"-") -> - | AG18: =IFERROR(INDEX(ShipPartShape!$A:$A,MATCH(AF18,ShipPartShape!$B:$B,0)),"-") -> - | AH18: - | AI18: - | AJ18: - | AK18: - | AL18: - | AM18: - | AN18: - | AO18: - | AP18: - | AQ18: - | AR18: -
A19: =A18+1 -> 45000009 | B19: 유령선바르카_삼각 | C19: SK_Ship_Barca_Body | D19: 바르카3유령선돛 | E19: 600 | F19: 50 | G19: =IFERROR(INDEX(ShipPartShape!$A:$A,MATCH(D19,ShipPartShape!$B:$B,0)),"-") -> 46000010 | H19: 독수리상 | I19: =IFERROR(INDEX(ShipPartShape!$A:$A,MATCH(H19,ShipPartShape!$B:$B,0)),"-") -> 46100002 | J19: 충각_기본 | K19: =IFERROR(INDEX(ShipPartShape!$A:$A,MATCH(J19,ShipPartShape!$B:$B,0)),"-") -> 46200001 | L19: 대포_기본 | M19: =IFERROR(INDEX(ShipPartShape!$A:$A,MATCH(L19,ShipPartShape!$B:$B,0)),"-") -> 46300001 | O19: =IFERROR(INDEX(ShipPartShape!$A:$A,MATCH(N19,ShipPartShape!$B:$B,0)),"-") -> - | Q19: =IFERROR(INDEX(ShipPartShape!$A:$A,MATCH(P19,ShipPartShape!$B:$B,0)),"-") -> - | S19: =IFERROR(INDEX(ShipPartShape!$A:$A,MATCH(R19,ShipPartShape!$B:$B,0)),"-") -> - | U19: =IFERROR(INDEX(ShipPartShape!$A:$A,MATCH(T19,ShipPartShape!$B:$B,0)),"-") -> - | W19: =IFERROR(INDEX(ShipPartShape!$A:$A,MATCH(V19,ShipPartShape!$B:$B,0)),"-") -> - | Y19: =IFERROR(INDEX(ShipPartShape!$A:$A,MATCH(X19,ShipPartShape!$B:$B,0)),"-") -> - | AA19: =IFERROR(INDEX(ShipPartShape!$A:$A,MATCH(Z19,ShipPartShape!$B:$B,0)),"-") -> - | AC19: =IFERROR(INDEX(ShipPartShape!$A:$A,MATCH(AB19,ShipPartShape!$B:$B,0)),"-") -> - | AE19: =IFERROR(INDEX(ShipPartShape!$A:$A,MATCH(AD19,ShipPartShape!$B:$B,0)),"-") -> - | AG19: =IFERROR(INDEX(ShipPartShape!$A:$A,MATCH(AF19,ShipPartShape!$B:$B,0)),"-") -> - | AH19: - | AI19: - | AJ19: - | AK19: - | AL19: - | AM19: - | AN19: - | AO19: - | AP19: - | AQ19: - | AR19: -
A20: =A19+1 -> 45000010 | B20: 바르카2_삼각 | C20: SK_Ship_Barca_Body | D20: 바르카3적백돛 | E20: 600 | F20: 50 | G20: =IFERROR(INDEX(ShipPartShape!$A:$A,MATCH(D20,ShipPartShape!$B:$B,0)),"-") -> 46000011 | H20: 충각_기본 | I20: =IFERROR(INDEX(ShipPartShape!$A:$A,MATCH(H20,ShipPartShape!$B:$B,0)),"-") -> 46200001 | J20: 대포_기본 | K20: =IFERROR(INDEX(ShipPartShape!$A:$A,MATCH(J20,ShipPartShape!$B:$B,0)),"-") -> 46300001 | L20: 램프_기본 | M20: =IFERROR(INDEX(ShipPartShape!$A:$A,MATCH(L20,ShipPartShape!$B:$B,0)),"-") -> 46700001 | N20: 닻 | O20: =IFERROR(INDEX(ShipPartShape!$A:$A,MATCH(N20,ShipPartShape!$B:$B,0)),"-") -> 46400001 | Q20: =IFERROR(INDEX(ShipPartShape!$A:$A,MATCH(P20,ShipPartShape!$B:$B,0)),"-") -> - | S20: =IFERROR(INDEX(ShipPartShape!$A:$A,MATCH(R20,ShipPartShape!$B:$B,0)),"-") -> - | U20: =IFERROR(INDEX(ShipPartShape!$A:$A,MATCH(T20,ShipPartShape!$B:$B,0)),"-") -> - | W20: =IFERROR(INDEX(ShipPartShape!$A:$A,MATCH(V20,ShipPartShape!$B:$B,0)),"-") -> - | Y20: =IFERROR(INDEX(ShipPartShape!$A:$A,MATCH(X20,ShipPartShape!$B:$B,0)),"-") -> - | AA20: =IFERROR(INDEX(ShipPartShape!$A:$A,MATCH(Z20,ShipPartShape!$B:$B,0)),"-") -> - | AC20: =IFERROR(INDEX(ShipPartShape!$A:$A,MATCH(AB20,ShipPartShape!$B:$B,0)),"-") -> - | AE20: =IFERROR(INDEX(ShipPartShape!$A:$A,MATCH(AD20,ShipPartShape!$B:$B,0)),"-") -> - | AG20: =IFERROR(INDEX(ShipPartShape!$A:$A,MATCH(AF20,ShipPartShape!$B:$B,0)),"-") -> - | AH20: - | AI20: - | AJ20: - | AK20: - | AL20: - | AM20: - | AN20: - | AO20: - | AP20: - | AQ20: - | AR20: -
A21: =A20+1 -> 45000011 | B21: 바르카3_삼각 | C21: SK_Ship_Barca_Body | D21: 바르카3적흑돛 | E21: 600 | F21: 50 | G21: =IFERROR(INDEX(ShipPartShape!$A:$A,MATCH(D21,ShipPartShape!$B:$B,0)),"-") -> 46000012 | H21: 충각_기본 | I21: =IFERROR(INDEX(ShipPartShape!$A:$A,MATCH(H21,ShipPartShape!$B:$B,0)),"-") -> 46200001 | J21: 대포_기본 | K21: =IFERROR(INDEX(ShipPartShape!$A:$A,MATCH(J21,ShipPartShape!$B:$B,0)),"-") -> 46300001 | L21: 램프_기본 | M21: =IFERROR(INDEX(ShipPartShape!$A:$A,MATCH(L21,ShipPartShape!$B:$B,0)),"-") -> 46700001 | O21: =IFERROR(INDEX(ShipPartShape!$A:$A,MATCH(N21,ShipPartShape!$B:$B,0)),"-") -> - | Q21: =IFERROR(INDEX(ShipPartShape!$A:$A,MATCH(P21,ShipPartShape!$B:$B,0)),"-") -> - | S21: =IFERROR(INDEX(ShipPartShape!$A:$A,MATCH(R21,ShipPartShape!$B:$B,0)),"-") -> - | U21: =IFERROR(INDEX(ShipPartShape!$A:$A,MATCH(T21,ShipPartShape!$B:$B,0)),"-") -> - | W21: =IFERROR(INDEX(ShipPartShape!$A:$A,MATCH(V21,ShipPartShape!$B:$B,0)),"-") -> - | Y21: =IFERROR(INDEX(ShipPartShape!$A:$A,MATCH(X21,ShipPartShape!$B:$B,0)),"-") -> - | AA21: =IFERROR(INDEX(ShipPartShape!$A:$A,MATCH(Z21,ShipPartShape!$B:$B,0)),"-") -> - | AC21: =IFERROR(INDEX(ShipPartShape!$A:$A,MATCH(AB21,ShipPartShape!$B:$B,0)),"-") -> - | AE21: =IFERROR(INDEX(ShipPartShape!$A:$A,MATCH(AD21,ShipPartShape!$B:$B,0)),"-") -> - | AG21: =IFERROR(INDEX(ShipPartShape!$A:$A,MATCH(AF21,ShipPartShape!$B:$B,0)),"-") -> - | AH21: - | AI21: - | AJ21: - | AK21: - | AL21: - | AM21: - | AN21: - | AO21: - | AP21: - | AQ21: - | AR21: -
A22: =A21+1 -> 45000012 | B22: 바르카_해적1_삼각 | C22: SK_Ship_Barca_Body | D22: 바르카3적흑돛_해골 | E22: 600 | F22: 50 | G22: =IFERROR(INDEX(ShipPartShape!$A:$A,MATCH(D22,ShipPartShape!$B:$B,0)),"-") -> 46000013 | H22: 충각_기본 | I22: =IFERROR(INDEX(ShipPartShape!$A:$A,MATCH(H22,ShipPartShape!$B:$B,0)),"-") -> 46200001 | J22: 대포_기본 | K22: =IFERROR(INDEX(ShipPartShape!$A:$A,MATCH(J22,ShipPartShape!$B:$B,0)),"-") -> 46300001 | L22: 램프_기본 | M22: =IFERROR(INDEX(ShipPartShape!$A:$A,MATCH(L22,ShipPartShape!$B:$B,0)),"-") -> 46700001 | O22: =IFERROR(INDEX(ShipPartShape!$A:$A,MATCH(N22,ShipPartShape!$B:$B,0)),"-") -> - | Q22: =IFERROR(INDEX(ShipPartShape!$A:$A,MATCH(P22,ShipPartShape!$B:$B,0)),"-") -> - | S22: =IFERROR(INDEX(ShipPartShape!$A:$A,MATCH(R22,ShipPartShape!$B:$B,0)),"-") -> - | U22: =IFERROR(INDEX(ShipPartShape!$A:$A,MATCH(T22,ShipPartShape!$B:$B,0)),"-") -> - | W22: =IFERROR(INDEX(ShipPartShape!$A:$A,MATCH(V22,ShipPartShape!$B:$B,0)),"-") -> - | Y22: =IFERROR(INDEX(ShipPartShape!$A:$A,MATCH(X22,ShipPartShape!$B:$B,0)),"-") -> - | AA22: =IFERROR(INDEX(ShipPartShape!$A:$A,MATCH(Z22,ShipPartShape!$B:$B,0)),"-") -> - | AC22: =IFERROR(INDEX(ShipPartShape!$A:$A,MATCH(AB22,ShipPartShape!$B:$B,0)),"-") -> - | AE22: =IFERROR(INDEX(ShipPartShape!$A:$A,MATCH(AD22,ShipPartShape!$B:$B,0)),"-") -> - | AG22: =IFERROR(INDEX(ShipPartShape!$A:$A,MATCH(AF22,ShipPartShape!$B:$B,0)),"-") -> - | AH22: - | AI22: - | AJ22: - | AK22: - | AL22: - | AM22: - | AN22: - | AO22: - | AP22: - | AQ22: - | AR22: -
A23: =A22+1 -> 45000013 | B23: 바르카_사각 | C23: SK_Ship_Barca_Body | D23: 바르카4흰색돛 | E23: 600 | F23: 50 | G23: =IFERROR(INDEX(ShipPartShape!$A:$A,MATCH(D23,ShipPartShape!$B:$B,0)),"-") -> 46000014 | H23: 램프_기본 | I23: =IFERROR(INDEX(ShipPartShape!$A:$A,MATCH(H23,ShipPartShape!$B:$B,0)),"-") -> 46700001 | K23: =IFERROR(INDEX(ShipPartShape!$A:$A,MATCH(J23,ShipPartShape!$B:$B,0)),"-") -> - | M23: =IFERROR(INDEX(ShipPartShape!$A:$A,MATCH(L23,ShipPartShape!$B:$B,0)),"-") -> - | O23: =IFERROR(INDEX(ShipPartShape!$A:$A,MATCH(N23,ShipPartShape!$B:$B,0)),"-") -> - | Q23: =IFERROR(INDEX(ShipPartShape!$A:$A,MATCH(P23,ShipPartShape!$B:$B,0)),"-") -> - | S23: =IFERROR(INDEX(ShipPartShape!$A:$A,MATCH(R23,ShipPartShape!$B:$B,0)),"-") -> - | U23: =IFERROR(INDEX(ShipPartShape!$A:$A,MATCH(T23,ShipPartShape!$B:$B,0)),"-") -> - | W23: =IFERROR(INDEX(ShipPartShape!$A:$A,MATCH(V23,ShipPartShape!$B:$B,0)),"-") -> - | Y23: =IFERROR(INDEX(ShipPartShape!$A:$A,MATCH(X23,ShipPartShape!$B:$B,0)),"-") -> - | AA23: =IFERROR(INDEX(ShipPartShape!$A:$A,MATCH(Z23,ShipPartShape!$B:$B,0)),"-") -> - | AC23: =IFERROR(INDEX(ShipPartShape!$A:$A,MATCH(AB23,ShipPartShape!$B:$B,0)),"-") -> - | AE23: =IFERROR(INDEX(ShipPartShape!$A:$A,MATCH(AD23,ShipPartShape!$B:$B,0)),"-") -> - | AG23: =IFERROR(INDEX(ShipPartShape!$A:$A,MATCH(AF23,ShipPartShape!$B:$B,0)),"-") -> - | AH23: - | AI23: - | AJ23: - | AK23: - | AL23: - | AM23: - | AN23: - | AO23: - | AP23: - | AQ23: - | AR23: -
A24: =A23+1 -> 45000014 | B24: 바르카_사각_적선 | C24: SK_Ship_Barca_Body | D24: 바르카4적색돛 | E24: 600 | F24: 50 | G24: =IFERROR(INDEX(ShipPartShape!$A:$A,MATCH(D24,ShipPartShape!$B:$B,0)),"-") -> 46000015 | H24: 대포_기본 | I24: =IFERROR(INDEX(ShipPartShape!$A:$A,MATCH(H24,ShipPartShape!$B:$B,0)),"-") -> 46300001 | J24: 램프_기본 | K24: =IFERROR(INDEX(ShipPartShape!$A:$A,MATCH(J24,ShipPartShape!$B:$B,0)),"-") -> 46700001 | M24: =IFERROR(INDEX(ShipPartShape!$A:$A,MATCH(L24,ShipPartShape!$B:$B,0)),"-") -> - | O24: =IFERROR(INDEX(ShipPartShape!$A:$A,MATCH(N24,ShipPartShape!$B:$B,0)),"-") -> - | Q24: =IFERROR(INDEX(ShipPartShape!$A:$A,MATCH(P24,ShipPartShape!$B:$B,0)),"-") -> - | S24: =IFERROR(INDEX(ShipPartShape!$A:$A,MATCH(R24,ShipPartShape!$B:$B,0)),"-") -> - | U24: =IFERROR(INDEX(ShipPartShape!$A:$A,MATCH(T24,ShipPartShape!$B:$B,0)),"-") -> - | W24: =IFERROR(INDEX(ShipPartShape!$A:$A,MATCH(V24,ShipPartShape!$B:$B,0)),"-") -> - | Y24: =IFERROR(INDEX(ShipPartShape!$A:$A,MATCH(X24,ShipPartShape!$B:$B,0)),"-") -> - | AA24: =IFERROR(INDEX(ShipPartShape!$A:$A,MATCH(Z24,ShipPartShape!$B:$B,0)),"-") -> - | AC24: =IFERROR(INDEX(ShipPartShape!$A:$A,MATCH(AB24,ShipPartShape!$B:$B,0)),"-") -> - | AE24: =IFERROR(INDEX(ShipPartShape!$A:$A,MATCH(AD24,ShipPartShape!$B:$B,0)),"-") -> - | AG24: =IFERROR(INDEX(ShipPartShape!$A:$A,MATCH(AF24,ShipPartShape!$B:$B,0)),"-") -> - | AH24: - | AI24: - | AJ24: - | AK24: - | AL24: - | AM24: - | AN24: - | AO24: - | AP24: - | AQ24: - | AR24: -
A25: =A24+1 -> 45000015 | B25: 바르카_사각_유령선 | C25: SK_Ship_Barca_Body | D25: 바르카4유령선돛 | E25: 600 | F25: 50 | G25: =IFERROR(INDEX(ShipPartShape!$A:$A,MATCH(D25,ShipPartShape!$B:$B,0)),"-") -> 46000016 | H25: 독수리상 | I25: =IFERROR(INDEX(ShipPartShape!$A:$A,MATCH(H25,ShipPartShape!$B:$B,0)),"-") -> 46100002 | J25: 충각_기본 | K25: =IFERROR(INDEX(ShipPartShape!$A:$A,MATCH(J25,ShipPartShape!$B:$B,0)),"-") -> 46200001 | L25: 대포_기본 | M25: =IFERROR(INDEX(ShipPartShape!$A:$A,MATCH(L25,ShipPartShape!$B:$B,0)),"-") -> 46300001 | O25: =IFERROR(INDEX(ShipPartShape!$A:$A,MATCH(N25,ShipPartShape!$B:$B,0)),"-") -> - | Q25: =IFERROR(INDEX(ShipPartShape!$A:$A,MATCH(P25,ShipPartShape!$B:$B,0)),"-") -> - | S25: =IFERROR(INDEX(ShipPartShape!$A:$A,MATCH(R25,ShipPartShape!$B:$B,0)),"-") -> - | U25: =IFERROR(INDEX(ShipPartShape!$A:$A,MATCH(T25,ShipPartShape!$B:$B,0)),"-") -> - | W25: =IFERROR(INDEX(ShipPartShape!$A:$A,MATCH(V25,ShipPartShape!$B:$B,0)),"-") -> - | Y25: =IFERROR(INDEX(ShipPartShape!$A:$A,MATCH(X25,ShipPartShape!$B:$B,0)),"-") -> - | AA25: =IFERROR(INDEX(ShipPartShape!$A:$A,MATCH(Z25,ShipPartShape!$B:$B,0)),"-") -> - | AC25: =IFERROR(INDEX(ShipPartShape!$A:$A,MATCH(AB25,ShipPartShape!$B:$B,0)),"-") -> - | AE25: =IFERROR(INDEX(ShipPartShape!$A:$A,MATCH(AD25,ShipPartShape!$B:$B,0)),"-") -> - | AG25: =IFERROR(INDEX(ShipPartShape!$A:$A,MATCH(AF25,ShipPartShape!$B:$B,0)),"-") -> - | AH25: - | AI25: - | AJ25: - | AK25: - | AL25: - | AM25: - | AN25: - | AO25: - | AP25: - | AQ25: - | AR25: -
A26: =A25+1 -> 45000016 | B26: 바르카_사각2 | C26: SK_Ship_Barca_Body | D26: 바르카4적백돛 | E26: 600 | F26: 50 | G26: =IFERROR(INDEX(ShipPartShape!$A:$A,MATCH(D26,ShipPartShape!$B:$B,0)),"-") -> 46000017 | H26: 충각_기본 | I26: =IFERROR(INDEX(ShipPartShape!$A:$A,MATCH(H26,ShipPartShape!$B:$B,0)),"-") -> 46200001 | J26: 대포_기본 | K26: =IFERROR(INDEX(ShipPartShape!$A:$A,MATCH(J26,ShipPartShape!$B:$B,0)),"-") -> 46300001 | L26: 램프_기본 | M26: =IFERROR(INDEX(ShipPartShape!$A:$A,MATCH(L26,ShipPartShape!$B:$B,0)),"-") -> 46700001 | O26: =IFERROR(INDEX(ShipPartShape!$A:$A,MATCH(N26,ShipPartShape!$B:$B,0)),"-") -> - | Q26: =IFERROR(INDEX(ShipPartShape!$A:$A,MATCH(P26,ShipPartShape!$B:$B,0)),"-") -> - | S26: =IFERROR(INDEX(ShipPartShape!$A:$A,MATCH(R26,ShipPartShape!$B:$B,0)),"-") -> - | U26: =IFERROR(INDEX(ShipPartShape!$A:$A,MATCH(T26,ShipPartShape!$B:$B,0)),"-") -> - | W26: =IFERROR(INDEX(ShipPartShape!$A:$A,MATCH(V26,ShipPartShape!$B:$B,0)),"-") -> - | Y26: =IFERROR(INDEX(ShipPartShape!$A:$A,MATCH(X26,ShipPartShape!$B:$B,0)),"-") -> - | AA26: =IFERROR(INDEX(ShipPartShape!$A:$A,MATCH(Z26,ShipPartShape!$B:$B,0)),"-") -> - | AC26: =IFERROR(INDEX(ShipPartShape!$A:$A,MATCH(AB26,ShipPartShape!$B:$B,0)),"-") -> - | AE26: =IFERROR(INDEX(ShipPartShape!$A:$A,MATCH(AD26,ShipPartShape!$B:$B,0)),"-") -> - | AG26: =IFERROR(INDEX(ShipPartShape!$A:$A,MATCH(AF26,ShipPartShape!$B:$B,0)),"-") -> - | AH26: - | AI26: - | AJ26: - | AK26: - | AL26: - | AM26: - | AN26: - | AO26: - | AP26: - | AQ26: - | AR26: -
A27: =A26+1 -> 45000017 | B27: 바르카_사각3 | C27: SK_Ship_Barca_Body | D27: 바르카4적흑돛 | E27: 600 | F27: 50 | G27: =IFERROR(INDEX(ShipPartShape!$A:$A,MATCH(D27,ShipPartShape!$B:$B,0)),"-") -> 46000018 | H27: 충각_기본 | I27: =IFERROR(INDEX(ShipPartShape!$A:$A,MATCH(H27,ShipPartShape!$B:$B,0)),"-") -> 46200001 | J27: 대포_기본 | K27: =IFERROR(INDEX(ShipPartShape!$A:$A,MATCH(J27,ShipPartShape!$B:$B,0)),"-") -> 46300001 | L27: 램프_기본 | M27: =IFERROR(INDEX(ShipPartShape!$A:$A,MATCH(L27,ShipPartShape!$B:$B,0)),"-") -> 46700001 | O27: =IFERROR(INDEX(ShipPartShape!$A:$A,MATCH(N27,ShipPartShape!$B:$B,0)),"-") -> - | Q27: =IFERROR(INDEX(ShipPartShape!$A:$A,MATCH(P27,ShipPartShape!$B:$B,0)),"-") -> - | S27: =IFERROR(INDEX(ShipPartShape!$A:$A,MATCH(R27,ShipPartShape!$B:$B,0)),"-") -> - | U27: =IFERROR(INDEX(ShipPartShape!$A:$A,MATCH(T27,ShipPartShape!$B:$B,0)),"-") -> - | W27: =IFERROR(INDEX(ShipPartShape!$A:$A,MATCH(V27,ShipPartShape!$B:$B,0)),"-") -> - | Y27: =IFERROR(INDEX(ShipPartShape!$A:$A,MATCH(X27,ShipPartShape!$B:$B,0)),"-") -> - | AA27: =IFERROR(INDEX(ShipPartShape!$A:$A,MATCH(Z27,ShipPartShape!$B:$B,0)),"-") -> - | AC27: =IFERROR(INDEX(ShipPartShape!$A:$A,MATCH(AB27,ShipPartShape!$B:$B,0)),"-") -> - | AE27: =IFERROR(INDEX(ShipPartShape!$A:$A,MATCH(AD27,ShipPartShape!$B:$B,0)),"-") -> - | AG27: =IFERROR(INDEX(ShipPartShape!$A:$A,MATCH(AF27,ShipPartShape!$B:$B,0)),"-") -> - | AH27: - | AI27: - | AJ27: - | AK27: - | AL27: - | AM27: - | AN27: - | AO27: - | AP27: - | AQ27: - | AR27: -
A28: =A27+1 -> 45000018 | B28: 바르카_사각_해적1 | C28: SK_Ship_Barca_Body | D28: 바르카4적흑돛_해골 | E28: 600 | F28: 50 | G28: =IFERROR(INDEX(ShipPartShape!$A:$A,MATCH(D28,ShipPartShape!$B:$B,0)),"-") -> 46000019 | H28: 충각_기본 | I28: =IFERROR(INDEX(ShipPartShape!$A:$A,MATCH(H28,ShipPartShape!$B:$B,0)),"-") -> 46200001 | J28: 대포_기본 | K28: =IFERROR(INDEX(ShipPartShape!$A:$A,MATCH(J28,ShipPartShape!$B:$B,0)),"-") -> 46300001 | L28: 램프_기본 | M28: =IFERROR(INDEX(ShipPartShape!$A:$A,MATCH(L28,ShipPartShape!$B:$B,0)),"-") -> 46700001 | O28: =IFERROR(INDEX(ShipPartShape!$A:$A,MATCH(N28,ShipPartShape!$B:$B,0)),"-") -> - | Q28: =IFERROR(INDEX(ShipPartShape!$A:$A,MATCH(P28,ShipPartShape!$B:$B,0)),"-") -> - | S28: =IFERROR(INDEX(ShipPartShape!$A:$A,MATCH(R28,ShipPartShape!$B:$B,0)),"-") -> - | U28: =IFERROR(INDEX(ShipPartShape!$A:$A,MATCH(T28,ShipPartShape!$B:$B,0)),"-") -> - | W28: =IFERROR(INDEX(ShipPartShape!$A:$A,MATCH(V28,ShipPartShape!$B:$B,0)),"-") -> - | Y28: =IFERROR(INDEX(ShipPartShape!$A:$A,MATCH(X28,ShipPartShape!$B:$B,0)),"-") -> - | AA28: =IFERROR(INDEX(ShipPartShape!$A:$A,MATCH(Z28,ShipPartShape!$B:$B,0)),"-") -> - | AC28: =IFERROR(INDEX(ShipPartShape!$A:$A,MATCH(AB28,ShipPartShape!$B:$B,0)),"-") -> - | AE28: =IFERROR(INDEX(ShipPartShape!$A:$A,MATCH(AD28,ShipPartShape!$B:$B,0)),"-") -> - | AG28: =IFERROR(INDEX(ShipPartShape!$A:$A,MATCH(AF28,ShipPartShape!$B:$B,0)),"-") -> - | AH28: - | AI28: - | AJ28: - | AK28: - | AL28: - | AM28: - | AN28: - | AO28: - | AP28: - | AQ28: - | AR28: -
A29: =A28+1 -> 45000019 | B29: 한자 코그 | C29: SK_Ship_HansaCog_Body | D29: 한자코그흰색돛 | E29: 600 | F29: 50 | G29: =IFERROR(INDEX(ShipPartShape!$A:$A,MATCH(D29,ShipPartShape!$B:$B,0)),"-") -> 46000020 | H29: 램프_기본 | I29: =IFERROR(INDEX(ShipPartShape!$A:$A,MATCH(H29,ShipPartShape!$B:$B,0)),"-") -> 46700001 | K29: =IFERROR(INDEX(ShipPartShape!$A:$A,MATCH(J29,ShipPartShape!$B:$B,0)),"-") -> - | M29: =IFERROR(INDEX(ShipPartShape!$A:$A,MATCH(L29,ShipPartShape!$B:$B,0)),"-") -> - | O29: =IFERROR(INDEX(ShipPartShape!$A:$A,MATCH(N29,ShipPartShape!$B:$B,0)),"-") -> - | Q29: =IFERROR(INDEX(ShipPartShape!$A:$A,MATCH(P29,ShipPartShape!$B:$B,0)),"-") -> - | R29: 선박외형장식_A | S29: =IFERROR(INDEX(ShipPartShape!$A:$A,MATCH(R29,ShipPartShape!$B:$B,0)),"-") -> 46600001 | T29: 선박외형장식_B | U29: =IFERROR(INDEX(ShipPartShape!$A:$A,MATCH(T29,ShipPartShape!$B:$B,0)),"-") -> 46600002 | V29: 선박외형장식_E | W29: =IFERROR(INDEX(ShipPartShape!$A:$A,MATCH(V29,ShipPartShape!$B:$B,0)),"-") -> 46600005 | X29: 선박외형장식_H | Y29: =IFERROR(INDEX(ShipPartShape!$A:$A,MATCH(X29,ShipPartShape!$B:$B,0)),"-") -> 46600008 | AA29: =IFERROR(INDEX(ShipPartShape!$A:$A,MATCH(Z29,ShipPartShape!$B:$B,0)),"-") -> - | AB29: 흰긴수염고래상 | AC29: =IFERROR(INDEX(ShipPartShape!$A:$A,MATCH(AB29,ShipPartShape!$B:$B,0)),"-") -> 46100021 | AE29: =IFERROR(INDEX(ShipPartShape!$A:$A,MATCH(AD29,ShipPartShape!$B:$B,0)),"-") -> - | AG29: =IFERROR(INDEX(ShipPartShape!$A:$A,MATCH(AF29,ShipPartShape!$B:$B,0)),"-") -> - | AH29: - | AI29: - | AJ29: - | AK29: - | AL29: - | AM29: - | AN29: - | AO29: - | AP29: - | AQ29: - | AR29: -
A30: =A29+1 -> 45000020 | B30: 한자 코그_적선 | C30: SK_Ship_HansaCog_Body | D30: 한자코그적색돛 | E30: 600 | F30: 50 | G30: =IFERROR(INDEX(ShipPartShape!$A:$A,MATCH(D30,ShipPartShape!$B:$B,0)),"-") -> 46000021 | H30: 대포_기본 | I30: =IFERROR(INDEX(ShipPartShape!$A:$A,MATCH(H30,ShipPartShape!$B:$B,0)),"-") -> 46300001 | J30: 램프_기본 | K30: =IFERROR(INDEX(ShipPartShape!$A:$A,MATCH(J30,ShipPartShape!$B:$B,0)),"-") -> 46700001 | M30: =IFERROR(INDEX(ShipPartShape!$A:$A,MATCH(L30,ShipPartShape!$B:$B,0)),"-") -> - | O30: =IFERROR(INDEX(ShipPartShape!$A:$A,MATCH(N30,ShipPartShape!$B:$B,0)),"-") -> - | Q30: =IFERROR(INDEX(ShipPartShape!$A:$A,MATCH(P30,ShipPartShape!$B:$B,0)),"-") -> - | S30: =IFERROR(INDEX(ShipPartShape!$A:$A,MATCH(R30,ShipPartShape!$B:$B,0)),"-") -> - | U30: =IFERROR(INDEX(ShipPartShape!$A:$A,MATCH(T30,ShipPartShape!$B:$B,0)),"-") -> - | W30: =IFERROR(INDEX(ShipPartShape!$A:$A,MATCH(V30,ShipPartShape!$B:$B,0)),"-") -> - | Y30: =IFERROR(INDEX(ShipPartShape!$A:$A,MATCH(X30,ShipPartShape!$B:$B,0)),"-") -> - | AA30: =IFERROR(INDEX(ShipPartShape!$A:$A,MATCH(Z30,ShipPartShape!$B:$B,0)),"-") -> - | AC30: =IFERROR(INDEX(ShipPartShape!$A:$A,MATCH(AB30,ShipPartShape!$B:$B,0)),"-") -> - | AE30: =IFERROR(INDEX(ShipPartShape!$A:$A,MATCH(AD30,ShipPartShape!$B:$B,0)),"-") -> - | AG30: =IFERROR(INDEX(ShipPartShape!$A:$A,MATCH(AF30,ShipPartShape!$B:$B,0)),"-") -> - | AH30: - | AI30: - | AJ30: - | AK30: - | AL30: - | AM30: - | AN30: - | AO30: - | AP30: - | AQ30: - | AR30: -
A31: =A30+1 -> 45000021 | B31: 한자 코그_유령선 | C31: SK_Ship_HansaCog_Body | D31: 한자코그유령선돛 | E31: 600 | F31: 50 | G31: =IFERROR(INDEX(ShipPartShape!$A:$A,MATCH(D31,ShipPartShape!$B:$B,0)),"-") -> 46000022 | H31: 독수리상 | I31: =IFERROR(INDEX(ShipPartShape!$A:$A,MATCH(H31,ShipPartShape!$B:$B,0)),"-") -> 46100002 | J31: 충각_기본 | K31: =IFERROR(INDEX(ShipPartShape!$A:$A,MATCH(J31,ShipPartShape!$B:$B,0)),"-") -> 46200001 | L31: 대포_기본 | M31: =IFERROR(INDEX(ShipPartShape!$A:$A,MATCH(L31,ShipPartShape!$B:$B,0)),"-") -> 46300001 | O31: =IFERROR(INDEX(ShipPartShape!$A:$A,MATCH(N31,ShipPartShape!$B:$B,0)),"-") -> - | Q31: =IFERROR(INDEX(ShipPartShape!$A:$A,MATCH(P31,ShipPartShape!$B:$B,0)),"-") -> - | S31: =IFERROR(INDEX(ShipPartShape!$A:$A,MATCH(R31,ShipPartShape!$B:$B,0)),"-") -> - | U31: =IFERROR(INDEX(ShipPartShape!$A:$A,MATCH(T31,ShipPartShape!$B:$B,0)),"-") -> - | W31: =IFERROR(INDEX(ShipPartShape!$A:$A,MATCH(V31,ShipPartShape!$B:$B,0)),"-") -> - | Y31: =IFERROR(INDEX(ShipPartShape!$A:$A,MATCH(X31,ShipPartShape!$B:$B,0)),"-") -> - | AA31: =IFERROR(INDEX(ShipPartShape!$A:$A,MATCH(Z31,ShipPartShape!$B:$B,0)),"-") -> - | AC31: =IFERROR(INDEX(ShipPartShape!$A:$A,MATCH(AB31,ShipPartShape!$B:$B,0)),"-") -> - | AE31: =IFERROR(INDEX(ShipPartShape!$A:$A,MATCH(AD31,ShipPartShape!$B:$B,0)),"-") -> - | AG31: =IFERROR(INDEX(ShipPartShape!$A:$A,MATCH(AF31,ShipPartShape!$B:$B,0)),"-") -> - | AH31: - | AI31: - | AJ31: - | AK31: - | AL31: - | AM31: - | AN31: - | AO31: - | AP31: - | AQ31: - | AR31: -
A32: =A31+1 -> 45000022 | B32: 한자 코그2 | C32: SK_Ship_HansaCog_Body | D32: 한자코그적백돛 | E32: 600 | F32: 50 | G32: =IFERROR(INDEX(ShipPartShape!$A:$A,MATCH(D32,ShipPartShape!$B:$B,0)),"-") -> 46000023 | H32: 충각_기본 | I32: =IFERROR(INDEX(ShipPartShape!$A:$A,MATCH(H32,ShipPartShape!$B:$B,0)),"-") -> 46200001 | J32: 대포_기본 | K32: =IFERROR(INDEX(ShipPartShape!$A:$A,MATCH(J32,ShipPartShape!$B:$B,0)),"-") -> 46300001 | L32: 램프_기본 | M32: =IFERROR(INDEX(ShipPartShape!$A:$A,MATCH(L32,ShipPartShape!$B:$B,0)),"-") -> 46700001 | O32: =IFERROR(INDEX(ShipPartShape!$A:$A,MATCH(N32,ShipPartShape!$B:$B,0)),"-") -> - | Q32: =IFERROR(INDEX(ShipPartShape!$A:$A,MATCH(P32,ShipPartShape!$B:$B,0)),"-") -> - | S32: =IFERROR(INDEX(ShipPartShape!$A:$A,MATCH(R32,ShipPartShape!$B:$B,0)),"-") -> - | U32: =IFERROR(INDEX(ShipPartShape!$A:$A,MATCH(T32,ShipPartShape!$B:$B,0)),"-") -> - | W32: =IFERROR(INDEX(ShipPartShape!$A:$A,MATCH(V32,ShipPartShape!$B:$B,0)),"-") -> - | Y32: =IFERROR(INDEX(ShipPartShape!$A:$A,MATCH(X32,ShipPartShape!$B:$B,0)),"-") -> - | AA32: =IFERROR(INDEX(ShipPartShape!$A:$A,MATCH(Z32,ShipPartShape!$B:$B,0)),"-") -> - | AC32: =IFERROR(INDEX(ShipPartShape!$A:$A,MATCH(AB32,ShipPartShape!$B:$B,0)),"-") -> - | AE32: =IFERROR(INDEX(ShipPartShape!$A:$A,MATCH(AD32,ShipPartShape!$B:$B,0)),"-") -> - | AG32: =IFERROR(INDEX(ShipPartShape!$A:$A,MATCH(AF32,ShipPartShape!$B:$B,0)),"-") -> - | AH32: - | AI32: - | AJ32: - | AK32: - | AL32: - | AM32: - | AN32: - | AO32: - | AP32: - | AQ32: - | AR32: -
A33: =A32+1 -> 45000023 | B33: 한자 코그3 | C33: SK_Ship_HansaCog_Body | D33: 한자코그적흑돛 | E33: 600 | F33: 50 | G33: =IFERROR(INDEX(ShipPartShape!$A:$A,MATCH(D33,ShipPartShape!$B:$B,0)),"-") -> 46000024 | H33: 충각_기본 | I33: =IFERROR(INDEX(ShipPartShape!$A:$A,MATCH(H33,ShipPartShape!$B:$B,0)),"-") -> 46200001 | J33: 대포_기본 | K33: =IFERROR(INDEX(ShipPartShape!$A:$A,MATCH(J33,ShipPartShape!$B:$B,0)),"-") -> 46300001 | L33: 램프_기본 | M33: =IFERROR(INDEX(ShipPartShape!$A:$A,MATCH(L33,ShipPartShape!$B:$B,0)),"-") -> 46700001 | O33: =IFERROR(INDEX(ShipPartShape!$A:$A,MATCH(N33,ShipPartShape!$B:$B,0)),"-") -> - | Q33: =IFERROR(INDEX(ShipPartShape!$A:$A,MATCH(P33,ShipPartShape!$B:$B,0)),"-") -> - | S33: =IFERROR(INDEX(ShipPartShape!$A:$A,MATCH(R33,ShipPartShape!$B:$B,0)),"-") -> - | U33: =IFERROR(INDEX(ShipPartShape!$A:$A,MATCH(T33,ShipPartShape!$B:$B,0)),"-") -> - | W33: =IFERROR(INDEX(ShipPartShape!$A:$A,MATCH(V33,ShipPartShape!$B:$B,0)),"-") -> - | Y33: =IFERROR(INDEX(ShipPartShape!$A:$A,MATCH(X33,ShipPartShape!$B:$B,0)),"-") -> - | AA33: =IFERROR(INDEX(ShipPartShape!$A:$A,MATCH(Z33,ShipPartShape!$B:$B,0)),"-") -> - | AC33: =IFERROR(INDEX(ShipPartShape!$A:$A,MATCH(AB33,ShipPartShape!$B:$B,0)),"-") -> - | AE33: =IFERROR(INDEX(ShipPartShape!$A:$A,MATCH(AD33,ShipPartShape!$B:$B,0)),"-") -> - | AG33: =IFERROR(INDEX(ShipPartShape!$A:$A,MATCH(AF33,ShipPartShape!$B:$B,0)),"-") -> - | AH33: - | AI33: - | AJ33: - | AK33: - | AL33: - | AM33: - | AN33: - | AO33: - | AP33: - | AQ33: - | AR33: -
A34: =A33+1 -> 45000024 | B34: 한자코그_해적1 | C34: SK_Ship_HansaCog_Body | D34: 한자코그적흑돛_해골 | E34: 600 | F34: 50 | G34: =IFERROR(INDEX(ShipPartShape!$A:$A,MATCH(D34,ShipPartShape!$B:$B,0)),"-") -> 46000025 | H34: 충각_기본 | I34: =IFERROR(INDEX(ShipPartShape!$A:$A,MATCH(H34,ShipPartShape!$B:$B,0)),"-") -> 46200001 | J34: 대포_기본 | K34: =IFERROR(INDEX(ShipPartShape!$A:$A,MATCH(J34,ShipPartShape!$B:$B,0)),"-") -> 46300001 | L34: 램프_기본 | M34: =IFERROR(INDEX(ShipPartShape!$A:$A,MATCH(L34,ShipPartShape!$B:$B,0)),"-") -> 46700001 | O34: =IFERROR(INDEX(ShipPartShape!$A:$A,MATCH(N34,ShipPartShape!$B:$B,0)),"-") -> - | Q34: =IFERROR(INDEX(ShipPartShape!$A:$A,MATCH(P34,ShipPartShape!$B:$B,0)),"-") -> - | S34: =IFERROR(INDEX(ShipPartShape!$A:$A,MATCH(R34,ShipPartShape!$B:$B,0)),"-") -> - | U34: =IFERROR(INDEX(ShipPartShape!$A:$A,MATCH(T34,ShipPartShape!$B:$B,0)),"-") -> - | W34: =IFERROR(INDEX(ShipPartShape!$A:$A,MATCH(V34,ShipPartShape!$B:$B,0)),"-") -> - | Y34: =IFERROR(INDEX(ShipPartShape!$A:$A,MATCH(X34,ShipPartShape!$B:$B,0)),"-") -> - | AA34: =IFERROR(INDEX(ShipPartShape!$A:$A,MATCH(Z34,ShipPartShape!$B:$B,0)),"-") -> - | AC34: =IFERROR(INDEX(ShipPartShape!$A:$A,MATCH(AB34,ShipPartShape!$B:$B,0)),"-") -> - | AE34: =IFERROR(INDEX(ShipPartShape!$A:$A,MATCH(AD34,ShipPartShape!$B:$B,0)),"-") -> - | AG34: =IFERROR(INDEX(ShipPartShape!$A:$A,MATCH(AF34,ShipPartShape!$B:$B,0)),"-") -> - | AH34: - | AI34: - | AJ34: - | AK34: - | AL34: - | AM34: - | AN34: - | AO34: - | AP34: - | AQ34: - | AR34: -
A35: =A34+1 -> 45000025 | B35: 코그 라티나 | C35: SK_Ship_CogBig_Body | D35: 코그레티나흰색돛 | E35: 600 | F35: 50 | G35: =IFERROR(INDEX(ShipPartShape!$A:$A,MATCH(D35,ShipPartShape!$B:$B,0)),"-") -> 46000026 | H35: 램프_기본 | I35: =IFERROR(INDEX(ShipPartShape!$A:$A,MATCH(H35,ShipPartShape!$B:$B,0)),"-") -> 46700001 | K35: =IFERROR(INDEX(ShipPartShape!$A:$A,MATCH(J35,ShipPartShape!$B:$B,0)),"-") -> - | M35: =IFERROR(INDEX(ShipPartShape!$A:$A,MATCH(L35,ShipPartShape!$B:$B,0)),"-") -> - | O35: =IFERROR(INDEX(ShipPartShape!$A:$A,MATCH(N35,ShipPartShape!$B:$B,0)),"-") -> - | Q35: =IFERROR(INDEX(ShipPartShape!$A:$A,MATCH(P35,ShipPartShape!$B:$B,0)),"-") -> - | R35: 선박외형장식_B | S35: =IFERROR(INDEX(ShipPartShape!$A:$A,MATCH(R35,ShipPartShape!$B:$B,0)),"-") -> 46600002 | T35: 선박외형장식_D | U35: =IFERROR(INDEX(ShipPartShape!$A:$A,MATCH(T35,ShipPartShape!$B:$B,0)),"-") -> 46600004 | V35: 선박외형장식_I | W35: =IFERROR(INDEX(ShipPartShape!$A:$A,MATCH(V35,ShipPartShape!$B:$B,0)),"-") -> 46600009 | X35: 선박외형장식_G | Y35: =IFERROR(INDEX(ShipPartShape!$A:$A,MATCH(X35,ShipPartShape!$B:$B,0)),"-") -> 46600007 | AA35: =IFERROR(INDEX(ShipPartShape!$A:$A,MATCH(Z35,ShipPartShape!$B:$B,0)),"-") -> - | AB35: 듀공상 | AC35: =IFERROR(INDEX(ShipPartShape!$A:$A,MATCH(AB35,ShipPartShape!$B:$B,0)),"-") -> 46100022 | AE35: =IFERROR(INDEX(ShipPartShape!$A:$A,MATCH(AD35,ShipPartShape!$B:$B,0)),"-") -> - | AG35: =IFERROR(INDEX(ShipPartShape!$A:$A,MATCH(AF35,ShipPartShape!$B:$B,0)),"-") -> - | AH35: - | AI35: - | AJ35: - | AK35: - | AL35: - | AM35: - | AN35: - | AO35: - | AP35: - | AQ35: - | AR35: -
A36: =A35+1 -> 45000026 | B36: 코그 라티나_적선 | C36: SK_Ship_CogBig_Body | D36: 코그레티나적색돛 | E36: 600 | F36: 50 | G36: =IFERROR(INDEX(ShipPartShape!$A:$A,MATCH(D36,ShipPartShape!$B:$B,0)),"-") -> 46000027 | H36: 대포_기본 | I36: =IFERROR(INDEX(ShipPartShape!$A:$A,MATCH(H36,ShipPartShape!$B:$B,0)),"-") -> 46300001 | J36: 램프_기본 | K36: =IFERROR(INDEX(ShipPartShape!$A:$A,MATCH(J36,ShipPartShape!$B:$B,0)),"-") -> 46700001 | M36: =IFERROR(INDEX(ShipPartShape!$A:$A,MATCH(L36,ShipPartShape!$B:$B,0)),"-") -> - | O36: =IFERROR(INDEX(ShipPartShape!$A:$A,MATCH(N36,ShipPartShape!$B:$B,0)),"-") -> - | Q36: =IFERROR(INDEX(ShipPartShape!$A:$A,MATCH(P36,ShipPartShape!$B:$B,0)),"-") -> - | S36: =IFERROR(INDEX(ShipPartShape!$A:$A,MATCH(R36,ShipPartShape!$B:$B,0)),"-") -> - | U36: =IFERROR(INDEX(ShipPartShape!$A:$A,MATCH(T36,ShipPartShape!$B:$B,0)),"-") -> - | W36: =IFERROR(INDEX(ShipPartShape!$A:$A,MATCH(V36,ShipPartShape!$B:$B,0)),"-") -> - | Y36: =IFERROR(INDEX(ShipPartShape!$A:$A,MATCH(X36,ShipPartShape!$B:$B,0)),"-") -> - | AA36: =IFERROR(INDEX(ShipPartShape!$A:$A,MATCH(Z36,ShipPartShape!$B:$B,0)),"-") -> - | AC36: =IFERROR(INDEX(ShipPartShape!$A:$A,MATCH(AB36,ShipPartShape!$B:$B,0)),"-") -> - | AE36: =IFERROR(INDEX(ShipPartShape!$A:$A,MATCH(AD36,ShipPartShape!$B:$B,0)),"-") -> - | AG36: =IFERROR(INDEX(ShipPartShape!$A:$A,MATCH(AF36,ShipPartShape!$B:$B,0)),"-") -> - | AH36: - | AI36: - | AJ36: - | AK36: - | AL36: - | AM36: - | AN36: - | AO36: - | AP36: - | AQ36: - | AR36: -
A37: =A36+1 -> 45000027 | B37: 코그 라티나_유령선 | C37: SK_Ship_CogBig_Body | D37: 코그레티나유령선돛 | E37: 600 | F37: 50 | G37: =IFERROR(INDEX(ShipPartShape!$A:$A,MATCH(D37,ShipPartShape!$B:$B,0)),"-") -> 46000028 | H37: 독수리상 | I37: =IFERROR(INDEX(ShipPartShape!$A:$A,MATCH(H37,ShipPartShape!$B:$B,0)),"-") -> 46100002 | J37: 충각_기본 | K37: =IFERROR(INDEX(ShipPartShape!$A:$A,MATCH(J37,ShipPartShape!$B:$B,0)),"-") -> 46200001 | L37: 대포_기본 | M37: =IFERROR(INDEX(ShipPartShape!$A:$A,MATCH(L37,ShipPartShape!$B:$B,0)),"-") -> 46300001 | O37: =IFERROR(INDEX(ShipPartShape!$A:$A,MATCH(N37,ShipPartShape!$B:$B,0)),"-") -> - | Q37: =IFERROR(INDEX(ShipPartShape!$A:$A,MATCH(P37,ShipPartShape!$B:$B,0)),"-") -> - | S37: =IFERROR(INDEX(ShipPartShape!$A:$A,MATCH(R37,ShipPartShape!$B:$B,0)),"-") -> - | U37: =IFERROR(INDEX(ShipPartShape!$A:$A,MATCH(T37,ShipPartShape!$B:$B,0)),"-") -> - | W37: =IFERROR(INDEX(ShipPartShape!$A:$A,MATCH(V37,ShipPartShape!$B:$B,0)),"-") -> - | Y37: =IFERROR(INDEX(ShipPartShape!$A:$A,MATCH(X37,ShipPartShape!$B:$B,0)),"-") -> - | AA37: =IFERROR(INDEX(ShipPartShape!$A:$A,MATCH(Z37,ShipPartShape!$B:$B,0)),"-") -> - | AC37: =IFERROR(INDEX(ShipPartShape!$A:$A,MATCH(AB37,ShipPartShape!$B:$B,0)),"-") -> - | AE37: =IFERROR(INDEX(ShipPartShape!$A:$A,MATCH(AD37,ShipPartShape!$B:$B,0)),"-") -> - | AG37: =IFERROR(INDEX(ShipPartShape!$A:$A,MATCH(AF37,ShipPartShape!$B:$B,0)),"-") -> - | AH37: - | AI37: - | AJ37: - | AK37: - | AL37: - | AM37: - | AN37: - | AO37: - | AP37: - | AQ37: - | AR37: -
A38: =A37+1 -> 45000028 | B38: 코그 라티나2 | C38: SK_Ship_CogBig_Body | D38: 코그레티나적백돛 | E38: 600 | F38: 50 | G38: =IFERROR(INDEX(ShipPartShape!$A:$A,MATCH(D38,ShipPartShape!$B:$B,0)),"-") -> 46000029 | H38: 충각_기본 | I38: =IFERROR(INDEX(ShipPartShape!$A:$A,MATCH(H38,ShipPartShape!$B:$B,0)),"-") -> 46200001 | J38: 대포_기본 | K38: =IFERROR(INDEX(ShipPartShape!$A:$A,MATCH(J38,ShipPartShape!$B:$B,0)),"-") -> 46300001 | L38: 램프_기본 | M38: =IFERROR(INDEX(ShipPartShape!$A:$A,MATCH(L38,ShipPartShape!$B:$B,0)),"-") -> 46700001 | O38: =IFERROR(INDEX(ShipPartShape!$A:$A,MATCH(N38,ShipPartShape!$B:$B,0)),"-") -> - | Q38: =IFERROR(INDEX(ShipPartShape!$A:$A,MATCH(P38,ShipPartShape!$B:$B,0)),"-") -> - | S38: =IFERROR(INDEX(ShipPartShape!$A:$A,MATCH(R38,ShipPartShape!$B:$B,0)),"-") -> - | U38: =IFERROR(INDEX(ShipPartShape!$A:$A,MATCH(T38,ShipPartShape!$B:$B,0)),"-") -> - | W38: =IFERROR(INDEX(ShipPartShape!$A:$A,MATCH(V38,ShipPartShape!$B:$B,0)),"-") -> - | Y38: =IFERROR(INDEX(ShipPartShape!$A:$A,MATCH(X38,ShipPartShape!$B:$B,0)),"-") -> - | AA38: =IFERROR(INDEX(ShipPartShape!$A:$A,MATCH(Z38,ShipPartShape!$B:$B,0)),"-") -> - | AC38: =IFERROR(INDEX(ShipPartShape!$A:$A,MATCH(AB38,ShipPartShape!$B:$B,0)),"-") -> - | AE38: =IFERROR(INDEX(ShipPartShape!$A:$A,MATCH(AD38,ShipPartShape!$B:$B,0)),"-") -> - | AG38: =IFERROR(INDEX(ShipPartShape!$A:$A,MATCH(AF38,ShipPartShape!$B:$B,0)),"-") -> - | AH38: - | AI38: - | AJ38: - | AK38: - | AL38: - | AM38: - | AN38: - | AO38: - | AP38: - | AQ38: - | AR38: -
A39: =A38+1 -> 45000029 | B39: 코그 라티나3 | C39: SK_Ship_CogBig_Body | D39: 코그레티나적흑돛 | E39: 600 | F39: 50 | G39: =IFERROR(INDEX(ShipPartShape!$A:$A,MATCH(D39,ShipPartShape!$B:$B,0)),"-") -> 46000030 | H39: 충각_기본 | I39: =IFERROR(INDEX(ShipPartShape!$A:$A,MATCH(H39,ShipPartShape!$B:$B,0)),"-") -> 46200001 | J39: 대포_기본 | K39: =IFERROR(INDEX(ShipPartShape!$A:$A,MATCH(J39,ShipPartShape!$B:$B,0)),"-") -> 46300001 | L39: 램프_기본 | M39: =IFERROR(INDEX(ShipPartShape!$A:$A,MATCH(L39,ShipPartShape!$B:$B,0)),"-") -> 46700001 | O39: =IFERROR(INDEX(ShipPartShape!$A:$A,MATCH(N39,ShipPartShape!$B:$B,0)),"-") -> - | Q39: =IFERROR(INDEX(ShipPartShape!$A:$A,MATCH(P39,ShipPartShape!$B:$B,0)),"-") -> - | S39: =IFERROR(INDEX(ShipPartShape!$A:$A,MATCH(R39,ShipPartShape!$B:$B,0)),"-") -> - | U39: =IFERROR(INDEX(ShipPartShape!$A:$A,MATCH(T39,ShipPartShape!$B:$B,0)),"-") -> - | W39: =IFERROR(INDEX(ShipPartShape!$A:$A,MATCH(V39,ShipPartShape!$B:$B,0)),"-") -> - | Y39: =IFERROR(INDEX(ShipPartShape!$A:$A,MATCH(X39,ShipPartShape!$B:$B,0)),"-") -> - | AA39: =IFERROR(INDEX(ShipPartShape!$A:$A,MATCH(Z39,ShipPartShape!$B:$B,0)),"-") -> - | AC39: =IFERROR(INDEX(ShipPartShape!$A:$A,MATCH(AB39,ShipPartShape!$B:$B,0)),"-") -> - | AE39: =IFERROR(INDEX(ShipPartShape!$A:$A,MATCH(AD39,ShipPartShape!$B:$B,0)),"-") -> - | AG39: =IFERROR(INDEX(ShipPartShape!$A:$A,MATCH(AF39,ShipPartShape!$B:$B,0)),"-") -> - | AH39: - | AI39: - | AJ39: - | AK39: - | AL39: - | AM39: - | AN39: - | AO39: - | AP39: - | AQ39: - | AR39: -
A40: =A39+1 -> 45000030 | B40: 코그 라티나_해적1 | C40: SK_Ship_CogBig_Body | D40: 코그레티나적흑돛_해골 | E40: 600 | F40: 50 | G40: =IFERROR(INDEX(ShipPartShape!$A:$A,MATCH(D40,ShipPartShape!$B:$B,0)),"-") -> 46000031 | H40: 충각_기본 | I40: =IFERROR(INDEX(ShipPartShape!$A:$A,MATCH(H40,ShipPartShape!$B:$B,0)),"-") -> 46200001 | J40: 대포_기본 | K40: =IFERROR(INDEX(ShipPartShape!$A:$A,MATCH(J40,ShipPartShape!$B:$B,0)),"-") -> 46300001 | L40: 램프_기본 | M40: =IFERROR(INDEX(ShipPartShape!$A:$A,MATCH(L40,ShipPartShape!$B:$B,0)),"-") -> 46700001 | O40: =IFERROR(INDEX(ShipPartShape!$A:$A,MATCH(N40,ShipPartShape!$B:$B,0)),"-") -> - | Q40: =IFERROR(INDEX(ShipPartShape!$A:$A,MATCH(P40,ShipPartShape!$B:$B,0)),"-") -> - | S40: =IFERROR(INDEX(ShipPartShape!$A:$A,MATCH(R40,ShipPartShape!$B:$B,0)),"-") -> - | U40: =IFERROR(INDEX(ShipPartShape!$A:$A,MATCH(T40,ShipPartShape!$B:$B,0)),"-") -> - | W40: =IFERROR(INDEX(ShipPartShape!$A:$A,MATCH(V40,ShipPartShape!$B:$B,0)),"-") -> - | Y40: =IFERROR(INDEX(ShipPartShape!$A:$A,MATCH(X40,ShipPartShape!$B:$B,0)),"-") -> - | AA40: =IFERROR(INDEX(ShipPartShape!$A:$A,MATCH(Z40,ShipPartShape!$B:$B,0)),"-") -> - | AC40: =IFERROR(INDEX(ShipPartShape!$A:$A,MATCH(AB40,ShipPartShape!$B:$B,0)),"-") -> - | AE40: =IFERROR(INDEX(ShipPartShape!$A:$A,MATCH(AD40,ShipPartShape!$B:$B,0)),"-") -> - | AG40: =IFERROR(INDEX(ShipPartShape!$A:$A,MATCH(AF40,ShipPartShape!$B:$B,0)),"-") -> - | AH40: - | AI40: - | AJ40: - | AK40: - | AL40: - | AM40: - | AN40: - | AO40: - | AP40: - | AQ40: - | AR40: -
A41: =A40+1 -> 45000031 | B41: 코그 레돈다 | C41: SK_Ship_CogBig_Body | D41: 코그레돈다흰색돛 | E41: 600 | F41: 50 | G41: =IFERROR(INDEX(ShipPartShape!$A:$A,MATCH(D41,ShipPartShape!$B:$B,0)),"-") -> 46000032 | H41: 램프_기본 | I41: =IFERROR(INDEX(ShipPartShape!$A:$A,MATCH(H41,ShipPartShape!$B:$B,0)),"-") -> 46700001 | K41: =IFERROR(INDEX(ShipPartShape!$A:$A,MATCH(J41,ShipPartShape!$B:$B,0)),"-") -> - | M41: =IFERROR(INDEX(ShipPartShape!$A:$A,MATCH(L41,ShipPartShape!$B:$B,0)),"-") -> - | O41: =IFERROR(INDEX(ShipPartShape!$A:$A,MATCH(N41,ShipPartShape!$B:$B,0)),"-") -> - | Q41: =IFERROR(INDEX(ShipPartShape!$A:$A,MATCH(P41,ShipPartShape!$B:$B,0)),"-") -> - | R41: 선박외형장식_B | S41: =IFERROR(INDEX(ShipPartShape!$A:$A,MATCH(R41,ShipPartShape!$B:$B,0)),"-") -> 46600002 | T41: 선박외형장식_D | U41: =IFERROR(INDEX(ShipPartShape!$A:$A,MATCH(T41,ShipPartShape!$B:$B,0)),"-") -> 46600004 | V41: 선박외형장식_I | W41: =IFERROR(INDEX(ShipPartShape!$A:$A,MATCH(V41,ShipPartShape!$B:$B,0)),"-") -> 46600009 | X41: 선박외형장식_G | Y41: =IFERROR(INDEX(ShipPartShape!$A:$A,MATCH(X41,ShipPartShape!$B:$B,0)),"-") -> 46600007 | AA41: =IFERROR(INDEX(ShipPartShape!$A:$A,MATCH(Z41,ShipPartShape!$B:$B,0)),"-") -> - | AB41: 용머리 선수상 | AC41: =IFERROR(INDEX(ShipPartShape!$A:$A,MATCH(AB41,ShipPartShape!$B:$B,0)),"-") -> 46100023 | AE41: =IFERROR(INDEX(ShipPartShape!$A:$A,MATCH(AD41,ShipPartShape!$B:$B,0)),"-") -> - | AG41: =IFERROR(INDEX(ShipPartShape!$A:$A,MATCH(AF41,ShipPartShape!$B:$B,0)),"-") -> - | AH41: - | AI41: - | AJ41: - | AK41: - | AL41: - | AM41: - | AN41: - | AO41: - | AP41: - | AQ41: - | AR41: -
A42: =A41+1 -> 45000032 | B42: 코그 레돈다_적선 | C42: SK_Ship_CogBig_Body | D42: 코그레돈다적색돛 | E42: 600 | F42: 50 | G42: =IFERROR(INDEX(ShipPartShape!$A:$A,MATCH(D42,ShipPartShape!$B:$B,0)),"-") -> 46000033 | H42: 대포_기본 | I42: =IFERROR(INDEX(ShipPartShape!$A:$A,MATCH(H42,ShipPartShape!$B:$B,0)),"-") -> 46300001 | J42: 램프_기본 | K42: =IFERROR(INDEX(ShipPartShape!$A:$A,MATCH(J42,ShipPartShape!$B:$B,0)),"-") -> 46700001 | M42: =IFERROR(INDEX(ShipPartShape!$A:$A,MATCH(L42,ShipPartShape!$B:$B,0)),"-") -> - | O42: =IFERROR(INDEX(ShipPartShape!$A:$A,MATCH(N42,ShipPartShape!$B:$B,0)),"-") -> - | Q42: =IFERROR(INDEX(ShipPartShape!$A:$A,MATCH(P42,ShipPartShape!$B:$B,0)),"-") -> - | S42: =IFERROR(INDEX(ShipPartShape!$A:$A,MATCH(R42,ShipPartShape!$B:$B,0)),"-") -> - | U42: =IFERROR(INDEX(ShipPartShape!$A:$A,MATCH(T42,ShipPartShape!$B:$B,0)),"-") -> - | W42: =IFERROR(INDEX(ShipPartShape!$A:$A,MATCH(V42,ShipPartShape!$B:$B,0)),"-") -> - | Y42: =IFERROR(INDEX(ShipPartShape!$A:$A,MATCH(X42,ShipPartShape!$B:$B,0)),"-") -> - | AA42: =IFERROR(INDEX(ShipPartShape!$A:$A,MATCH(Z42,ShipPartShape!$B:$B,0)),"-") -> - | AC42: =IFERROR(INDEX(ShipPartShape!$A:$A,MATCH(AB42,ShipPartShape!$B:$B,0)),"-") -> - | AE42: =IFERROR(INDEX(ShipPartShape!$A:$A,MATCH(AD42,ShipPartShape!$B:$B,0)),"-") -> - | AG42: =IFERROR(INDEX(ShipPartShape!$A:$A,MATCH(AF42,ShipPartShape!$B:$B,0)),"-") -> - | AH42: - | AI42: - | AJ42: - | AK42: - | AL42: - | AM42: - | AN42: - | AO42: - | AP42: - | AQ42: - | AR42: -
A43: =A42+1 -> 45000033 | B43: 코그 레돈다_유령선 | C43: SK_Ship_CogBig_Body | D43: 코그레돈다유령선돛 | E43: 600 | F43: 50 | G43: =IFERROR(INDEX(ShipPartShape!$A:$A,MATCH(D43,ShipPartShape!$B:$B,0)),"-") -> 46000034 | H43: 독수리상 | I43: =IFERROR(INDEX(ShipPartShape!$A:$A,MATCH(H43,ShipPartShape!$B:$B,0)),"-") -> 46100002 | J43: 충각_기본 | K43: =IFERROR(INDEX(ShipPartShape!$A:$A,MATCH(J43,ShipPartShape!$B:$B,0)),"-") -> 46200001 | L43: 대포_기본 | M43: =IFERROR(INDEX(ShipPartShape!$A:$A,MATCH(L43,ShipPartShape!$B:$B,0)),"-") -> 46300001 | O43: =IFERROR(INDEX(ShipPartShape!$A:$A,MATCH(N43,ShipPartShape!$B:$B,0)),"-") -> - | Q43: =IFERROR(INDEX(ShipPartShape!$A:$A,MATCH(P43,ShipPartShape!$B:$B,0)),"-") -> - | S43: =IFERROR(INDEX(ShipPartShape!$A:$A,MATCH(R43,ShipPartShape!$B:$B,0)),"-") -> - | U43: =IFERROR(INDEX(ShipPartShape!$A:$A,MATCH(T43,ShipPartShape!$B:$B,0)),"-") -> - | W43: =IFERROR(INDEX(ShipPartShape!$A:$A,MATCH(V43,ShipPartShape!$B:$B,0)),"-") -> - | Y43: =IFERROR(INDEX(ShipPartShape!$A:$A,MATCH(X43,ShipPartShape!$B:$B,0)),"-") -> - | AA43: =IFERROR(INDEX(ShipPartShape!$A:$A,MATCH(Z43,ShipPartShape!$B:$B,0)),"-") -> - | AC43: =IFERROR(INDEX(ShipPartShape!$A:$A,MATCH(AB43,ShipPartShape!$B:$B,0)),"-") -> - | AE43: =IFERROR(INDEX(ShipPartShape!$A:$A,MATCH(AD43,ShipPartShape!$B:$B,0)),"-") -> - | AG43: =IFERROR(INDEX(ShipPartShape!$A:$A,MATCH(AF43,ShipPartShape!$B:$B,0)),"-") -> - | AH43: - | AI43: - | AJ43: - | AK43: - | AL43: - | AM43: - | AN43: - | AO43: - | AP43: - | AQ43: - | AR43: -
A44: =A43+1 -> 45000034 | B44: 코그 레돈다2 | C44: SK_Ship_CogBig_Body | D44: 코그레돈다적백돛 | E44: 600 | F44: 50 | G44: =IFERROR(INDEX(ShipPartShape!$A:$A,MATCH(D44,ShipPartShape!$B:$B,0)),"-") -> 46000035 | H44: 충각_기본 | I44: =IFERROR(INDEX(ShipPartShape!$A:$A,MATCH(H44,ShipPartShape!$B:$B,0)),"-") -> 46200001 | J44: 대포_기본 | K44: =IFERROR(INDEX(ShipPartShape!$A:$A,MATCH(J44,ShipPartShape!$B:$B,0)),"-") -> 46300001 | L44: 램프_기본 | M44: =IFERROR(INDEX(ShipPartShape!$A:$A,MATCH(L44,ShipPartShape!$B:$B,0)),"-") -> 46700001 | O44: =IFERROR(INDEX(ShipPartShape!$A:$A,MATCH(N44,ShipPartShape!$B:$B,0)),"-") -> - | Q44: =IFERROR(INDEX(ShipPartShape!$A:$A,MATCH(P44,ShipPartShape!$B:$B,0)),"-") -> - | S44: =IFERROR(INDEX(ShipPartShape!$A:$A,MATCH(R44,ShipPartShape!$B:$B,0)),"-") -> - | U44: =IFERROR(INDEX(ShipPartShape!$A:$A,MATCH(T44,ShipPartShape!$B:$B,0)),"-") -> - | W44: =IFERROR(INDEX(ShipPartShape!$A:$A,MATCH(V44,ShipPartShape!$B:$B,0)),"-") -> - | Y44: =IFERROR(INDEX(ShipPartShape!$A:$A,MATCH(X44,ShipPartShape!$B:$B,0)),"-") -> - | AA44: =IFERROR(INDEX(ShipPartShape!$A:$A,MATCH(Z44,ShipPartShape!$B:$B,0)),"-") -> - | AC44: =IFERROR(INDEX(ShipPartShape!$A:$A,MATCH(AB44,ShipPartShape!$B:$B,0)),"-") -> - | AE44: =IFERROR(INDEX(ShipPartShape!$A:$A,MATCH(AD44,ShipPartShape!$B:$B,0)),"-") -> - | AG44: =IFERROR(INDEX(ShipPartShape!$A:$A,MATCH(AF44,ShipPartShape!$B:$B,0)),"-") -> - | AH44: - | AI44: - | AJ44: - | AK44: - | AL44: - | AM44: - | AN44: - | AO44: - | AP44: - | AQ44: - | AR44: -
A45: =A44+1 -> 45000035 | B45: 코그 레돈다3 | C45: SK_Ship_CogBig_Body | D45: 코그레돈다적흑돛 | E45: 600 | F45: 50 | G45: =IFERROR(INDEX(ShipPartShape!$A:$A,MATCH(D45,ShipPartShape!$B:$B,0)),"-") -> 46000036 | H45: 충각_기본 | I45: =IFERROR(INDEX(ShipPartShape!$A:$A,MATCH(H45,ShipPartShape!$B:$B,0)),"-") -> 46200001 | J45: 대포_기본 | K45: =IFERROR(INDEX(ShipPartShape!$A:$A,MATCH(J45,ShipPartShape!$B:$B,0)),"-") -> 46300001 | L45: 램프_기본 | M45: =IFERROR(INDEX(ShipPartShape!$A:$A,MATCH(L45,ShipPartShape!$B:$B,0)),"-") -> 46700001 | O45: =IFERROR(INDEX(ShipPartShape!$A:$A,MATCH(N45,ShipPartShape!$B:$B,0)),"-") -> - | Q45: =IFERROR(INDEX(ShipPartShape!$A:$A,MATCH(P45,ShipPartShape!$B:$B,0)),"-") -> - | S45: =IFERROR(INDEX(ShipPartShape!$A:$A,MATCH(R45,ShipPartShape!$B:$B,0)),"-") -> - | U45: =IFERROR(INDEX(ShipPartShape!$A:$A,MATCH(T45,ShipPartShape!$B:$B,0)),"-") -> - | W45: =IFERROR(INDEX(ShipPartShape!$A:$A,MATCH(V45,ShipPartShape!$B:$B,0)),"-") -> - | Y45: =IFERROR(INDEX(ShipPartShape!$A:$A,MATCH(X45,ShipPartShape!$B:$B,0)),"-") -> - | AA45: =IFERROR(INDEX(ShipPartShape!$A:$A,MATCH(Z45,ShipPartShape!$B:$B,0)),"-") -> - | AC45: =IFERROR(INDEX(ShipPartShape!$A:$A,MATCH(AB45,ShipPartShape!$B:$B,0)),"-") -> - | AE45: =IFERROR(INDEX(ShipPartShape!$A:$A,MATCH(AD45,ShipPartShape!$B:$B,0)),"-") -> - | AG45: =IFERROR(INDEX(ShipPartShape!$A:$A,MATCH(AF45,ShipPartShape!$B:$B,0)),"-") -> - | AH45: - | AI45: - | AJ45: - | AK45: - | AL45: - | AM45: - | AN45: - | AO45: - | AP45: - | AQ45: - | AR45: -
A46: =A45+1 -> 45000036 | B46: 코그 레돈다_해적1 | C46: SK_Ship_CogBig_Body | D46: 코그레돈다적흑돛_해골 | E46: 600 | F46: 50 | G46: =IFERROR(INDEX(ShipPartShape!$A:$A,MATCH(D46,ShipPartShape!$B:$B,0)),"-") -> 46000037 | H46: 충각_기본 | I46: =IFERROR(INDEX(ShipPartShape!$A:$A,MATCH(H46,ShipPartShape!$B:$B,0)),"-") -> 46200001 | J46: 대포_기본 | K46: =IFERROR(INDEX(ShipPartShape!$A:$A,MATCH(J46,ShipPartShape!$B:$B,0)),"-") -> 46300001 | L46: 램프_기본 | M46: =IFERROR(INDEX(ShipPartShape!$A:$A,MATCH(L46,ShipPartShape!$B:$B,0)),"-") -> 46700001 | O46: =IFERROR(INDEX(ShipPartShape!$A:$A,MATCH(N46,ShipPartShape!$B:$B,0)),"-") -> - | Q46: =IFERROR(INDEX(ShipPartShape!$A:$A,MATCH(P46,ShipPartShape!$B:$B,0)),"-") -> - | S46: =IFERROR(INDEX(ShipPartShape!$A:$A,MATCH(R46,ShipPartShape!$B:$B,0)),"-") -> - | U46: =IFERROR(INDEX(ShipPartShape!$A:$A,MATCH(T46,ShipPartShape!$B:$B,0)),"-") -> - | W46: =IFERROR(INDEX(ShipPartShape!$A:$A,MATCH(V46,ShipPartShape!$B:$B,0)),"-") -> - | Y46: =IFERROR(INDEX(ShipPartShape!$A:$A,MATCH(X46,ShipPartShape!$B:$B,0)),"-") -> - | AA46: =IFERROR(INDEX(ShipPartShape!$A:$A,MATCH(Z46,ShipPartShape!$B:$B,0)),"-") -> - | AC46: =IFERROR(INDEX(ShipPartShape!$A:$A,MATCH(AB46,ShipPartShape!$B:$B,0)),"-") -> - | AE46: =IFERROR(INDEX(ShipPartShape!$A:$A,MATCH(AD46,ShipPartShape!$B:$B,0)),"-") -> - | AG46: =IFERROR(INDEX(ShipPartShape!$A:$A,MATCH(AF46,ShipPartShape!$B:$B,0)),"-") -> - | AH46: - | AI46: - | AJ46: - | AK46: - | AL46: - | AM46: - | AN46: - | AO46: - | AP46: - | AQ46: - | AR46: -
A47: =A46+1 -> 45000037 | B47: 대형 갤리온_왕실 | C47: SK_Ship_LargeGalleon_Body | D47: 대형갤리온돛 | E47: 500 | F47: 200 | G47: =IFERROR(INDEX(ShipPartShape!$A:$A,MATCH(D47,ShipPartShape!$B:$B,0)),"-") -> 46000038 | H47: 황금램프_대형갤리온 | I47: =IFERROR(INDEX(ShipPartShape!$A:$A,MATCH(H47,ShipPartShape!$B:$B,0)),"-") -> 46700002 | J47: 구명보트 | K47: =IFERROR(INDEX(ShipPartShape!$A:$A,MATCH(J47,ShipPartShape!$B:$B,0)),"-") -> 46550001 | L47: 대포_기본 | M47: =IFERROR(INDEX(ShipPartShape!$A:$A,MATCH(L47,ShipPartShape!$B:$B,0)),"-") -> 46300001 | O47: =IFERROR(INDEX(ShipPartShape!$A:$A,MATCH(N47,ShipPartShape!$B:$B,0)),"-") -> - | Q47: =IFERROR(INDEX(ShipPartShape!$A:$A,MATCH(P47,ShipPartShape!$B:$B,0)),"-") -> - | S47: =IFERROR(INDEX(ShipPartShape!$A:$A,MATCH(R47,ShipPartShape!$B:$B,0)),"-") -> - | U47: =IFERROR(INDEX(ShipPartShape!$A:$A,MATCH(T47,ShipPartShape!$B:$B,0)),"-") -> - | W47: =IFERROR(INDEX(ShipPartShape!$A:$A,MATCH(V47,ShipPartShape!$B:$B,0)),"-") -> - | Y47: =IFERROR(INDEX(ShipPartShape!$A:$A,MATCH(X47,ShipPartShape!$B:$B,0)),"-") -> - | AA47: =IFERROR(INDEX(ShipPartShape!$A:$A,MATCH(Z47,ShipPartShape!$B:$B,0)),"-") -> - | AC47: =IFERROR(INDEX(ShipPartShape!$A:$A,MATCH(AB47,ShipPartShape!$B:$B,0)),"-") -> - | AE47: =IFERROR(INDEX(ShipPartShape!$A:$A,MATCH(AD47,ShipPartShape!$B:$B,0)),"-") -> - | AG47: =IFERROR(INDEX(ShipPartShape!$A:$A,MATCH(AF47,ShipPartShape!$B:$B,0)),"-") -> - | AH47: - | AI47: - | AJ47: - | AK47: - | AL47: - | AM47: - | AN47: - | AO47: - | AP47: - | AQ47: - | AR47: -
A48: =A47+1 -> 45000038 | B48: 대형 갤리온 | C48: SK_Ship_Galleon_Body | D48: 대형갤리온돛 | E48: 500 | F48: 200 | G48: =IFERROR(INDEX(ShipPartShape!$A:$A,MATCH(D48,ShipPartShape!$B:$B,0)),"-") -> 46000038 | H48: 기본램프_대형갤리온 | I48: =IFERROR(INDEX(ShipPartShape!$A:$A,MATCH(H48,ShipPartShape!$B:$B,0)),"-") -> 46700003 | J48: 구명보트 | K48: =IFERROR(INDEX(ShipPartShape!$A:$A,MATCH(J48,ShipPartShape!$B:$B,0)),"-") -> 46550001 | L48: 대포_기본 | M48: =IFERROR(INDEX(ShipPartShape!$A:$A,MATCH(L48,ShipPartShape!$B:$B,0)),"-") -> 46300001 | O48: =IFERROR(INDEX(ShipPartShape!$A:$A,MATCH(N48,ShipPartShape!$B:$B,0)),"-") -> - | Q48: =IFERROR(INDEX(ShipPartShape!$A:$A,MATCH(P48,ShipPartShape!$B:$B,0)),"-") -> - | S48: =IFERROR(INDEX(ShipPartShape!$A:$A,MATCH(R48,ShipPartShape!$B:$B,0)),"-") -> - | U48: =IFERROR(INDEX(ShipPartShape!$A:$A,MATCH(T48,ShipPartShape!$B:$B,0)),"-") -> - | W48: =IFERROR(INDEX(ShipPartShape!$A:$A,MATCH(V48,ShipPartShape!$B:$B,0)),"-") -> - | Y48: =IFERROR(INDEX(ShipPartShape!$A:$A,MATCH(X48,ShipPartShape!$B:$B,0)),"-") -> - | AA48: =IFERROR(INDEX(ShipPartShape!$A:$A,MATCH(Z48,ShipPartShape!$B:$B,0)),"-") -> - | AB48: 아쇼카왕상 | AC48: =IFERROR(INDEX(ShipPartShape!$A:$A,MATCH(AB48,ShipPartShape!$B:$B,0)),"-") -> 46100024 | AE48: =IFERROR(INDEX(ShipPartShape!$A:$A,MATCH(AD48,ShipPartShape!$B:$B,0)),"-") -> - | AG48: =IFERROR(INDEX(ShipPartShape!$A:$A,MATCH(AF48,ShipPartShape!$B:$B,0)),"-") -> - | AH48: - | AI48: - | AJ48: - | AK48: - | AL48: - | AM48: - | AN48: - | AO48: - | AP48: - | AQ48: - | AR48: -
A49: =A48+1 -> 45000039 | B49: 타렛테 | C49: SK_Ship_Talette_Body | D49: 바르카3흰색돛 | E49: 600 | F49: 50 | G49: =IFERROR(INDEX(ShipPartShape!$A:$A,MATCH(D49,ShipPartShape!$B:$B,0)),"-") -> 46000008 | H49: 램프_기본 | I49: =IFERROR(INDEX(ShipPartShape!$A:$A,MATCH(H49,ShipPartShape!$B:$B,0)),"-") -> 46700001 | K49: =IFERROR(INDEX(ShipPartShape!$A:$A,MATCH(J49,ShipPartShape!$B:$B,0)),"-") -> - | M49: =IFERROR(INDEX(ShipPartShape!$A:$A,MATCH(L49,ShipPartShape!$B:$B,0)),"-") -> - | O49: =IFERROR(INDEX(ShipPartShape!$A:$A,MATCH(N49,ShipPartShape!$B:$B,0)),"-") -> - | Q49: =IFERROR(INDEX(ShipPartShape!$A:$A,MATCH(P49,ShipPartShape!$B:$B,0)),"-") -> - | R49: 선박외형장식_B | S49: =IFERROR(INDEX(ShipPartShape!$A:$A,MATCH(R49,ShipPartShape!$B:$B,0)),"-") -> 46600002 | T49: 선박외형장식_I | U49: =IFERROR(INDEX(ShipPartShape!$A:$A,MATCH(T49,ShipPartShape!$B:$B,0)),"-") -> 46600009 | V49: 선박외형장식_C | W49: =IFERROR(INDEX(ShipPartShape!$A:$A,MATCH(V49,ShipPartShape!$B:$B,0)),"-") -> 46600003 | X49: 선박외형장식_G | Y49: =IFERROR(INDEX(ShipPartShape!$A:$A,MATCH(X49,ShipPartShape!$B:$B,0)),"-") -> 46600007 | AA49: =IFERROR(INDEX(ShipPartShape!$A:$A,MATCH(Z49,ShipPartShape!$B:$B,0)),"-") -> - | AB49: 긴수염고래상 | AC49: =IFERROR(INDEX(ShipPartShape!$A:$A,MATCH(AB49,ShipPartShape!$B:$B,0)),"-") -> 46100025 | AE49: =IFERROR(INDEX(ShipPartShape!$A:$A,MATCH(AD49,ShipPartShape!$B:$B,0)),"-") -> - | AG49: =IFERROR(INDEX(ShipPartShape!$A:$A,MATCH(AF49,ShipPartShape!$B:$B,0)),"-") -> - | AH49: - | AI49: - | AJ49: - | AK49: - | AL49: - | AM49: - | AN49: - | AO49: - | AP49: - | AQ49: - | AR49: -
A50: =A49+1 -> 45000040 | B50: 타렛테_삼각 | C50: SK_Ship_Talette_Body | D50: 바르카3흰색돛 | E50: 600 | F50: 50 | G50: =IFERROR(INDEX(ShipPartShape!$A:$A,MATCH(D50,ShipPartShape!$B:$B,0)),"-") -> 46000008 | H50: 램프_기본 | I50: =IFERROR(INDEX(ShipPartShape!$A:$A,MATCH(H50,ShipPartShape!$B:$B,0)),"-") -> 46700001 | K50: =IFERROR(INDEX(ShipPartShape!$A:$A,MATCH(J50,ShipPartShape!$B:$B,0)),"-") -> - | M50: =IFERROR(INDEX(ShipPartShape!$A:$A,MATCH(L50,ShipPartShape!$B:$B,0)),"-") -> - | O50: =IFERROR(INDEX(ShipPartShape!$A:$A,MATCH(N50,ShipPartShape!$B:$B,0)),"-") -> - | Q50: =IFERROR(INDEX(ShipPartShape!$A:$A,MATCH(P50,ShipPartShape!$B:$B,0)),"-") -> - | S50: =IFERROR(INDEX(ShipPartShape!$A:$A,MATCH(R50,ShipPartShape!$B:$B,0)),"-") -> - | U50: =IFERROR(INDEX(ShipPartShape!$A:$A,MATCH(T50,ShipPartShape!$B:$B,0)),"-") -> - | W50: =IFERROR(INDEX(ShipPartShape!$A:$A,MATCH(V50,ShipPartShape!$B:$B,0)),"-") -> - | Y50: =IFERROR(INDEX(ShipPartShape!$A:$A,MATCH(X50,ShipPartShape!$B:$B,0)),"-") -> - | AA50: =IFERROR(INDEX(ShipPartShape!$A:$A,MATCH(Z50,ShipPartShape!$B:$B,0)),"-") -> - | AC50: =IFERROR(INDEX(ShipPartShape!$A:$A,MATCH(AB50,ShipPartShape!$B:$B,0)),"-") -> - | AE50: =IFERROR(INDEX(ShipPartShape!$A:$A,MATCH(AD50,ShipPartShape!$B:$B,0)),"-") -> - | AG50: =IFERROR(INDEX(ShipPartShape!$A:$A,MATCH(AF50,ShipPartShape!$B:$B,0)),"-") -> - | AH50: - | AI50: - | AJ50: - | AK50: - | AL50: - | AM50: - | AN50: - | AO50: - | AP50: - | AQ50: - | AR50: -
A51: =A50+1 -> 45000041 | B51: 타렛테_사각 | C51: SK_Ship_Talette_Body | D51: 바르카4흰색돛 | E51: 600 | F51: 50 | G51: =IFERROR(INDEX(ShipPartShape!$A:$A,MATCH(D51,ShipPartShape!$B:$B,0)),"-") -> 46000014 | H51: 램프_기본 | I51: =IFERROR(INDEX(ShipPartShape!$A:$A,MATCH(H51,ShipPartShape!$B:$B,0)),"-") -> 46700001 | J51: 대포_기본 | K51: =IFERROR(INDEX(ShipPartShape!$A:$A,MATCH(J51,ShipPartShape!$B:$B,0)),"-") -> 46300001 | M51: =IFERROR(INDEX(ShipPartShape!$A:$A,MATCH(L51,ShipPartShape!$B:$B,0)),"-") -> - | O51: =IFERROR(INDEX(ShipPartShape!$A:$A,MATCH(N51,ShipPartShape!$B:$B,0)),"-") -> - | Q51: =IFERROR(INDEX(ShipPartShape!$A:$A,MATCH(P51,ShipPartShape!$B:$B,0)),"-") -> - | S51: =IFERROR(INDEX(ShipPartShape!$A:$A,MATCH(R51,ShipPartShape!$B:$B,0)),"-") -> - | U51: =IFERROR(INDEX(ShipPartShape!$A:$A,MATCH(T51,ShipPartShape!$B:$B,0)),"-") -> - | W51: =IFERROR(INDEX(ShipPartShape!$A:$A,MATCH(V51,ShipPartShape!$B:$B,0)),"-") -> - | Y51: =IFERROR(INDEX(ShipPartShape!$A:$A,MATCH(X51,ShipPartShape!$B:$B,0)),"-") -> - | AA51: =IFERROR(INDEX(ShipPartShape!$A:$A,MATCH(Z51,ShipPartShape!$B:$B,0)),"-") -> - | AC51: =IFERROR(INDEX(ShipPartShape!$A:$A,MATCH(AB51,ShipPartShape!$B:$B,0)),"-") -> - | AE51: =IFERROR(INDEX(ShipPartShape!$A:$A,MATCH(AD51,ShipPartShape!$B:$B,0)),"-") -> - | AG51: =IFERROR(INDEX(ShipPartShape!$A:$A,MATCH(AF51,ShipPartShape!$B:$B,0)),"-") -> - | AH51: - | AI51: - | AJ51: - | AK51: - | AL51: - | AM51: - | AN51: - | AO51: - | AP51: - | AQ51: - | AR51: -
A52: =A51+1 -> 45000042 | B52: 캐러벨 라티나 | C52: SK_Ship_CaravelSmall_Body | D52: 소형캐러벨라티나돛 | E52: 700 | F52: 80 | G52: =IFERROR(INDEX(ShipPartShape!$A:$A,MATCH(D52,ShipPartShape!$B:$B,0)),"-") -> 46000039 | H52: 램프_기본 | I52: =IFERROR(INDEX(ShipPartShape!$A:$A,MATCH(H52,ShipPartShape!$B:$B,0)),"-") -> 46700001 | J52: 대포_기본 | K52: =IFERROR(INDEX(ShipPartShape!$A:$A,MATCH(J52,ShipPartShape!$B:$B,0)),"-") -> 46300001 | M52: =IFERROR(INDEX(ShipPartShape!$A:$A,MATCH(L52,ShipPartShape!$B:$B,0)),"-") -> - | O52: =IFERROR(INDEX(ShipPartShape!$A:$A,MATCH(N52,ShipPartShape!$B:$B,0)),"-") -> - | Q52: =IFERROR(INDEX(ShipPartShape!$A:$A,MATCH(P52,ShipPartShape!$B:$B,0)),"-") -> - | R52: 선박외형장식_B | S52: =IFERROR(INDEX(ShipPartShape!$A:$A,MATCH(R52,ShipPartShape!$B:$B,0)),"-") -> 46600002 | T52: 선박외형장식_C | U52: =IFERROR(INDEX(ShipPartShape!$A:$A,MATCH(T52,ShipPartShape!$B:$B,0)),"-") -> 46600003 | V52: 선박외형장식_E | W52: =IFERROR(INDEX(ShipPartShape!$A:$A,MATCH(V52,ShipPartShape!$B:$B,0)),"-") -> 46600005 | X52: 선박외형장식_K | Y52: =IFERROR(INDEX(ShipPartShape!$A:$A,MATCH(X52,ShipPartShape!$B:$B,0)),"-") -> 46600011 | AA52: =IFERROR(INDEX(ShipPartShape!$A:$A,MATCH(Z52,ShipPartShape!$B:$B,0)),"-") -> - | AB52: 프레이아상 | AC52: =IFERROR(INDEX(ShipPartShape!$A:$A,MATCH(AB52,ShipPartShape!$B:$B,0)),"-") -> 46100026 | AE52: =IFERROR(INDEX(ShipPartShape!$A:$A,MATCH(AD52,ShipPartShape!$B:$B,0)),"-") -> - | AG52: =IFERROR(INDEX(ShipPartShape!$A:$A,MATCH(AF52,ShipPartShape!$B:$B,0)),"-") -> - | AH52: - | AI52: - | AJ52: - | AK52: - | AL52: - | AM52: - | AN52: - | AO52: - | AP52: - | AQ52: - | AR52: -
A53: =A52+1 -> 45000043 | B53: 캐러벨 레돈다 | C53: SK_Ship_CaravelSmall_Body | D53: 소형캐러벨레돈다돛 | E53: 700 | F53: 80 | G53: =IFERROR(INDEX(ShipPartShape!$A:$A,MATCH(D53,ShipPartShape!$B:$B,0)),"-") -> 46000040 | H53: 램프_기본 | I53: =IFERROR(INDEX(ShipPartShape!$A:$A,MATCH(H53,ShipPartShape!$B:$B,0)),"-") -> 46700001 | J53: 대포_기본 | K53: =IFERROR(INDEX(ShipPartShape!$A:$A,MATCH(J53,ShipPartShape!$B:$B,0)),"-") -> 46300001 | M53: =IFERROR(INDEX(ShipPartShape!$A:$A,MATCH(L53,ShipPartShape!$B:$B,0)),"-") -> - | O53: =IFERROR(INDEX(ShipPartShape!$A:$A,MATCH(N53,ShipPartShape!$B:$B,0)),"-") -> - | Q53: =IFERROR(INDEX(ShipPartShape!$A:$A,MATCH(P53,ShipPartShape!$B:$B,0)),"-") -> - | R53: 선박외형장식_B | S53: =IFERROR(INDEX(ShipPartShape!$A:$A,MATCH(R53,ShipPartShape!$B:$B,0)),"-") -> 46600002 | T53: 선박외형장식_C | U53: =IFERROR(INDEX(ShipPartShape!$A:$A,MATCH(T53,ShipPartShape!$B:$B,0)),"-") -> 46600003 | V53: 선박외형장식_E | W53: =IFERROR(INDEX(ShipPartShape!$A:$A,MATCH(V53,ShipPartShape!$B:$B,0)),"-") -> 46600005 | X53: 선박외형장식_K | Y53: =IFERROR(INDEX(ShipPartShape!$A:$A,MATCH(X53,ShipPartShape!$B:$B,0)),"-") -> 46600011 | AA53: =IFERROR(INDEX(ShipPartShape!$A:$A,MATCH(Z53,ShipPartShape!$B:$B,0)),"-") -> - | AB53: 고스 호크상 | AC53: =IFERROR(INDEX(ShipPartShape!$A:$A,MATCH(AB53,ShipPartShape!$B:$B,0)),"-") -> 46100027 | AE53: =IFERROR(INDEX(ShipPartShape!$A:$A,MATCH(AD53,ShipPartShape!$B:$B,0)),"-") -> - | AG53: =IFERROR(INDEX(ShipPartShape!$A:$A,MATCH(AF53,ShipPartShape!$B:$B,0)),"-") -> - | AH53: - | AI53: - | AJ53: - | AK53: - | AL53: - | AM53: - | AN53: - | AO53: - | AP53: - | AQ53: - | AR53: -
A54: =A53+1 -> 45000044 | B54: 슬루프 | C54: SK_Ship_Sloop_Body | D54: 슬로프돛 | E54: 600 | F54: 50 | G54: =IFERROR(INDEX(ShipPartShape!$A:$A,MATCH(D54,ShipPartShape!$B:$B,0)),"-") -> 46000041 | H54: 램프_기본 | I54: =IFERROR(INDEX(ShipPartShape!$A:$A,MATCH(H54,ShipPartShape!$B:$B,0)),"-") -> 46700001 | J54: 대포_기본 | K54: =IFERROR(INDEX(ShipPartShape!$A:$A,MATCH(J54,ShipPartShape!$B:$B,0)),"-") -> 46300001 | M54: =IFERROR(INDEX(ShipPartShape!$A:$A,MATCH(L54,ShipPartShape!$B:$B,0)),"-") -> - | O54: =IFERROR(INDEX(ShipPartShape!$A:$A,MATCH(N54,ShipPartShape!$B:$B,0)),"-") -> - | Q54: =IFERROR(INDEX(ShipPartShape!$A:$A,MATCH(P54,ShipPartShape!$B:$B,0)),"-") -> - | R54: 선박외형장식_D | S54: =IFERROR(INDEX(ShipPartShape!$A:$A,MATCH(R54,ShipPartShape!$B:$B,0)),"-") -> 46600004 | T54: 선박외형장식_G | U54: =IFERROR(INDEX(ShipPartShape!$A:$A,MATCH(T54,ShipPartShape!$B:$B,0)),"-") -> 46600007 | V54: 선박외형장식_J | W54: =IFERROR(INDEX(ShipPartShape!$A:$A,MATCH(V54,ShipPartShape!$B:$B,0)),"-") -> 46600010 | Y54: =IFERROR(INDEX(ShipPartShape!$A:$A,MATCH(X54,ShipPartShape!$B:$B,0)),"-") -> - | AA54: =IFERROR(INDEX(ShipPartShape!$A:$A,MATCH(Z54,ShipPartShape!$B:$B,0)),"-") -> - | AB54: 그리폰상 | AC54: =IFERROR(INDEX(ShipPartShape!$A:$A,MATCH(AB54,ShipPartShape!$B:$B,0)),"-") -> 46100028 | AE54: =IFERROR(INDEX(ShipPartShape!$A:$A,MATCH(AD54,ShipPartShape!$B:$B,0)),"-") -> - | AG54: =IFERROR(INDEX(ShipPartShape!$A:$A,MATCH(AF54,ShipPartShape!$B:$B,0)),"-") -> - | AH54: - | AI54: - | AJ54: - | AK54: - | AL54: - | AM54: - | AN54: - | AO54: - | AP54: - | AQ54: - | AR54: -
A55: =A54+1 -> 45000045 | B55: 커터 | C55: SK_Ship_Cutter_Body | D55: 커터돛 | E55: 600 | F55: 50 | G55: =IFERROR(INDEX(ShipPartShape!$A:$A,MATCH(D55,ShipPartShape!$B:$B,0)),"-") -> 46000042 | H55: 램프_기본 | I55: =IFERROR(INDEX(ShipPartShape!$A:$A,MATCH(H55,ShipPartShape!$B:$B,0)),"-") -> 46700001 | J55: 대포_기본 | K55: =IFERROR(INDEX(ShipPartShape!$A:$A,MATCH(J55,ShipPartShape!$B:$B,0)),"-") -> 46300001 | M55: =IFERROR(INDEX(ShipPartShape!$A:$A,MATCH(L55,ShipPartShape!$B:$B,0)),"-") -> - | O55: =IFERROR(INDEX(ShipPartShape!$A:$A,MATCH(N55,ShipPartShape!$B:$B,0)),"-") -> - | Q55: =IFERROR(INDEX(ShipPartShape!$A:$A,MATCH(P55,ShipPartShape!$B:$B,0)),"-") -> - | R55: 선박외형장식_A | S55: =IFERROR(INDEX(ShipPartShape!$A:$A,MATCH(R55,ShipPartShape!$B:$B,0)),"-") -> 46600001 | T55: 선박외형장식_B | U55: =IFERROR(INDEX(ShipPartShape!$A:$A,MATCH(T55,ShipPartShape!$B:$B,0)),"-") -> 46600002 | V55: 선박외형장식_E | W55: =IFERROR(INDEX(ShipPartShape!$A:$A,MATCH(V55,ShipPartShape!$B:$B,0)),"-") -> 46600005 | X55: 선박외형장식_K | Y55: =IFERROR(INDEX(ShipPartShape!$A:$A,MATCH(X55,ShipPartShape!$B:$B,0)),"-") -> 46600011 | AA55: =IFERROR(INDEX(ShipPartShape!$A:$A,MATCH(Z55,ShipPartShape!$B:$B,0)),"-") -> - | AB55: 한니발상 | AC55: =IFERROR(INDEX(ShipPartShape!$A:$A,MATCH(AB55,ShipPartShape!$B:$B,0)),"-") -> 46100029 | AE55: =IFERROR(INDEX(ShipPartShape!$A:$A,MATCH(AD55,ShipPartShape!$B:$B,0)),"-") -> - | AG55: =IFERROR(INDEX(ShipPartShape!$A:$A,MATCH(AF55,ShipPartShape!$B:$B,0)),"-") -> - | AH55: - | AI55: - | AJ55: - | AK55: - | AL55: - | AM55: - | AN55: - | AO55: - | AP55: - | AQ55: - | AR55: -
A56: =A55+1 -> 45000046 | B56: 브리간틴 | C56: SK_Ship_Bergantin_Body | D56: 브리간틴돛 | E56: 600 | F56: 50 | G56: =IFERROR(INDEX(ShipPartShape!$A:$A,MATCH(D56,ShipPartShape!$B:$B,0)),"-") -> 46000043 | H56: 램프_기본 | I56: =IFERROR(INDEX(ShipPartShape!$A:$A,MATCH(H56,ShipPartShape!$B:$B,0)),"-") -> 46700001 | J56: 대포_기본 | K56: =IFERROR(INDEX(ShipPartShape!$A:$A,MATCH(J56,ShipPartShape!$B:$B,0)),"-") -> 46300001 | M56: =IFERROR(INDEX(ShipPartShape!$A:$A,MATCH(L56,ShipPartShape!$B:$B,0)),"-") -> - | O56: =IFERROR(INDEX(ShipPartShape!$A:$A,MATCH(N56,ShipPartShape!$B:$B,0)),"-") -> - | Q56: =IFERROR(INDEX(ShipPartShape!$A:$A,MATCH(P56,ShipPartShape!$B:$B,0)),"-") -> - | R56: 선박외형장식_B | S56: =IFERROR(INDEX(ShipPartShape!$A:$A,MATCH(R56,ShipPartShape!$B:$B,0)),"-") -> 46600002 | T56: 선박외형장식_C | U56: =IFERROR(INDEX(ShipPartShape!$A:$A,MATCH(T56,ShipPartShape!$B:$B,0)),"-") -> 46600003 | V56: 선박외형장식_F | W56: =IFERROR(INDEX(ShipPartShape!$A:$A,MATCH(V56,ShipPartShape!$B:$B,0)),"-") -> 46600006 | X56: 선박외형장식_G | Y56: =IFERROR(INDEX(ShipPartShape!$A:$A,MATCH(X56,ShipPartShape!$B:$B,0)),"-") -> 46600007 | AA56: =IFERROR(INDEX(ShipPartShape!$A:$A,MATCH(Z56,ShipPartShape!$B:$B,0)),"-") -> - | AB56: 매의 상 | AC56: =IFERROR(INDEX(ShipPartShape!$A:$A,MATCH(AB56,ShipPartShape!$B:$B,0)),"-") -> 46100030 | AE56: =IFERROR(INDEX(ShipPartShape!$A:$A,MATCH(AD56,ShipPartShape!$B:$B,0)),"-") -> - | AG56: =IFERROR(INDEX(ShipPartShape!$A:$A,MATCH(AF56,ShipPartShape!$B:$B,0)),"-") -> - | AH56: - | AI56: - | AJ56: - | AK56: - | AL56: - | AM56: - | AN56: - | AO56: - | AP56: - | AQ56: - | AR56: -
A57: =A56+1 -> 45000047 | B57: 나오 | C57: SK_Ship_Nao_body | D57: 나오돛 | E57: 600 | F57: 80 | G57: =IFERROR(INDEX(ShipPartShape!$A:$A,MATCH(D57,ShipPartShape!$B:$B,0)),"-") -> 46000044 | H57: 램프_기본 | I57: =IFERROR(INDEX(ShipPartShape!$A:$A,MATCH(H57,ShipPartShape!$B:$B,0)),"-") -> 46700001 | J57: 대포_기본 | K57: =IFERROR(INDEX(ShipPartShape!$A:$A,MATCH(J57,ShipPartShape!$B:$B,0)),"-") -> 46300001 | M57: =IFERROR(INDEX(ShipPartShape!$A:$A,MATCH(L57,ShipPartShape!$B:$B,0)),"-") -> - | O57: =IFERROR(INDEX(ShipPartShape!$A:$A,MATCH(N57,ShipPartShape!$B:$B,0)),"-") -> - | Q57: =IFERROR(INDEX(ShipPartShape!$A:$A,MATCH(P57,ShipPartShape!$B:$B,0)),"-") -> - | R57: 선박외형장식_B | S57: =IFERROR(INDEX(ShipPartShape!$A:$A,MATCH(R57,ShipPartShape!$B:$B,0)),"-") -> 46600002 | T57: 선박외형장식_E | U57: =IFERROR(INDEX(ShipPartShape!$A:$A,MATCH(T57,ShipPartShape!$B:$B,0)),"-") -> 46600005 | V57: 선박외형장식_D | W57: =IFERROR(INDEX(ShipPartShape!$A:$A,MATCH(V57,ShipPartShape!$B:$B,0)),"-") -> 46600004 | X57: 선박외형장식_I | Y57: =IFERROR(INDEX(ShipPartShape!$A:$A,MATCH(X57,ShipPartShape!$B:$B,0)),"-") -> 46600009 | Z57: 선박외형장식_F | AA57: =IFERROR(INDEX(ShipPartShape!$A:$A,MATCH(Z57,ShipPartShape!$B:$B,0)),"-") -> 46600006 | AB57: 이슈타르상 | AC57: =IFERROR(INDEX(ShipPartShape!$A:$A,MATCH(AB57,ShipPartShape!$B:$B,0)),"-") -> 46100031 | AE57: =IFERROR(INDEX(ShipPartShape!$A:$A,MATCH(AD57,ShipPartShape!$B:$B,0)),"-") -> - | AG57: =IFERROR(INDEX(ShipPartShape!$A:$A,MATCH(AF57,ShipPartShape!$B:$B,0)),"-") -> - | AH57: - | AI57: - | AJ57: - | AK57: - | AL57: - | AM57: - | AN57: - | AO57: - | AP57: - | AQ57: - | AR57: -
A58: =A57+1 -> 45000048 | B58: 바스 | C58: SK_Ship_Buss_body | D58: 바스돛 | E58: 600 | F58: 80 | G58: =IFERROR(INDEX(ShipPartShape!$A:$A,MATCH(D58,ShipPartShape!$B:$B,0)),"-") -> 46000045 | H58: 램프_기본 | I58: =IFERROR(INDEX(ShipPartShape!$A:$A,MATCH(H58,ShipPartShape!$B:$B,0)),"-") -> 46700001 | J58: 대포_기본 | K58: =IFERROR(INDEX(ShipPartShape!$A:$A,MATCH(J58,ShipPartShape!$B:$B,0)),"-") -> 46300001 | M58: =IFERROR(INDEX(ShipPartShape!$A:$A,MATCH(L58,ShipPartShape!$B:$B,0)),"-") -> - | O58: =IFERROR(INDEX(ShipPartShape!$A:$A,MATCH(N58,ShipPartShape!$B:$B,0)),"-") -> - | Q58: =IFERROR(INDEX(ShipPartShape!$A:$A,MATCH(P58,ShipPartShape!$B:$B,0)),"-") -> - | R58: 선박외형장식_B | S58: =IFERROR(INDEX(ShipPartShape!$A:$A,MATCH(R58,ShipPartShape!$B:$B,0)),"-") -> 46600002 | T58: 선박외형장식_D | U58: =IFERROR(INDEX(ShipPartShape!$A:$A,MATCH(T58,ShipPartShape!$B:$B,0)),"-") -> 46600004 | V58: 선박외형장식_J | W58: =IFERROR(INDEX(ShipPartShape!$A:$A,MATCH(V58,ShipPartShape!$B:$B,0)),"-") -> 46600010 | X58: 선박외형장식_I | Y58: =IFERROR(INDEX(ShipPartShape!$A:$A,MATCH(X58,ShipPartShape!$B:$B,0)),"-") -> 46600009 | AA58: =IFERROR(INDEX(ShipPartShape!$A:$A,MATCH(Z58,ShipPartShape!$B:$B,0)),"-") -> - | AB58: 요르문간드상 | AC58: =IFERROR(INDEX(ShipPartShape!$A:$A,MATCH(AB58,ShipPartShape!$B:$B,0)),"-") -> 46100032 | AE58: =IFERROR(INDEX(ShipPartShape!$A:$A,MATCH(AD58,ShipPartShape!$B:$B,0)),"-") -> - | AG58: =IFERROR(INDEX(ShipPartShape!$A:$A,MATCH(AF58,ShipPartShape!$B:$B,0)),"-") -> - | AH58: - | AI58: - | AJ58: - | AK58: - | AL58: - | AM58: - | AN58: - | AO58: - | AP58: - | AQ58: - | AR58: -
A59: =A58+1 -> 45000049 | B59: 오스만 갤리 | C59: SK_Ship_Osmangalley_Body | D59: 오스만겔리돛 | E59: 600 | F59: 50 | G59: =IFERROR(INDEX(ShipPartShape!$A:$A,MATCH(D59,ShipPartShape!$B:$B,0)),"-") -> 46000046 | H59: 램프_기본 | I59: =IFERROR(INDEX(ShipPartShape!$A:$A,MATCH(H59,ShipPartShape!$B:$B,0)),"-") -> 46700001 | J59: 오스만겔리노 | K59: =IFERROR(INDEX(ShipPartShape!$A:$A,MATCH(J59,ShipPartShape!$B:$B,0)),"-") -> 46500001 | M59: =IFERROR(INDEX(ShipPartShape!$A:$A,MATCH(L59,ShipPartShape!$B:$B,0)),"-") -> - | O59: =IFERROR(INDEX(ShipPartShape!$A:$A,MATCH(N59,ShipPartShape!$B:$B,0)),"-") -> - | Q59: =IFERROR(INDEX(ShipPartShape!$A:$A,MATCH(P59,ShipPartShape!$B:$B,0)),"-") -> - | R59: 선박외형장식_A | S59: =IFERROR(INDEX(ShipPartShape!$A:$A,MATCH(R59,ShipPartShape!$B:$B,0)),"-") -> 46600001 | T59: 선박외형장식_D | U59: =IFERROR(INDEX(ShipPartShape!$A:$A,MATCH(T59,ShipPartShape!$B:$B,0)),"-") -> 46600004 | V59: 선박외형장식_K | W59: =IFERROR(INDEX(ShipPartShape!$A:$A,MATCH(V59,ShipPartShape!$B:$B,0)),"-") -> 46600011 | Y59: =IFERROR(INDEX(ShipPartShape!$A:$A,MATCH(X59,ShipPartShape!$B:$B,0)),"-") -> - | AA59: =IFERROR(INDEX(ShipPartShape!$A:$A,MATCH(Z59,ShipPartShape!$B:$B,0)),"-") -> - | AB59: 케스트랄상 | AC59: =IFERROR(INDEX(ShipPartShape!$A:$A,MATCH(AB59,ShipPartShape!$B:$B,0)),"-") -> 46100033 | AE59: =IFERROR(INDEX(ShipPartShape!$A:$A,MATCH(AD59,ShipPartShape!$B:$B,0)),"-") -> - | AG59: =IFERROR(INDEX(ShipPartShape!$A:$A,MATCH(AF59,ShipPartShape!$B:$B,0)),"-") -> - | AH59: - | AI59: - | AJ59: - | AK59: - | AL59: - | AM59: - | AN59: - | AO59: - | AP59: - | AQ59: - | AR59: -
A60: =A59+1 -> 45000050 | B60: 판옥선 | C60: SK_Ship_PanOkSeon_Body | D60: 판옥선돛 | E60: 700 | F60: 80 | G60: =IFERROR(INDEX(ShipPartShape!$A:$A,MATCH(D60,ShipPartShape!$B:$B,0)),"-") -> 46000047 | H60: 램프_기본 | I60: =IFERROR(INDEX(ShipPartShape!$A:$A,MATCH(H60,ShipPartShape!$B:$B,0)),"-") -> 46700001 | J60: 판옥선노 | K60: =IFERROR(INDEX(ShipPartShape!$A:$A,MATCH(J60,ShipPartShape!$B:$B,0)),"-") -> 46500002 | M60: =IFERROR(INDEX(ShipPartShape!$A:$A,MATCH(L60,ShipPartShape!$B:$B,0)),"-") -> - | O60: =IFERROR(INDEX(ShipPartShape!$A:$A,MATCH(N60,ShipPartShape!$B:$B,0)),"-") -> - | Q60: =IFERROR(INDEX(ShipPartShape!$A:$A,MATCH(P60,ShipPartShape!$B:$B,0)),"-") -> - | S60: =IFERROR(INDEX(ShipPartShape!$A:$A,MATCH(R60,ShipPartShape!$B:$B,0)),"-") -> - | U60: =IFERROR(INDEX(ShipPartShape!$A:$A,MATCH(T60,ShipPartShape!$B:$B,0)),"-") -> - | W60: =IFERROR(INDEX(ShipPartShape!$A:$A,MATCH(V60,ShipPartShape!$B:$B,0)),"-") -> - | Y60: =IFERROR(INDEX(ShipPartShape!$A:$A,MATCH(X60,ShipPartShape!$B:$B,0)),"-") -> - | AA60: =IFERROR(INDEX(ShipPartShape!$A:$A,MATCH(Z60,ShipPartShape!$B:$B,0)),"-") -> - | AB60: 솔개상 | AC60: =IFERROR(INDEX(ShipPartShape!$A:$A,MATCH(AB60,ShipPartShape!$B:$B,0)),"-") -> 46100034 | AE60: =IFERROR(INDEX(ShipPartShape!$A:$A,MATCH(AD60,ShipPartShape!$B:$B,0)),"-") -> - | AG60: =IFERROR(INDEX(ShipPartShape!$A:$A,MATCH(AF60,ShipPartShape!$B:$B,0)),"-") -> - | AH60: - | AI60: - | AJ60: - | AK60: - | AL60: - | AM60: - | AN60: - | AO60: - | AP60: - | AQ60: - | AR60: -
A61: =A60+1 -> 45000051 | B61: 거북선 | C61: SK_Ship_TurtleShip_Body | D61: 거북선돛 | E61: 700 | F61: 80 | G61: =IFERROR(INDEX(ShipPartShape!$A:$A,MATCH(D61,ShipPartShape!$B:$B,0)),"-") -> 46000048 | H61: 램프_기본 | I61: =IFERROR(INDEX(ShipPartShape!$A:$A,MATCH(H61,ShipPartShape!$B:$B,0)),"-") -> 46700001 | J61: 거북선노 | K61: =IFERROR(INDEX(ShipPartShape!$A:$A,MATCH(J61,ShipPartShape!$B:$B,0)),"-") -> 46500003 | M61: =IFERROR(INDEX(ShipPartShape!$A:$A,MATCH(L61,ShipPartShape!$B:$B,0)),"-") -> - | O61: =IFERROR(INDEX(ShipPartShape!$A:$A,MATCH(N61,ShipPartShape!$B:$B,0)),"-") -> - | Q61: =IFERROR(INDEX(ShipPartShape!$A:$A,MATCH(P61,ShipPartShape!$B:$B,0)),"-") -> - | S61: =IFERROR(INDEX(ShipPartShape!$A:$A,MATCH(R61,ShipPartShape!$B:$B,0)),"-") -> - | U61: =IFERROR(INDEX(ShipPartShape!$A:$A,MATCH(T61,ShipPartShape!$B:$B,0)),"-") -> - | W61: =IFERROR(INDEX(ShipPartShape!$A:$A,MATCH(V61,ShipPartShape!$B:$B,0)),"-") -> - | Y61: =IFERROR(INDEX(ShipPartShape!$A:$A,MATCH(X61,ShipPartShape!$B:$B,0)),"-") -> - | AA61: =IFERROR(INDEX(ShipPartShape!$A:$A,MATCH(Z61,ShipPartShape!$B:$B,0)),"-") -> - | AB61: 라나팰콘상 | AC61: =IFERROR(INDEX(ShipPartShape!$A:$A,MATCH(AB61,ShipPartShape!$B:$B,0)),"-") -> 46100035 | AE61: =IFERROR(INDEX(ShipPartShape!$A:$A,MATCH(AD61,ShipPartShape!$B:$B,0)),"-") -> - | AG61: =IFERROR(INDEX(ShipPartShape!$A:$A,MATCH(AF61,ShipPartShape!$B:$B,0)),"-") -> - | AH61: - | AI61: - | AJ61: - | AK61: - | AL61: - | AM61: - | AN61: - | AO61: - | AP61: - | AQ61: - | AR61: -
A62: =A61+1 -> 45000052 | B62: 전열함 | C62: SK_Ship_Vaisseau_Body | D62: 전열함돛 | E62: 700 | F62: 80 | G62: =IFERROR(INDEX(ShipPartShape!$A:$A,MATCH(D62,ShipPartShape!$B:$B,0)),"-") -> 46000049 | H62: 램프_기본 | I62: =IFERROR(INDEX(ShipPartShape!$A:$A,MATCH(H62,ShipPartShape!$B:$B,0)),"-") -> 46700001 | K62: =IFERROR(INDEX(ShipPartShape!$A:$A,MATCH(J62,ShipPartShape!$B:$B,0)),"-") -> - | M62: =IFERROR(INDEX(ShipPartShape!$A:$A,MATCH(L62,ShipPartShape!$B:$B,0)),"-") -> - | O62: =IFERROR(INDEX(ShipPartShape!$A:$A,MATCH(N62,ShipPartShape!$B:$B,0)),"-") -> - | Q62: =IFERROR(INDEX(ShipPartShape!$A:$A,MATCH(P62,ShipPartShape!$B:$B,0)),"-") -> - | R62: 선박외형장식_E | S62: =IFERROR(INDEX(ShipPartShape!$A:$A,MATCH(R62,ShipPartShape!$B:$B,0)),"-") -> 46600005 | T62: 선박외형장식_J | U62: =IFERROR(INDEX(ShipPartShape!$A:$A,MATCH(T62,ShipPartShape!$B:$B,0)),"-") -> 46600010 | W62: =IFERROR(INDEX(ShipPartShape!$A:$A,MATCH(V62,ShipPartShape!$B:$B,0)),"-") -> - | Y62: =IFERROR(INDEX(ShipPartShape!$A:$A,MATCH(X62,ShipPartShape!$B:$B,0)),"-") -> - | AA62: =IFERROR(INDEX(ShipPartShape!$A:$A,MATCH(Z62,ShipPartShape!$B:$B,0)),"-") -> - | AB62: 처녀상 | AC62: =IFERROR(INDEX(ShipPartShape!$A:$A,MATCH(AB62,ShipPartShape!$B:$B,0)),"-") -> 46100036 | AE62: =IFERROR(INDEX(ShipPartShape!$A:$A,MATCH(AD62,ShipPartShape!$B:$B,0)),"-") -> - | AG62: =IFERROR(INDEX(ShipPartShape!$A:$A,MATCH(AF62,ShipPartShape!$B:$B,0)),"-") -> - | AH62: - | AI62: - | AJ62: - | AK62: - | AL62: - | AM62: - | AN62: - | AO62: - | AP62: - | AQ62: - | AR62: -
A63: =A62+1 -> 45000053 | B63: 코르벳 | C63: SK_Ship_Corvette_Body | D63: 콜벳돛 | E63: 700 | F63: 80 | G63: =IFERROR(INDEX(ShipPartShape!$A:$A,MATCH(D63,ShipPartShape!$B:$B,0)),"-") -> 46000050 | H63: 램프_기본 | I63: =IFERROR(INDEX(ShipPartShape!$A:$A,MATCH(H63,ShipPartShape!$B:$B,0)),"-") -> 46700001 | K63: =IFERROR(INDEX(ShipPartShape!$A:$A,MATCH(J63,ShipPartShape!$B:$B,0)),"-") -> - | M63: =IFERROR(INDEX(ShipPartShape!$A:$A,MATCH(L63,ShipPartShape!$B:$B,0)),"-") -> - | O63: =IFERROR(INDEX(ShipPartShape!$A:$A,MATCH(N63,ShipPartShape!$B:$B,0)),"-") -> - | Q63: =IFERROR(INDEX(ShipPartShape!$A:$A,MATCH(P63,ShipPartShape!$B:$B,0)),"-") -> - | R63: 선박외형장식_E | S63: =IFERROR(INDEX(ShipPartShape!$A:$A,MATCH(R63,ShipPartShape!$B:$B,0)),"-") -> 46600005 | T63: 선박외형장식_G | U63: =IFERROR(INDEX(ShipPartShape!$A:$A,MATCH(T63,ShipPartShape!$B:$B,0)),"-") -> 46600007 | V63: 선박외형장식_K | W63: =IFERROR(INDEX(ShipPartShape!$A:$A,MATCH(V63,ShipPartShape!$B:$B,0)),"-") -> 46600011 | X63: 선박외형장식_I | Y63: =IFERROR(INDEX(ShipPartShape!$A:$A,MATCH(X63,ShipPartShape!$B:$B,0)),"-") -> 46600009 | AA63: =IFERROR(INDEX(ShipPartShape!$A:$A,MATCH(Z63,ShipPartShape!$B:$B,0)),"-") -> - | AB63: 매너티의 상 | AC63: =IFERROR(INDEX(ShipPartShape!$A:$A,MATCH(AB63,ShipPartShape!$B:$B,0)),"-") -> 46100037 | AE63: =IFERROR(INDEX(ShipPartShape!$A:$A,MATCH(AD63,ShipPartShape!$B:$B,0)),"-") -> - | AG63: =IFERROR(INDEX(ShipPartShape!$A:$A,MATCH(AF63,ShipPartShape!$B:$B,0)),"-") -> - | AH63: - | AI63: - | AJ63: - | AK63: - | AL63: - | AM63: - | AN63: - | AO63: - | AP63: - | AQ63: - | AR63: -
A64: =A63+1 -> 45000054 | B64: 프리깃 | C64: Sk_Ship_Frigate_Body | D64: 중형프리킷돛 | E64: 700 | F64: 80 | G64: =IFERROR(INDEX(ShipPartShape!$A:$A,MATCH(D64,ShipPartShape!$B:$B,0)),"-") -> 46000051 | H64: 램프_기본 | I64: =IFERROR(INDEX(ShipPartShape!$A:$A,MATCH(H64,ShipPartShape!$B:$B,0)),"-") -> 46700001 | K64: =IFERROR(INDEX(ShipPartShape!$A:$A,MATCH(J64,ShipPartShape!$B:$B,0)),"-") -> - | M64: =IFERROR(INDEX(ShipPartShape!$A:$A,MATCH(L64,ShipPartShape!$B:$B,0)),"-") -> - | O64: =IFERROR(INDEX(ShipPartShape!$A:$A,MATCH(N64,ShipPartShape!$B:$B,0)),"-") -> - | Q64: =IFERROR(INDEX(ShipPartShape!$A:$A,MATCH(P64,ShipPartShape!$B:$B,0)),"-") -> - | R64: 선박외형장식_A | S64: =IFERROR(INDEX(ShipPartShape!$A:$A,MATCH(R64,ShipPartShape!$B:$B,0)),"-") -> 46600001 | T64: 선박외형장식_G | U64: =IFERROR(INDEX(ShipPartShape!$A:$A,MATCH(T64,ShipPartShape!$B:$B,0)),"-") -> 46600007 | V64: 선박외형장식_K | W64: =IFERROR(INDEX(ShipPartShape!$A:$A,MATCH(V64,ShipPartShape!$B:$B,0)),"-") -> 46600011 | X64: 선박외형장식_J | Y64: =IFERROR(INDEX(ShipPartShape!$A:$A,MATCH(X64,ShipPartShape!$B:$B,0)),"-") -> 46600010 | Z64: 선박외형장식_I | AA64: =IFERROR(INDEX(ShipPartShape!$A:$A,MATCH(Z64,ShipPartShape!$B:$B,0)),"-") -> 46600009 | AB64: 아우렐리우스 황제상 | AC64: =IFERROR(INDEX(ShipPartShape!$A:$A,MATCH(AB64,ShipPartShape!$B:$B,0)),"-") -> 46100038 | AE64: =IFERROR(INDEX(ShipPartShape!$A:$A,MATCH(AD64,ShipPartShape!$B:$B,0)),"-") -> - | AG64: =IFERROR(INDEX(ShipPartShape!$A:$A,MATCH(AF64,ShipPartShape!$B:$B,0)),"-") -> - | AH64: - | AI64: - | AJ64: - | AK64: - | AL64: - | AM64: - | AN64: - | AO64: - | AP64: - | AQ64: - | AR64: -
A65: =A64+1 -> 45000055 | B65: 대형 프리깃 | C65: Sk_Ship_LargeFrigate_Body | D65: 대형프리킷돛 | E65: 700 | F65: 80 | G65: =IFERROR(INDEX(ShipPartShape!$A:$A,MATCH(D65,ShipPartShape!$B:$B,0)),"-") -> 46000052 | H65: 램프_기본 | I65: =IFERROR(INDEX(ShipPartShape!$A:$A,MATCH(H65,ShipPartShape!$B:$B,0)),"-") -> 46700001 | K65: =IFERROR(INDEX(ShipPartShape!$A:$A,MATCH(J65,ShipPartShape!$B:$B,0)),"-") -> - | M65: =IFERROR(INDEX(ShipPartShape!$A:$A,MATCH(L65,ShipPartShape!$B:$B,0)),"-") -> - | O65: =IFERROR(INDEX(ShipPartShape!$A:$A,MATCH(N65,ShipPartShape!$B:$B,0)),"-") -> - | Q65: =IFERROR(INDEX(ShipPartShape!$A:$A,MATCH(P65,ShipPartShape!$B:$B,0)),"-") -> - | R65: 선박외형장식_A | S65: =IFERROR(INDEX(ShipPartShape!$A:$A,MATCH(R65,ShipPartShape!$B:$B,0)),"-") -> 46600001 | U65: =IFERROR(INDEX(ShipPartShape!$A:$A,MATCH(T65,ShipPartShape!$B:$B,0)),"-") -> - | W65: =IFERROR(INDEX(ShipPartShape!$A:$A,MATCH(V65,ShipPartShape!$B:$B,0)),"-") -> - | Y65: =IFERROR(INDEX(ShipPartShape!$A:$A,MATCH(X65,ShipPartShape!$B:$B,0)),"-") -> - | AA65: =IFERROR(INDEX(ShipPartShape!$A:$A,MATCH(Z65,ShipPartShape!$B:$B,0)),"-") -> - | AB65: 인어상 | AC65: =IFERROR(INDEX(ShipPartShape!$A:$A,MATCH(AB65,ShipPartShape!$B:$B,0)),"-") -> 46100039 | AE65: =IFERROR(INDEX(ShipPartShape!$A:$A,MATCH(AD65,ShipPartShape!$B:$B,0)),"-") -> - | AG65: =IFERROR(INDEX(ShipPartShape!$A:$A,MATCH(AF65,ShipPartShape!$B:$B,0)),"-") -> - | AH65: - | AI65: - | AJ65: - | AK65: - | AL65: - | AM65: - | AN65: - | AO65: - | AP65: - | AQ65: - | AR65: -
A66: =A65+1 -> 45000056 | B66: 갤리 | C66: SK_Ship_Galley_Body | D66: 갤리돛 | E66: 700 | F66: 80 | G66: =IFERROR(INDEX(ShipPartShape!$A:$A,MATCH(D66,ShipPartShape!$B:$B,0)),"-") -> 46000053 | H66: 램프_기본 | I66: =IFERROR(INDEX(ShipPartShape!$A:$A,MATCH(H66,ShipPartShape!$B:$B,0)),"-") -> 46700001 | J66: 갤리노 | K66: =IFERROR(INDEX(ShipPartShape!$A:$A,MATCH(J66,ShipPartShape!$B:$B,0)),"-") -> 46500004 | M66: =IFERROR(INDEX(ShipPartShape!$A:$A,MATCH(L66,ShipPartShape!$B:$B,0)),"-") -> - | O66: =IFERROR(INDEX(ShipPartShape!$A:$A,MATCH(N66,ShipPartShape!$B:$B,0)),"-") -> - | Q66: =IFERROR(INDEX(ShipPartShape!$A:$A,MATCH(P66,ShipPartShape!$B:$B,0)),"-") -> - | R66: 선박외형장식_B | S66: =IFERROR(INDEX(ShipPartShape!$A:$A,MATCH(R66,ShipPartShape!$B:$B,0)),"-") -> 46600002 | T66: 선박외형장식_C | U66: =IFERROR(INDEX(ShipPartShape!$A:$A,MATCH(T66,ShipPartShape!$B:$B,0)),"-") -> 46600003 | V66: 선박외형장식_I | W66: =IFERROR(INDEX(ShipPartShape!$A:$A,MATCH(V66,ShipPartShape!$B:$B,0)),"-") -> 46600009 | X66: 선박외형장식_J | Y66: =IFERROR(INDEX(ShipPartShape!$A:$A,MATCH(X66,ShipPartShape!$B:$B,0)),"-") -> 46600010 | AA66: =IFERROR(INDEX(ShipPartShape!$A:$A,MATCH(Z66,ShipPartShape!$B:$B,0)),"-") -> - | AB66: 나이트 호크상 | AC66: =IFERROR(INDEX(ShipPartShape!$A:$A,MATCH(AB66,ShipPartShape!$B:$B,0)),"-") -> 46100040 | AE66: =IFERROR(INDEX(ShipPartShape!$A:$A,MATCH(AD66,ShipPartShape!$B:$B,0)),"-") -> - | AG66: =IFERROR(INDEX(ShipPartShape!$A:$A,MATCH(AF66,ShipPartShape!$B:$B,0)),"-") -> - | AH66: - | AI66: - | AJ66: - | AK66: - | AL66: - | AM66: - | AN66: - | AO66: - | AP66: - | AQ66: - | AR66: -
A67: =A66+1 -> 45000057 | B67: 경량형 갤리 | C67: SK_Ship_LightGalley_Body | D67: 경량형갤리돛 | E67: 700 | F67: 80 | G67: =IFERROR(INDEX(ShipPartShape!$A:$A,MATCH(D67,ShipPartShape!$B:$B,0)),"-") -> 46000054 | H67: 램프_기본 | I67: =IFERROR(INDEX(ShipPartShape!$A:$A,MATCH(H67,ShipPartShape!$B:$B,0)),"-") -> 46700001 | J67: 경량형갤리노 | K67: =IFERROR(INDEX(ShipPartShape!$A:$A,MATCH(J67,ShipPartShape!$B:$B,0)),"-") -> 46500005 | M67: =IFERROR(INDEX(ShipPartShape!$A:$A,MATCH(L67,ShipPartShape!$B:$B,0)),"-") -> - | O67: =IFERROR(INDEX(ShipPartShape!$A:$A,MATCH(N67,ShipPartShape!$B:$B,0)),"-") -> - | Q67: =IFERROR(INDEX(ShipPartShape!$A:$A,MATCH(P67,ShipPartShape!$B:$B,0)),"-") -> - | R67: 선박외형장식_D | S67: =IFERROR(INDEX(ShipPartShape!$A:$A,MATCH(R67,ShipPartShape!$B:$B,0)),"-") -> 46600004 | T67: 선박외형장식_F | U67: =IFERROR(INDEX(ShipPartShape!$A:$A,MATCH(T67,ShipPartShape!$B:$B,0)),"-") -> 46600006 | V67: 선박외형장식_I | W67: =IFERROR(INDEX(ShipPartShape!$A:$A,MATCH(V67,ShipPartShape!$B:$B,0)),"-") -> 46600009 | X67: 선박외형장식_J | Y67: =IFERROR(INDEX(ShipPartShape!$A:$A,MATCH(X67,ShipPartShape!$B:$B,0)),"-") -> 46600010 | AA67: =IFERROR(INDEX(ShipPartShape!$A:$A,MATCH(Z67,ShipPartShape!$B:$B,0)),"-") -> - | AB67: 범고래상 | AC67: =IFERROR(INDEX(ShipPartShape!$A:$A,MATCH(AB67,ShipPartShape!$B:$B,0)),"-") -> 46100041 | AE67: =IFERROR(INDEX(ShipPartShape!$A:$A,MATCH(AD67,ShipPartShape!$B:$B,0)),"-") -> - | AG67: =IFERROR(INDEX(ShipPartShape!$A:$A,MATCH(AF67,ShipPartShape!$B:$B,0)),"-") -> - | AH67: - | AI67: - | AJ67: - | AK67: - | AL67: - | AM67: - | AN67: - | AO67: - | AP67: - | AQ67: - | AR67: -
A68: =A67+1 -> 45000058 | B68: 중 갤리 | C68: SK_Ship_HeavyGalley_Body | D68: 중갤리돛 | E68: 700 | F68: 80 | G68: =IFERROR(INDEX(ShipPartShape!$A:$A,MATCH(D68,ShipPartShape!$B:$B,0)),"-") -> 46000055 | H68: 램프_기본 | I68: =IFERROR(INDEX(ShipPartShape!$A:$A,MATCH(H68,ShipPartShape!$B:$B,0)),"-") -> 46700001 | J68: 중갤리노 | K68: =IFERROR(INDEX(ShipPartShape!$A:$A,MATCH(J68,ShipPartShape!$B:$B,0)),"-") -> 46500006 | M68: =IFERROR(INDEX(ShipPartShape!$A:$A,MATCH(L68,ShipPartShape!$B:$B,0)),"-") -> - | O68: =IFERROR(INDEX(ShipPartShape!$A:$A,MATCH(N68,ShipPartShape!$B:$B,0)),"-") -> - | Q68: =IFERROR(INDEX(ShipPartShape!$A:$A,MATCH(P68,ShipPartShape!$B:$B,0)),"-") -> - | R68: 선박외형장식_B | S68: =IFERROR(INDEX(ShipPartShape!$A:$A,MATCH(R68,ShipPartShape!$B:$B,0)),"-") -> 46600002 | T68: 선박외형장식_D | U68: =IFERROR(INDEX(ShipPartShape!$A:$A,MATCH(T68,ShipPartShape!$B:$B,0)),"-") -> 46600004 | V68: 선박외형장식_E | W68: =IFERROR(INDEX(ShipPartShape!$A:$A,MATCH(V68,ShipPartShape!$B:$B,0)),"-") -> 46600005 | X68: 선박외형장식_G | Y68: =IFERROR(INDEX(ShipPartShape!$A:$A,MATCH(X68,ShipPartShape!$B:$B,0)),"-") -> 46600007 | AA68: =IFERROR(INDEX(ShipPartShape!$A:$A,MATCH(Z68,ShipPartShape!$B:$B,0)),"-") -> - | AB68: 진주 솔개상 | AC68: =IFERROR(INDEX(ShipPartShape!$A:$A,MATCH(AB68,ShipPartShape!$B:$B,0)),"-") -> 46100042 | AE68: =IFERROR(INDEX(ShipPartShape!$A:$A,MATCH(AD68,ShipPartShape!$B:$B,0)),"-") -> - | AG68: =IFERROR(INDEX(ShipPartShape!$A:$A,MATCH(AF68,ShipPartShape!$B:$B,0)),"-") -> - | AH68: - | AI68: - | AJ68: - | AK68: - | AL68: - | AM68: - | AN68: - | AO68: - | AP68: - | AQ68: - | AR68: -
A69: =A68+1 -> 45000059 | B69: 정화의 보선 | C69: SK_Ship_Treasure_Body | D69: 정화의보선돛 | E69: 700 | F69: 80 | G69: =IFERROR(INDEX(ShipPartShape!$A:$A,MATCH(D69,ShipPartShape!$B:$B,0)),"-") -> 46000056 | H69: 램프_기본 | I69: =IFERROR(INDEX(ShipPartShape!$A:$A,MATCH(H69,ShipPartShape!$B:$B,0)),"-") -> 46700001 | J69: 대포_기본 | K69: =IFERROR(INDEX(ShipPartShape!$A:$A,MATCH(J69,ShipPartShape!$B:$B,0)),"-") -> 46300001 | M69: =IFERROR(INDEX(ShipPartShape!$A:$A,MATCH(L69,ShipPartShape!$B:$B,0)),"-") -> - | O69: =IFERROR(INDEX(ShipPartShape!$A:$A,MATCH(N69,ShipPartShape!$B:$B,0)),"-") -> - | Q69: =IFERROR(INDEX(ShipPartShape!$A:$A,MATCH(P69,ShipPartShape!$B:$B,0)),"-") -> - | S69: =IFERROR(INDEX(ShipPartShape!$A:$A,MATCH(R69,ShipPartShape!$B:$B,0)),"-") -> - | U69: =IFERROR(INDEX(ShipPartShape!$A:$A,MATCH(T69,ShipPartShape!$B:$B,0)),"-") -> - | W69: =IFERROR(INDEX(ShipPartShape!$A:$A,MATCH(V69,ShipPartShape!$B:$B,0)),"-") -> - | Y69: =IFERROR(INDEX(ShipPartShape!$A:$A,MATCH(X69,ShipPartShape!$B:$B,0)),"-") -> - | AA69: =IFERROR(INDEX(ShipPartShape!$A:$A,MATCH(Z69,ShipPartShape!$B:$B,0)),"-") -> - | AB69: 송골매상 | AC69: =IFERROR(INDEX(ShipPartShape!$A:$A,MATCH(AB69,ShipPartShape!$B:$B,0)),"-") -> 46100043 | AE69: =IFERROR(INDEX(ShipPartShape!$A:$A,MATCH(AD69,ShipPartShape!$B:$B,0)),"-") -> - | AG69: =IFERROR(INDEX(ShipPartShape!$A:$A,MATCH(AF69,ShipPartShape!$B:$B,0)),"-") -> - | AH69: - | AI69: - | AJ69: - | AK69: - | AL69: - | AM69: - | AN69: - | AO69: - | AP69: - | AQ69: - | AR69: -
A70: =A69+1 -> 45000060 | B70: 판호_대형 갤리온_왕실 | C70: SK_Ship_LargeGalleon_Body | D70: 대형갤리온돛 | E70: 700 | F70: 80 | G70: =IFERROR(INDEX(ShipPartShape!$A:$A,MATCH(D70,ShipPartShape!$B:$B,0)),"-") -> 46000038 | H70: 황금램프_대형갤리온 | I70: =IFERROR(INDEX(ShipPartShape!$A:$A,MATCH(H70,ShipPartShape!$B:$B,0)),"-") -> 46700002 | J70: 구명보트 | K70: =IFERROR(INDEX(ShipPartShape!$A:$A,MATCH(J70,ShipPartShape!$B:$B,0)),"-") -> 46550001 | L70: 대포_기본 | M70: =IFERROR(INDEX(ShipPartShape!$A:$A,MATCH(L70,ShipPartShape!$B:$B,0)),"-") -> 46300001 | O70: =IFERROR(INDEX(ShipPartShape!$A:$A,MATCH(N70,ShipPartShape!$B:$B,0)),"-") -> - | Q70: =IFERROR(INDEX(ShipPartShape!$A:$A,MATCH(P70,ShipPartShape!$B:$B,0)),"-") -> - | S70: =IFERROR(INDEX(ShipPartShape!$A:$A,MATCH(R70,ShipPartShape!$B:$B,0)),"-") -> - | U70: =IFERROR(INDEX(ShipPartShape!$A:$A,MATCH(T70,ShipPartShape!$B:$B,0)),"-") -> - | W70: =IFERROR(INDEX(ShipPartShape!$A:$A,MATCH(V70,ShipPartShape!$B:$B,0)),"-") -> - | Y70: =IFERROR(INDEX(ShipPartShape!$A:$A,MATCH(X70,ShipPartShape!$B:$B,0)),"-") -> - | AA70: =IFERROR(INDEX(ShipPartShape!$A:$A,MATCH(Z70,ShipPartShape!$B:$B,0)),"-") -> - | AC70: =IFERROR(INDEX(ShipPartShape!$A:$A,MATCH(AB70,ShipPartShape!$B:$B,0)),"-") -> - | AE70: =IFERROR(INDEX(ShipPartShape!$A:$A,MATCH(AD70,ShipPartShape!$B:$B,0)),"-") -> - | AG70: =IFERROR(INDEX(ShipPartShape!$A:$A,MATCH(AF70,ShipPartShape!$B:$B,0)),"-") -> - | AH70: - | AI70: - | AJ70: - | AK70: - | AL70: - | AM70: - | AN70: - | AO70: - | AP70: - | AQ70: - | AR70: -
A71: =A70+1 -> 45000061 | B71: 판호_아군대형 갤리온 | C71: SK_Ship_Galleon_Body | D71: 판호용_대형갤리온돛 | E71: 700 | F71: 80 | G71: =IFERROR(INDEX(ShipPartShape!$A:$A,MATCH(D71,ShipPartShape!$B:$B,0)),"-") -> 46000057 | H71: 기본램프_대형갤리온 | I71: =IFERROR(INDEX(ShipPartShape!$A:$A,MATCH(H71,ShipPartShape!$B:$B,0)),"-") -> 46700003 | J71: 구명보트 | K71: =IFERROR(INDEX(ShipPartShape!$A:$A,MATCH(J71,ShipPartShape!$B:$B,0)),"-") -> 46550001 | L71: 대포_기본 | M71: =IFERROR(INDEX(ShipPartShape!$A:$A,MATCH(L71,ShipPartShape!$B:$B,0)),"-") -> 46300001 | O71: =IFERROR(INDEX(ShipPartShape!$A:$A,MATCH(N71,ShipPartShape!$B:$B,0)),"-") -> - | P71: 해신상 | Q71: =IFERROR(INDEX(ShipPartShape!$A:$A,MATCH(P71,ShipPartShape!$B:$B,0)),"-") -> 46100003 | S71: =IFERROR(INDEX(ShipPartShape!$A:$A,MATCH(R71,ShipPartShape!$B:$B,0)),"-") -> - | U71: =IFERROR(INDEX(ShipPartShape!$A:$A,MATCH(T71,ShipPartShape!$B:$B,0)),"-") -> - | W71: =IFERROR(INDEX(ShipPartShape!$A:$A,MATCH(V71,ShipPartShape!$B:$B,0)),"-") -> - | Y71: =IFERROR(INDEX(ShipPartShape!$A:$A,MATCH(X71,ShipPartShape!$B:$B,0)),"-") -> - | AA71: =IFERROR(INDEX(ShipPartShape!$A:$A,MATCH(Z71,ShipPartShape!$B:$B,0)),"-") -> - | AC71: =IFERROR(INDEX(ShipPartShape!$A:$A,MATCH(AB71,ShipPartShape!$B:$B,0)),"-") -> - | AE71: =IFERROR(INDEX(ShipPartShape!$A:$A,MATCH(AD71,ShipPartShape!$B:$B,0)),"-") -> - | AG71: =IFERROR(INDEX(ShipPartShape!$A:$A,MATCH(AF71,ShipPartShape!$B:$B,0)),"-") -> - | AH71: - | AI71: - | AJ71: - | AK71: - | AL71: - | AM71: - | AN71: - | AO71: - | AP71: - | AQ71: - | AR71: -
A72: =A71+1 -> 45000062 | B72: 판호_아군슬루프 | C72: SK_Ship_Sloop_Body | D72: 판호용_슬로프돛 | E72: 700 | F72: 80 | G72: =IFERROR(INDEX(ShipPartShape!$A:$A,MATCH(D72,ShipPartShape!$B:$B,0)),"-") -> 46000058 | H72: 램프_기본 | I72: =IFERROR(INDEX(ShipPartShape!$A:$A,MATCH(H72,ShipPartShape!$B:$B,0)),"-") -> 46700001 | J72: 이단노선형 쐐기 | K72: =IFERROR(INDEX(ShipPartShape!$A:$A,MATCH(J72,ShipPartShape!$B:$B,0)),"-") -> 46200005 | L72: 흰머리독수리상 | M72: =IFERROR(INDEX(ShipPartShape!$A:$A,MATCH(L72,ShipPartShape!$B:$B,0)),"-") -> 46100005 | O72: =IFERROR(INDEX(ShipPartShape!$A:$A,MATCH(N72,ShipPartShape!$B:$B,0)),"-") -> - | Q72: =IFERROR(INDEX(ShipPartShape!$A:$A,MATCH(P72,ShipPartShape!$B:$B,0)),"-") -> - | S72: =IFERROR(INDEX(ShipPartShape!$A:$A,MATCH(R72,ShipPartShape!$B:$B,0)),"-") -> - | U72: =IFERROR(INDEX(ShipPartShape!$A:$A,MATCH(T72,ShipPartShape!$B:$B,0)),"-") -> - | W72: =IFERROR(INDEX(ShipPartShape!$A:$A,MATCH(V72,ShipPartShape!$B:$B,0)),"-") -> - | Y72: =IFERROR(INDEX(ShipPartShape!$A:$A,MATCH(X72,ShipPartShape!$B:$B,0)),"-") -> - | AA72: =IFERROR(INDEX(ShipPartShape!$A:$A,MATCH(Z72,ShipPartShape!$B:$B,0)),"-") -> - | AC72: =IFERROR(INDEX(ShipPartShape!$A:$A,MATCH(AB72,ShipPartShape!$B:$B,0)),"-") -> - | AE72: =IFERROR(INDEX(ShipPartShape!$A:$A,MATCH(AD72,ShipPartShape!$B:$B,0)),"-") -> - | AG72: =IFERROR(INDEX(ShipPartShape!$A:$A,MATCH(AF72,ShipPartShape!$B:$B,0)),"-") -> - | AH72: - | AI72: - | AJ72: - | AK72: - | AL72: - | AM72: - | AN72: - | AO72: - | AP72: - | AQ72: - | AR72: -
A73: =A72+1 -> 45000063 | B73: 판호_적군브리간틴 | C73: SK_Ship_Bergantin_Body | D73: 판호용_브리간틴돛 | E73: 700 | F73: 80 | G73: =IFERROR(INDEX(ShipPartShape!$A:$A,MATCH(D73,ShipPartShape!$B:$B,0)),"-") -> 46000059 | H73: 램프_기본 | I73: =IFERROR(INDEX(ShipPartShape!$A:$A,MATCH(H73,ShipPartShape!$B:$B,0)),"-") -> 46700001 | J73: 대포_기본 | K73: =IFERROR(INDEX(ShipPartShape!$A:$A,MATCH(J73,ShipPartShape!$B:$B,0)),"-") -> 46300001 | L73: 나무 기둥 쐐기 | M73: =IFERROR(INDEX(ShipPartShape!$A:$A,MATCH(L73,ShipPartShape!$B:$B,0)),"-") -> 46200003 | N73: 벌쳐상(콘도르) | O73: =IFERROR(INDEX(ShipPartShape!$A:$A,MATCH(N73,ShipPartShape!$B:$B,0)),"-") -> 46100006 | Q73: =IFERROR(INDEX(ShipPartShape!$A:$A,MATCH(P73,ShipPartShape!$B:$B,0)),"-") -> - | S73: =IFERROR(INDEX(ShipPartShape!$A:$A,MATCH(R73,ShipPartShape!$B:$B,0)),"-") -> - | U73: =IFERROR(INDEX(ShipPartShape!$A:$A,MATCH(T73,ShipPartShape!$B:$B,0)),"-") -> - | W73: =IFERROR(INDEX(ShipPartShape!$A:$A,MATCH(V73,ShipPartShape!$B:$B,0)),"-") -> - | Y73: =IFERROR(INDEX(ShipPartShape!$A:$A,MATCH(X73,ShipPartShape!$B:$B,0)),"-") -> - | AA73: =IFERROR(INDEX(ShipPartShape!$A:$A,MATCH(Z73,ShipPartShape!$B:$B,0)),"-") -> - | AC73: =IFERROR(INDEX(ShipPartShape!$A:$A,MATCH(AB73,ShipPartShape!$B:$B,0)),"-") -> - | AE73: =IFERROR(INDEX(ShipPartShape!$A:$A,MATCH(AD73,ShipPartShape!$B:$B,0)),"-") -> - | AG73: =IFERROR(INDEX(ShipPartShape!$A:$A,MATCH(AF73,ShipPartShape!$B:$B,0)),"-") -> - | AH73: - | AI73: - | AJ73: - | AK73: - | AL73: - | AM73: - | AN73: - | AO73: - | AP73: - | AQ73: - | AR73: -
A74: =A73+1 -> 45000064 | B74: 판호_적군오스만 갤리 | C74: SK_Ship_Osmangalley_Body | D74: 판호용_오스만겔리돛 | E74: 700 | F74: 80 | G74: =IFERROR(INDEX(ShipPartShape!$A:$A,MATCH(D74,ShipPartShape!$B:$B,0)),"-") -> 46000060 | H74: 램프_기본 | I74: =IFERROR(INDEX(ShipPartShape!$A:$A,MATCH(H74,ShipPartShape!$B:$B,0)),"-") -> 46700001 | J74: 오스만겔리노 | K74: =IFERROR(INDEX(ShipPartShape!$A:$A,MATCH(J74,ShipPartShape!$B:$B,0)),"-") -> 46500001 | L74: 드로몬형 충각 | M74: =IFERROR(INDEX(ShipPartShape!$A:$A,MATCH(L74,ShipPartShape!$B:$B,0)),"-") -> 46200007 | N74: 벌쳐상(콘도르) | O74: =IFERROR(INDEX(ShipPartShape!$A:$A,MATCH(N74,ShipPartShape!$B:$B,0)),"-") -> 46100006 | Q74: =IFERROR(INDEX(ShipPartShape!$A:$A,MATCH(P74,ShipPartShape!$B:$B,0)),"-") -> - | S74: =IFERROR(INDEX(ShipPartShape!$A:$A,MATCH(R74,ShipPartShape!$B:$B,0)),"-") -> - | U74: =IFERROR(INDEX(ShipPartShape!$A:$A,MATCH(T74,ShipPartShape!$B:$B,0)),"-") -> - | W74: =IFERROR(INDEX(ShipPartShape!$A:$A,MATCH(V74,ShipPartShape!$B:$B,0)),"-") -> - | Y74: =IFERROR(INDEX(ShipPartShape!$A:$A,MATCH(X74,ShipPartShape!$B:$B,0)),"-") -> - | AA74: =IFERROR(INDEX(ShipPartShape!$A:$A,MATCH(Z74,ShipPartShape!$B:$B,0)),"-") -> - | AC74: =IFERROR(INDEX(ShipPartShape!$A:$A,MATCH(AB74,ShipPartShape!$B:$B,0)),"-") -> - | AE74: =IFERROR(INDEX(ShipPartShape!$A:$A,MATCH(AD74,ShipPartShape!$B:$B,0)),"-") -> - | AG74: =IFERROR(INDEX(ShipPartShape!$A:$A,MATCH(AF74,ShipPartShape!$B:$B,0)),"-") -> - | AH74: - | AI74: - | AJ74: - | AK74: - | AL74: - | AM74: - | AN74: - | AO74: - | AP74: - | AQ74: - | AR74: -
A75: =A74+1 -> 45000065 | B75: 판호_보스오스만 갤리 | C75: SK_Ship_Osmangalley_Body | D75: 판호용_보스오스만겔리돛 | E75: 700 | F75: 80 | G75: =IFERROR(INDEX(ShipPartShape!$A:$A,MATCH(D75,ShipPartShape!$B:$B,0)),"-") -> 46000061 | H75: 램프_기본 | I75: =IFERROR(INDEX(ShipPartShape!$A:$A,MATCH(H75,ShipPartShape!$B:$B,0)),"-") -> 46700001 | J75: 오스만겔리노 | K75: =IFERROR(INDEX(ShipPartShape!$A:$A,MATCH(J75,ShipPartShape!$B:$B,0)),"-") -> 46500001 | L75: 드로몬형 충각 | M75: =IFERROR(INDEX(ShipPartShape!$A:$A,MATCH(L75,ShipPartShape!$B:$B,0)),"-") -> 46200007 | O75: =IFERROR(INDEX(ShipPartShape!$A:$A,MATCH(N75,ShipPartShape!$B:$B,0)),"-") -> - | Q75: =IFERROR(INDEX(ShipPartShape!$A:$A,MATCH(P75,ShipPartShape!$B:$B,0)),"-") -> - | S75: =IFERROR(INDEX(ShipPartShape!$A:$A,MATCH(R75,ShipPartShape!$B:$B,0)),"-") -> - | U75: =IFERROR(INDEX(ShipPartShape!$A:$A,MATCH(T75,ShipPartShape!$B:$B,0)),"-") -> - | W75: =IFERROR(INDEX(ShipPartShape!$A:$A,MATCH(V75,ShipPartShape!$B:$B,0)),"-") -> - | Y75: =IFERROR(INDEX(ShipPartShape!$A:$A,MATCH(X75,ShipPartShape!$B:$B,0)),"-") -> - | AA75: =IFERROR(INDEX(ShipPartShape!$A:$A,MATCH(Z75,ShipPartShape!$B:$B,0)),"-") -> - | AC75: =IFERROR(INDEX(ShipPartShape!$A:$A,MATCH(AB75,ShipPartShape!$B:$B,0)),"-") -> - | AE75: =IFERROR(INDEX(ShipPartShape!$A:$A,MATCH(AD75,ShipPartShape!$B:$B,0)),"-") -> - | AG75: =IFERROR(INDEX(ShipPartShape!$A:$A,MATCH(AF75,ShipPartShape!$B:$B,0)),"-") -> - | AH75: - | AI75: - | AJ75: - | AK75: - | AL75: - | AM75: - | AN75: - | AO75: - | AP75: - | AQ75: - | AR75: -
A76: =A75+1 -> 45000066 | B76: 판호_보스전열함 | C76: SK_Ship_VaisseauBoss_Body | D76: 판호_보스전열함돛 | E76: 700 | F76: 80 | G76: =IFERROR(INDEX(ShipPartShape!$A:$A,MATCH(D76,ShipPartShape!$B:$B,0)),"-") -> 46000062 | H76: 램프_기본 | I76: =IFERROR(INDEX(ShipPartShape!$A:$A,MATCH(H76,ShipPartShape!$B:$B,0)),"-") -> 46700001 | J76: 세락 파각 | K76: =IFERROR(INDEX(ShipPartShape!$A:$A,MATCH(J76,ShipPartShape!$B:$B,0)),"-") -> 46200010 | L76: 맨티코어상 | M76: =IFERROR(INDEX(ShipPartShape!$A:$A,MATCH(L76,ShipPartShape!$B:$B,0)),"-") -> 46100004 | N76: 대포_기본 | O76: =IFERROR(INDEX(ShipPartShape!$A:$A,MATCH(N76,ShipPartShape!$B:$B,0)),"-") -> 46300001 | Q76: =IFERROR(INDEX(ShipPartShape!$A:$A,MATCH(P76,ShipPartShape!$B:$B,0)),"-") -> - | S76: =IFERROR(INDEX(ShipPartShape!$A:$A,MATCH(R76,ShipPartShape!$B:$B,0)),"-") -> - | U76: =IFERROR(INDEX(ShipPartShape!$A:$A,MATCH(T76,ShipPartShape!$B:$B,0)),"-") -> - | W76: =IFERROR(INDEX(ShipPartShape!$A:$A,MATCH(V76,ShipPartShape!$B:$B,0)),"-") -> - | Y76: =IFERROR(INDEX(ShipPartShape!$A:$A,MATCH(X76,ShipPartShape!$B:$B,0)),"-") -> - | AA76: =IFERROR(INDEX(ShipPartShape!$A:$A,MATCH(Z76,ShipPartShape!$B:$B,0)),"-") -> - | AC76: =IFERROR(INDEX(ShipPartShape!$A:$A,MATCH(AB76,ShipPartShape!$B:$B,0)),"-") -> - | AE76: =IFERROR(INDEX(ShipPartShape!$A:$A,MATCH(AD76,ShipPartShape!$B:$B,0)),"-") -> - | AG76: =IFERROR(INDEX(ShipPartShape!$A:$A,MATCH(AF76,ShipPartShape!$B:$B,0)),"-") -> - | AH76: - | AI76: - | AJ76: - | AK76: - | AL76: - | AM76: - | AN76: - | AO76: - | AP76: - | AQ76: - | AR76: -
A77: =A76+1 -> 45000067 | B77: 튜토_나오_엑스트라 선박1 | C77: SK_Ship_Nao_body | D77: 나오돛 | E77: 700 | F77: 80 | G77: =IFERROR(INDEX(ShipPartShape!$A:$A,MATCH(D77,ShipPartShape!$B:$B,0)),"-") -> 46000044 | H77: 램프_기본 | I77: =IFERROR(INDEX(ShipPartShape!$A:$A,MATCH(H77,ShipPartShape!$B:$B,0)),"-") -> 46700001 | J77: 벌쳐상(콘도르) | K77: =IFERROR(INDEX(ShipPartShape!$A:$A,MATCH(J77,ShipPartShape!$B:$B,0)),"-") -> 46100006 | L77: 나무 기둥 쐐기 | M77: =IFERROR(INDEX(ShipPartShape!$A:$A,MATCH(L77,ShipPartShape!$B:$B,0)),"-") -> 46200003 | N77: 대포_기본 | O77: =IFERROR(INDEX(ShipPartShape!$A:$A,MATCH(N77,ShipPartShape!$B:$B,0)),"-") -> 46300001 | P77: 목재닻 | Q77: =IFERROR(INDEX(ShipPartShape!$A:$A,MATCH(P77,ShipPartShape!$B:$B,0)),"-") -> 46400003 | S77: =IFERROR(INDEX(ShipPartShape!$A:$A,MATCH(R77,ShipPartShape!$B:$B,0)),"-") -> - | U77: =IFERROR(INDEX(ShipPartShape!$A:$A,MATCH(T77,ShipPartShape!$B:$B,0)),"-") -> - | W77: =IFERROR(INDEX(ShipPartShape!$A:$A,MATCH(V77,ShipPartShape!$B:$B,0)),"-") -> - | Y77: =IFERROR(INDEX(ShipPartShape!$A:$A,MATCH(X77,ShipPartShape!$B:$B,0)),"-") -> - | AA77: =IFERROR(INDEX(ShipPartShape!$A:$A,MATCH(Z77,ShipPartShape!$B:$B,0)),"-") -> - | AC77: =IFERROR(INDEX(ShipPartShape!$A:$A,MATCH(AB77,ShipPartShape!$B:$B,0)),"-") -> - | AE77: =IFERROR(INDEX(ShipPartShape!$A:$A,MATCH(AD77,ShipPartShape!$B:$B,0)),"-") -> - | AG77: =IFERROR(INDEX(ShipPartShape!$A:$A,MATCH(AF77,ShipPartShape!$B:$B,0)),"-") -> - | AH77: - | AI77: - | AJ77: - | AK77: - | AL77: - | AM77: - | AN77: - | AO77: - | AP77: - | AQ77: - | AR77: -
A78: =A77+1 -> 45000068 | B78: 튜토_나오_엑스트라 선박2 | C78: SK_Ship_Nao_body | D78: 프롤로그_나오돛 | E78: 700 | F78: 80 | G78: =IFERROR(INDEX(ShipPartShape!$A:$A,MATCH(D78,ShipPartShape!$B:$B,0)),"-") -> 46000063 | H78: 램프_기본 | I78: =IFERROR(INDEX(ShipPartShape!$A:$A,MATCH(H78,ShipPartShape!$B:$B,0)),"-") -> 46700001 | J78: 흰머리독수리상 | K78: =IFERROR(INDEX(ShipPartShape!$A:$A,MATCH(J78,ShipPartShape!$B:$B,0)),"-") -> 46100005 | L78: 리부르나형 쐐기 | M78: =IFERROR(INDEX(ShipPartShape!$A:$A,MATCH(L78,ShipPartShape!$B:$B,0)),"-") -> 46200004 | N78: 대포_기본 | O78: =IFERROR(INDEX(ShipPartShape!$A:$A,MATCH(N78,ShipPartShape!$B:$B,0)),"-") -> 46300001 | P78: 인어닻 | Q78: =IFERROR(INDEX(ShipPartShape!$A:$A,MATCH(P78,ShipPartShape!$B:$B,0)),"-") -> 46400004 | S78: =IFERROR(INDEX(ShipPartShape!$A:$A,MATCH(R78,ShipPartShape!$B:$B,0)),"-") -> - | U78: =IFERROR(INDEX(ShipPartShape!$A:$A,MATCH(T78,ShipPartShape!$B:$B,0)),"-") -> - | W78: =IFERROR(INDEX(ShipPartShape!$A:$A,MATCH(V78,ShipPartShape!$B:$B,0)),"-") -> - | Y78: =IFERROR(INDEX(ShipPartShape!$A:$A,MATCH(X78,ShipPartShape!$B:$B,0)),"-") -> - | AA78: =IFERROR(INDEX(ShipPartShape!$A:$A,MATCH(Z78,ShipPartShape!$B:$B,0)),"-") -> - | AC78: =IFERROR(INDEX(ShipPartShape!$A:$A,MATCH(AB78,ShipPartShape!$B:$B,0)),"-") -> - | AE78: =IFERROR(INDEX(ShipPartShape!$A:$A,MATCH(AD78,ShipPartShape!$B:$B,0)),"-") -> - | AG78: =IFERROR(INDEX(ShipPartShape!$A:$A,MATCH(AF78,ShipPartShape!$B:$B,0)),"-") -> - | AH78: - | AI78: - | AJ78: - | AK78: - | AL78: - | AM78: - | AN78: - | AO78: - | AP78: - | AQ78: - | AR78: -
A79: =A78+1 -> 45000069 | B79: 튜토_바스_엑스트라 선박1 | C79: SK_Ship_Buss_body | D79: 바스돛 | E79: 700 | F79: 80 | G79: =IFERROR(INDEX(ShipPartShape!$A:$A,MATCH(D79,ShipPartShape!$B:$B,0)),"-") -> 46000045 | H79: 램프_기본 | I79: =IFERROR(INDEX(ShipPartShape!$A:$A,MATCH(H79,ShipPartShape!$B:$B,0)),"-") -> 46700001 | J79: 벌쳐상(콘도르) | K79: =IFERROR(INDEX(ShipPartShape!$A:$A,MATCH(J79,ShipPartShape!$B:$B,0)),"-") -> 46100006 | L79: 이단노선형 쐐기 | M79: =IFERROR(INDEX(ShipPartShape!$A:$A,MATCH(L79,ShipPartShape!$B:$B,0)),"-") -> 46200005 | N79: 대포_기본 | O79: =IFERROR(INDEX(ShipPartShape!$A:$A,MATCH(N79,ShipPartShape!$B:$B,0)),"-") -> 46300001 | P79: 사신닻 | Q79: =IFERROR(INDEX(ShipPartShape!$A:$A,MATCH(P79,ShipPartShape!$B:$B,0)),"-") -> 46400005 | S79: =IFERROR(INDEX(ShipPartShape!$A:$A,MATCH(R79,ShipPartShape!$B:$B,0)),"-") -> - | U79: =IFERROR(INDEX(ShipPartShape!$A:$A,MATCH(T79,ShipPartShape!$B:$B,0)),"-") -> - | W79: =IFERROR(INDEX(ShipPartShape!$A:$A,MATCH(V79,ShipPartShape!$B:$B,0)),"-") -> - | Y79: =IFERROR(INDEX(ShipPartShape!$A:$A,MATCH(X79,ShipPartShape!$B:$B,0)),"-") -> - | AA79: =IFERROR(INDEX(ShipPartShape!$A:$A,MATCH(Z79,ShipPartShape!$B:$B,0)),"-") -> - | AC79: =IFERROR(INDEX(ShipPartShape!$A:$A,MATCH(AB79,ShipPartShape!$B:$B,0)),"-") -> - | AE79: =IFERROR(INDEX(ShipPartShape!$A:$A,MATCH(AD79,ShipPartShape!$B:$B,0)),"-") -> - | AG79: =IFERROR(INDEX(ShipPartShape!$A:$A,MATCH(AF79,ShipPartShape!$B:$B,0)),"-") -> - | AH79: - | AI79: - | AJ79: - | AK79: - | AL79: - | AM79: - | AN79: - | AO79: - | AP79: - | AQ79: - | AR79: -
A80: =A79+1 -> 45000070 | B80: 튜토_바스_엑스트라 선박2 | C80: SK_Ship_Buss_body | D80: 프롤로그_바스돛 | E80: 700 | F80: 80 | G80: =IFERROR(INDEX(ShipPartShape!$A:$A,MATCH(D80,ShipPartShape!$B:$B,0)),"-") -> 46000064 | H80: 램프_기본 | I80: =IFERROR(INDEX(ShipPartShape!$A:$A,MATCH(H80,ShipPartShape!$B:$B,0)),"-") -> 46700001 | J80: 흰머리독수리상 | K80: =IFERROR(INDEX(ShipPartShape!$A:$A,MATCH(J80,ShipPartShape!$B:$B,0)),"-") -> 46100005 | L80: 삼단노선형 쐐기 | M80: =IFERROR(INDEX(ShipPartShape!$A:$A,MATCH(L80,ShipPartShape!$B:$B,0)),"-") -> 46200006 | N80: 대포_기본 | O80: =IFERROR(INDEX(ShipPartShape!$A:$A,MATCH(N80,ShipPartShape!$B:$B,0)),"-") -> 46300001 | P80: 쌍둥이뱀닻 | Q80: =IFERROR(INDEX(ShipPartShape!$A:$A,MATCH(P80,ShipPartShape!$B:$B,0)),"-") -> 46400006 | S80: =IFERROR(INDEX(ShipPartShape!$A:$A,MATCH(R80,ShipPartShape!$B:$B,0)),"-") -> - | U80: =IFERROR(INDEX(ShipPartShape!$A:$A,MATCH(T80,ShipPartShape!$B:$B,0)),"-") -> - | W80: =IFERROR(INDEX(ShipPartShape!$A:$A,MATCH(V80,ShipPartShape!$B:$B,0)),"-") -> - | Y80: =IFERROR(INDEX(ShipPartShape!$A:$A,MATCH(X80,ShipPartShape!$B:$B,0)),"-") -> - | AA80: =IFERROR(INDEX(ShipPartShape!$A:$A,MATCH(Z80,ShipPartShape!$B:$B,0)),"-") -> - | AC80: =IFERROR(INDEX(ShipPartShape!$A:$A,MATCH(AB80,ShipPartShape!$B:$B,0)),"-") -> - | AE80: =IFERROR(INDEX(ShipPartShape!$A:$A,MATCH(AD80,ShipPartShape!$B:$B,0)),"-") -> - | AG80: =IFERROR(INDEX(ShipPartShape!$A:$A,MATCH(AF80,ShipPartShape!$B:$B,0)),"-") -> - | AH80: - | AI80: - | AJ80: - | AK80: - | AL80: - | AM80: - | AN80: - | AO80: - | AP80: - | AQ80: - | AR80: -
A81: =A80+1 -> 45000071 | B81: 튜토_바르카_엑스트라 선박1 | C81: SK_Ship_Barca_Body | D81: 바르카3흰색돛 | E81: 700 | F81: 80 | G81: =IFERROR(INDEX(ShipPartShape!$A:$A,MATCH(D81,ShipPartShape!$B:$B,0)),"-") -> 46000008 | H81: 램프_기본 | I81: =IFERROR(INDEX(ShipPartShape!$A:$A,MATCH(H81,ShipPartShape!$B:$B,0)),"-") -> 46700001 | J81: 벌쳐상(콘도르) | K81: =IFERROR(INDEX(ShipPartShape!$A:$A,MATCH(J81,ShipPartShape!$B:$B,0)),"-") -> 46100006 | L81: 드로몬형 충각 | M81: =IFERROR(INDEX(ShipPartShape!$A:$A,MATCH(L81,ShipPartShape!$B:$B,0)),"-") -> 46200007 | N81: 대포_기본 | O81: =IFERROR(INDEX(ShipPartShape!$A:$A,MATCH(N81,ShipPartShape!$B:$B,0)),"-") -> 46300001 | P81: 목재닻 | Q81: =IFERROR(INDEX(ShipPartShape!$A:$A,MATCH(P81,ShipPartShape!$B:$B,0)),"-") -> 46400003 | S81: =IFERROR(INDEX(ShipPartShape!$A:$A,MATCH(R81,ShipPartShape!$B:$B,0)),"-") -> - | U81: =IFERROR(INDEX(ShipPartShape!$A:$A,MATCH(T81,ShipPartShape!$B:$B,0)),"-") -> - | W81: =IFERROR(INDEX(ShipPartShape!$A:$A,MATCH(V81,ShipPartShape!$B:$B,0)),"-") -> - | Y81: =IFERROR(INDEX(ShipPartShape!$A:$A,MATCH(X81,ShipPartShape!$B:$B,0)),"-") -> - | AA81: =IFERROR(INDEX(ShipPartShape!$A:$A,MATCH(Z81,ShipPartShape!$B:$B,0)),"-") -> - | AC81: =IFERROR(INDEX(ShipPartShape!$A:$A,MATCH(AB81,ShipPartShape!$B:$B,0)),"-") -> - | AE81: =IFERROR(INDEX(ShipPartShape!$A:$A,MATCH(AD81,ShipPartShape!$B:$B,0)),"-") -> - | AG81: =IFERROR(INDEX(ShipPartShape!$A:$A,MATCH(AF81,ShipPartShape!$B:$B,0)),"-") -> - | AH81: - | AI81: - | AJ81: - | AK81: - | AL81: - | AM81: - | AN81: - | AO81: - | AP81: - | AQ81: - | AR81: -
A82: =A81+1 -> 45000072 | B82: 튜토_바르카_엑스트라 선박2 | C82: SK_Ship_Barca_Body | D82: 프롤로그_바르카3돛 | E82: 700 | F82: 80 | G82: =IFERROR(INDEX(ShipPartShape!$A:$A,MATCH(D82,ShipPartShape!$B:$B,0)),"-") -> 46000065 | H82: 램프_기본 | I82: =IFERROR(INDEX(ShipPartShape!$A:$A,MATCH(H82,ShipPartShape!$B:$B,0)),"-") -> 46700001 | J82: 흰머리독수리상 | K82: =IFERROR(INDEX(ShipPartShape!$A:$A,MATCH(J82,ShipPartShape!$B:$B,0)),"-") -> 46100005 | L82: 삼단 대형 충각 | M82: =IFERROR(INDEX(ShipPartShape!$A:$A,MATCH(L82,ShipPartShape!$B:$B,0)),"-") -> 46200008 | N82: 대포_기본 | O82: =IFERROR(INDEX(ShipPartShape!$A:$A,MATCH(N82,ShipPartShape!$B:$B,0)),"-") -> 46300001 | P82: 인어닻 | Q82: =IFERROR(INDEX(ShipPartShape!$A:$A,MATCH(P82,ShipPartShape!$B:$B,0)),"-") -> 46400004 | S82: =IFERROR(INDEX(ShipPartShape!$A:$A,MATCH(R82,ShipPartShape!$B:$B,0)),"-") -> - | U82: =IFERROR(INDEX(ShipPartShape!$A:$A,MATCH(T82,ShipPartShape!$B:$B,0)),"-") -> - | W82: =IFERROR(INDEX(ShipPartShape!$A:$A,MATCH(V82,ShipPartShape!$B:$B,0)),"-") -> - | Y82: =IFERROR(INDEX(ShipPartShape!$A:$A,MATCH(X82,ShipPartShape!$B:$B,0)),"-") -> - | AA82: =IFERROR(INDEX(ShipPartShape!$A:$A,MATCH(Z82,ShipPartShape!$B:$B,0)),"-") -> - | AC82: =IFERROR(INDEX(ShipPartShape!$A:$A,MATCH(AB82,ShipPartShape!$B:$B,0)),"-") -> - | AE82: =IFERROR(INDEX(ShipPartShape!$A:$A,MATCH(AD82,ShipPartShape!$B:$B,0)),"-") -> - | AG82: =IFERROR(INDEX(ShipPartShape!$A:$A,MATCH(AF82,ShipPartShape!$B:$B,0)),"-") -> - | AH82: - | AI82: - | AJ82: - | AK82: - | AL82: - | AM82: - | AN82: - | AO82: - | AP82: - | AQ82: - | AR82: -
A83: =A82+1 -> 45000073 | B83: 튜토_타렛테_엑스트라 선박1 | C83: SK_Ship_Talette_Body | D83: 바르카4흰색돛 | E83: 700 | F83: 80 | G83: =IFERROR(INDEX(ShipPartShape!$A:$A,MATCH(D83,ShipPartShape!$B:$B,0)),"-") -> 46000014 | H83: 램프_기본 | I83: =IFERROR(INDEX(ShipPartShape!$A:$A,MATCH(H83,ShipPartShape!$B:$B,0)),"-") -> 46700001 | J83: 벌쳐상(콘도르) | K83: =IFERROR(INDEX(ShipPartShape!$A:$A,MATCH(J83,ShipPartShape!$B:$B,0)),"-") -> 46100006 | L83: 쇄빙 충각 | M83: =IFERROR(INDEX(ShipPartShape!$A:$A,MATCH(L83,ShipPartShape!$B:$B,0)),"-") -> 46200009 | N83: 대포_기본 | O83: =IFERROR(INDEX(ShipPartShape!$A:$A,MATCH(N83,ShipPartShape!$B:$B,0)),"-") -> 46300001 | P83: 사신닻 | Q83: =IFERROR(INDEX(ShipPartShape!$A:$A,MATCH(P83,ShipPartShape!$B:$B,0)),"-") -> 46400005 | S83: =IFERROR(INDEX(ShipPartShape!$A:$A,MATCH(R83,ShipPartShape!$B:$B,0)),"-") -> - | U83: =IFERROR(INDEX(ShipPartShape!$A:$A,MATCH(T83,ShipPartShape!$B:$B,0)),"-") -> - | W83: =IFERROR(INDEX(ShipPartShape!$A:$A,MATCH(V83,ShipPartShape!$B:$B,0)),"-") -> - | Y83: =IFERROR(INDEX(ShipPartShape!$A:$A,MATCH(X83,ShipPartShape!$B:$B,0)),"-") -> - | AA83: =IFERROR(INDEX(ShipPartShape!$A:$A,MATCH(Z83,ShipPartShape!$B:$B,0)),"-") -> - | AC83: =IFERROR(INDEX(ShipPartShape!$A:$A,MATCH(AB83,ShipPartShape!$B:$B,0)),"-") -> - | AE83: =IFERROR(INDEX(ShipPartShape!$A:$A,MATCH(AD83,ShipPartShape!$B:$B,0)),"-") -> - | AG83: =IFERROR(INDEX(ShipPartShape!$A:$A,MATCH(AF83,ShipPartShape!$B:$B,0)),"-") -> - | AH83: - | AI83: - | AJ83: - | AK83: - | AL83: - | AM83: - | AN83: - | AO83: - | AP83: - | AQ83: - | AR83: -
A84: =A83+1 -> 45000074 | B84: 튜토_타렛테_엑스트라 선박2 | C84: SK_Ship_Talette_Body | D84: 프롤로그_바르카4돛 | E84: 700 | F84: 80 | G84: =IFERROR(INDEX(ShipPartShape!$A:$A,MATCH(D84,ShipPartShape!$B:$B,0)),"-") -> 46000066 | H84: 램프_기본 | I84: =IFERROR(INDEX(ShipPartShape!$A:$A,MATCH(H84,ShipPartShape!$B:$B,0)),"-") -> 46700001 | J84: 흰머리독수리상 | K84: =IFERROR(INDEX(ShipPartShape!$A:$A,MATCH(J84,ShipPartShape!$B:$B,0)),"-") -> 46100005 | L84: 세락 파각 | M84: =IFERROR(INDEX(ShipPartShape!$A:$A,MATCH(L84,ShipPartShape!$B:$B,0)),"-") -> 46200010 | N84: 대포_기본 | O84: =IFERROR(INDEX(ShipPartShape!$A:$A,MATCH(N84,ShipPartShape!$B:$B,0)),"-") -> 46300001 | P84: 쌍둥이뱀닻 | Q84: =IFERROR(INDEX(ShipPartShape!$A:$A,MATCH(P84,ShipPartShape!$B:$B,0)),"-") -> 46400006 | S84: =IFERROR(INDEX(ShipPartShape!$A:$A,MATCH(R84,ShipPartShape!$B:$B,0)),"-") -> - | U84: =IFERROR(INDEX(ShipPartShape!$A:$A,MATCH(T84,ShipPartShape!$B:$B,0)),"-") -> - | W84: =IFERROR(INDEX(ShipPartShape!$A:$A,MATCH(V84,ShipPartShape!$B:$B,0)),"-") -> - | Y84: =IFERROR(INDEX(ShipPartShape!$A:$A,MATCH(X84,ShipPartShape!$B:$B,0)),"-") -> - | AA84: =IFERROR(INDEX(ShipPartShape!$A:$A,MATCH(Z84,ShipPartShape!$B:$B,0)),"-") -> - | AC84: =IFERROR(INDEX(ShipPartShape!$A:$A,MATCH(AB84,ShipPartShape!$B:$B,0)),"-") -> - | AE84: =IFERROR(INDEX(ShipPartShape!$A:$A,MATCH(AD84,ShipPartShape!$B:$B,0)),"-") -> - | AG84: =IFERROR(INDEX(ShipPartShape!$A:$A,MATCH(AF84,ShipPartShape!$B:$B,0)),"-") -> - | AH84: - | AI84: - | AJ84: - | AK84: - | AL84: - | AM84: - | AN84: - | AO84: - | AP84: - | AQ84: - | AR84: -
A85: =A84+1 -> 45000075 | B85: 튜토_대형 갤리온_엑스트라 선박1 | C85: SK_Ship_Galleon_Body | D85: 대형갤리온돛 | E85: 700 | F85: 80 | G85: =IFERROR(INDEX(ShipPartShape!$A:$A,MATCH(D85,ShipPartShape!$B:$B,0)),"-") -> 46000038 | H85: 램프_기본 | I85: =IFERROR(INDEX(ShipPartShape!$A:$A,MATCH(H85,ShipPartShape!$B:$B,0)),"-") -> 46700001 | J85: 벌쳐상(콘도르) | K85: =IFERROR(INDEX(ShipPartShape!$A:$A,MATCH(J85,ShipPartShape!$B:$B,0)),"-") -> 46100006 | L85: 목제 꺽쇠 충각 | M85: =IFERROR(INDEX(ShipPartShape!$A:$A,MATCH(L85,ShipPartShape!$B:$B,0)),"-") -> 46200017 | N85: 대포_기본 | O85: =IFERROR(INDEX(ShipPartShape!$A:$A,MATCH(N85,ShipPartShape!$B:$B,0)),"-") -> 46300001 | P85: 목재닻 | Q85: =IFERROR(INDEX(ShipPartShape!$A:$A,MATCH(P85,ShipPartShape!$B:$B,0)),"-") -> 46400003 | S85: =IFERROR(INDEX(ShipPartShape!$A:$A,MATCH(R85,ShipPartShape!$B:$B,0)),"-") -> - | U85: =IFERROR(INDEX(ShipPartShape!$A:$A,MATCH(T85,ShipPartShape!$B:$B,0)),"-") -> - | W85: =IFERROR(INDEX(ShipPartShape!$A:$A,MATCH(V85,ShipPartShape!$B:$B,0)),"-") -> - | Y85: =IFERROR(INDEX(ShipPartShape!$A:$A,MATCH(X85,ShipPartShape!$B:$B,0)),"-") -> - | AA85: =IFERROR(INDEX(ShipPartShape!$A:$A,MATCH(Z85,ShipPartShape!$B:$B,0)),"-") -> - | AC85: =IFERROR(INDEX(ShipPartShape!$A:$A,MATCH(AB85,ShipPartShape!$B:$B,0)),"-") -> - | AE85: =IFERROR(INDEX(ShipPartShape!$A:$A,MATCH(AD85,ShipPartShape!$B:$B,0)),"-") -> - | AG85: =IFERROR(INDEX(ShipPartShape!$A:$A,MATCH(AF85,ShipPartShape!$B:$B,0)),"-") -> - | AH85: - | AI85: - | AJ85: - | AK85: - | AL85: - | AM85: - | AN85: - | AO85: - | AP85: - | AQ85: - | AR85: -
A86: =A85+1 -> 45000076 | B86: 튜토_대형 갤리온_엑스트라 선박2 | C86: SK_Ship_Galleon_Body | D86: 프롤로그_대형갤리온돛 | E86: 700 | F86: 80 | G86: =IFERROR(INDEX(ShipPartShape!$A:$A,MATCH(D86,ShipPartShape!$B:$B,0)),"-") -> 46000067 | H86: 램프_기본 | I86: =IFERROR(INDEX(ShipPartShape!$A:$A,MATCH(H86,ShipPartShape!$B:$B,0)),"-") -> 46700001 | J86: 흰머리독수리상 | K86: =IFERROR(INDEX(ShipPartShape!$A:$A,MATCH(J86,ShipPartShape!$B:$B,0)),"-") -> 46100005 | L86: 레이피어 충각 | M86: =IFERROR(INDEX(ShipPartShape!$A:$A,MATCH(L86,ShipPartShape!$B:$B,0)),"-") -> 46200012 | N86: 대포_기본 | O86: =IFERROR(INDEX(ShipPartShape!$A:$A,MATCH(N86,ShipPartShape!$B:$B,0)),"-") -> 46300001 | P86: 인어닻 | Q86: =IFERROR(INDEX(ShipPartShape!$A:$A,MATCH(P86,ShipPartShape!$B:$B,0)),"-") -> 46400004 | S86: =IFERROR(INDEX(ShipPartShape!$A:$A,MATCH(R86,ShipPartShape!$B:$B,0)),"-") -> - | U86: =IFERROR(INDEX(ShipPartShape!$A:$A,MATCH(T86,ShipPartShape!$B:$B,0)),"-") -> - | W86: =IFERROR(INDEX(ShipPartShape!$A:$A,MATCH(V86,ShipPartShape!$B:$B,0)),"-") -> - | Y86: =IFERROR(INDEX(ShipPartShape!$A:$A,MATCH(X86,ShipPartShape!$B:$B,0)),"-") -> - | AA86: =IFERROR(INDEX(ShipPartShape!$A:$A,MATCH(Z86,ShipPartShape!$B:$B,0)),"-") -> - | AC86: =IFERROR(INDEX(ShipPartShape!$A:$A,MATCH(AB86,ShipPartShape!$B:$B,0)),"-") -> - | AE86: =IFERROR(INDEX(ShipPartShape!$A:$A,MATCH(AD86,ShipPartShape!$B:$B,0)),"-") -> - | AG86: =IFERROR(INDEX(ShipPartShape!$A:$A,MATCH(AF86,ShipPartShape!$B:$B,0)),"-") -> - | AH86: - | AI86: - | AJ86: - | AK86: - | AL86: - | AM86: - | AN86: - | AO86: - | AP86: - | AQ86: - | AR86: -
A87: =A86+1 -> 45000077 | B87: 튜토_브리간틴_엑스트라 선박1 | C87: SK_Ship_Bergantin_Body | D87: 브리간틴돛 | E87: 700 | F87: 80 | G87: =IFERROR(INDEX(ShipPartShape!$A:$A,MATCH(D87,ShipPartShape!$B:$B,0)),"-") -> 46000043 | H87: 램프_기본 | I87: =IFERROR(INDEX(ShipPartShape!$A:$A,MATCH(H87,ShipPartShape!$B:$B,0)),"-") -> 46700001 | J87: 벌쳐상(콘도르) | K87: =IFERROR(INDEX(ShipPartShape!$A:$A,MATCH(J87,ShipPartShape!$B:$B,0)),"-") -> 46100006 | L87: 창형 충각 | M87: =IFERROR(INDEX(ShipPartShape!$A:$A,MATCH(L87,ShipPartShape!$B:$B,0)),"-") -> 46200013 | N87: 대포_기본 | O87: =IFERROR(INDEX(ShipPartShape!$A:$A,MATCH(N87,ShipPartShape!$B:$B,0)),"-") -> 46300001 | P87: 사신닻 | Q87: =IFERROR(INDEX(ShipPartShape!$A:$A,MATCH(P87,ShipPartShape!$B:$B,0)),"-") -> 46400005 | S87: =IFERROR(INDEX(ShipPartShape!$A:$A,MATCH(R87,ShipPartShape!$B:$B,0)),"-") -> - | U87: =IFERROR(INDEX(ShipPartShape!$A:$A,MATCH(T87,ShipPartShape!$B:$B,0)),"-") -> - | W87: =IFERROR(INDEX(ShipPartShape!$A:$A,MATCH(V87,ShipPartShape!$B:$B,0)),"-") -> - | Y87: =IFERROR(INDEX(ShipPartShape!$A:$A,MATCH(X87,ShipPartShape!$B:$B,0)),"-") -> - | AA87: =IFERROR(INDEX(ShipPartShape!$A:$A,MATCH(Z87,ShipPartShape!$B:$B,0)),"-") -> - | AC87: =IFERROR(INDEX(ShipPartShape!$A:$A,MATCH(AB87,ShipPartShape!$B:$B,0)),"-") -> - | AE87: =IFERROR(INDEX(ShipPartShape!$A:$A,MATCH(AD87,ShipPartShape!$B:$B,0)),"-") -> - | AG87: =IFERROR(INDEX(ShipPartShape!$A:$A,MATCH(AF87,ShipPartShape!$B:$B,0)),"-") -> - | AH87: - | AI87: - | AJ87: - | AK87: - | AL87: - | AM87: - | AN87: - | AO87: - | AP87: - | AQ87: - | AR87: -
A88: =A87+1 -> 45000078 | B88: 튜토_브리간틴_엑스트라 선박2 | C88: SK_Ship_Bergantin_Body | D88: 프롤로그_브리간틴돛 | E88: 700 | F88: 80 | G88: =IFERROR(INDEX(ShipPartShape!$A:$A,MATCH(D88,ShipPartShape!$B:$B,0)),"-") -> 46000068 | H88: 램프_기본 | I88: =IFERROR(INDEX(ShipPartShape!$A:$A,MATCH(H88,ShipPartShape!$B:$B,0)),"-") -> 46700001 | J88: 흰머리독수리상 | K88: =IFERROR(INDEX(ShipPartShape!$A:$A,MATCH(J88,ShipPartShape!$B:$B,0)),"-") -> 46100005 | L88: 역날검 충각 | M88: =IFERROR(INDEX(ShipPartShape!$A:$A,MATCH(L88,ShipPartShape!$B:$B,0)),"-") -> 46200014 | N88: 대포_기본 | O88: =IFERROR(INDEX(ShipPartShape!$A:$A,MATCH(N88,ShipPartShape!$B:$B,0)),"-") -> 46300001 | P88: 쌍둥이뱀닻 | Q88: =IFERROR(INDEX(ShipPartShape!$A:$A,MATCH(P88,ShipPartShape!$B:$B,0)),"-") -> 46400006 | S88: =IFERROR(INDEX(ShipPartShape!$A:$A,MATCH(R88,ShipPartShape!$B:$B,0)),"-") -> - | U88: =IFERROR(INDEX(ShipPartShape!$A:$A,MATCH(T88,ShipPartShape!$B:$B,0)),"-") -> - | W88: =IFERROR(INDEX(ShipPartShape!$A:$A,MATCH(V88,ShipPartShape!$B:$B,0)),"-") -> - | Y88: =IFERROR(INDEX(ShipPartShape!$A:$A,MATCH(X88,ShipPartShape!$B:$B,0)),"-") -> - | AA88: =IFERROR(INDEX(ShipPartShape!$A:$A,MATCH(Z88,ShipPartShape!$B:$B,0)),"-") -> - | AC88: =IFERROR(INDEX(ShipPartShape!$A:$A,MATCH(AB88,ShipPartShape!$B:$B,0)),"-") -> - | AE88: =IFERROR(INDEX(ShipPartShape!$A:$A,MATCH(AD88,ShipPartShape!$B:$B,0)),"-") -> - | AG88: =IFERROR(INDEX(ShipPartShape!$A:$A,MATCH(AF88,ShipPartShape!$B:$B,0)),"-") -> - | AH88: - | AI88: - | AJ88: - | AK88: - | AL88: - | AM88: - | AN88: - | AO88: - | AP88: - | AQ88: - | AR88: -
... A91: =A90+1 -> 45000081 | B91: 튜토_프리깃_엑스트라 선박2 | C91: Sk_Ship_Frigate_Body | D91: 프롤로그_중형프리킷돛 | E91: 700 | F91: 80 | G91: =IFERROR(INDEX(ShipPartShape!$A:$A,MATCH(D91,ShipPartShape!$B:$B,0)),"-") -> 46000069 | H91: 램프_기본 | I91: =IFERROR(INDEX(ShipPartShape!$A:$A,MATCH(H91,ShipPartShape!$B:$B,0)),"-") -> 46700001 | J91: 벌쳐상(콘도르) | K91: =IFERROR(INDEX(ShipPartShape!$A:$A,MATCH(J91,ShipPartShape!$B:$B,0)),"-") -> 46100006 | L91: 기사의 랜스 충각 | M91: =IFERROR(INDEX(ShipPartShape!$A:$A,MATCH(L91,ShipPartShape!$B:$B,0)),"-") -> 46200028 | N91: 대포_기본 | O91: =IFERROR(INDEX(ShipPartShape!$A:$A,MATCH(N91,ShipPartShape!$B:$B,0)),"-") -> 46300001 | P91: 사신닻 | Q91: =IFERROR(INDEX(ShipPartShape!$A:$A,MATCH(P91,ShipPartShape!$B:$B,0)),"-") -> 46400005 | S91: =IFERROR(INDEX(ShipPartShape!$A:$A,MATCH(R91,ShipPartShape!$B:$B,0)),"-") -> - | U91: =IFERROR(INDEX(ShipPartShape!$A:$A,MATCH(T91,ShipPartShape!$B:$B,0)),"-") -> - | W91: =IFERROR(INDEX(ShipPartShape!$A:$A,MATCH(V91,ShipPartShape!$B:$B,0)),"-") -> - | Y91: =IFERROR(INDEX(ShipPartShape!$A:$A,MATCH(X91,ShipPartShape!$B:$B,0)),"-") -> - | AA91: =IFERROR(INDEX(ShipPartShape!$A:$A,MATCH(Z91,ShipPartShape!$B:$B,0)),"-") -> - | AC91: =IFERROR(INDEX(ShipPartShape!$A:$A,MATCH(AB91,ShipPartShape!$B:$B,0)),"-") -> - | AE91: =IFERROR(INDEX(ShipPartShape!$A:$A,MATCH(AD91,ShipPartShape!$B:$B,0)),"-") -> - | AG91: =IFERROR(INDEX(ShipPartShape!$A:$A,MATCH(AF91,ShipPartShape!$B:$B,0)),"-") -> - | AH91: - | AI91: - | AJ91: - | AK91: - | AL91: - | AM91: - | AN91: - | AO91: - | AP91: - | AQ91: - | AR91: -
A92: =A91+1 -> 45000082 | B92: 소조선 | C92: SK_Ship_Kobaya_Body | D92: 소조선돛 | E92: 700 | F92: 80 | G92: =IFERROR(INDEX(ShipPartShape!$A:$A,MATCH(D92,ShipPartShape!$B:$B,0)),"-") -> 46000070 | H92: 램프_기본 | I92: =IFERROR(INDEX(ShipPartShape!$A:$A,MATCH(H92,ShipPartShape!$B:$B,0)),"-") -> 46700001 | J92: 소조선노 | K92: =IFERROR(INDEX(ShipPartShape!$A:$A,MATCH(J92,ShipPartShape!$B:$B,0)),"-") -> 46500007 | L92: 대포_기본 | M92: =IFERROR(INDEX(ShipPartShape!$A:$A,MATCH(L92,ShipPartShape!$B:$B,0)),"-") -> 46300001 | O92: =IFERROR(INDEX(ShipPartShape!$A:$A,MATCH(N92,ShipPartShape!$B:$B,0)),"-") -> - | Q92: =IFERROR(INDEX(ShipPartShape!$A:$A,MATCH(P92,ShipPartShape!$B:$B,0)),"-") -> - | R92: 선박외형장식_A | S92: =IFERROR(INDEX(ShipPartShape!$A:$A,MATCH(R92,ShipPartShape!$B:$B,0)),"-") -> 46600001 | T92: 선박외형장식_F | U92: =IFERROR(INDEX(ShipPartShape!$A:$A,MATCH(T92,ShipPartShape!$B:$B,0)),"-") -> 46600006 | W92: =IFERROR(INDEX(ShipPartShape!$A:$A,MATCH(V92,ShipPartShape!$B:$B,0)),"-") -> - | Y92: =IFERROR(INDEX(ShipPartShape!$A:$A,MATCH(X92,ShipPartShape!$B:$B,0)),"-") -> - | AA92: =IFERROR(INDEX(ShipPartShape!$A:$A,MATCH(Z92,ShipPartShape!$B:$B,0)),"-") -> - | AB92: 불사조상 | AC92: =IFERROR(INDEX(ShipPartShape!$A:$A,MATCH(AB92,ShipPartShape!$B:$B,0)),"-") -> 46100044 | AE92: - | AG92: - | AH92: - | AI92: - | AJ92: - | AK92: - | AL92: - | AM92: - | AN92: - | AO92: - | AP92: - | AQ92: - | AR92: -
A93: =A92+1 -> 45000083 | B93: 다우 | C93: SK_Ship_Dhow_Body | D93: 다우돛 | E93: 700 | F93: 80 | G93: =IFERROR(INDEX(ShipPartShape!$A:$A,MATCH(D93,ShipPartShape!$B:$B,0)),"-") -> 46000071 | H93: 램프_기본 | I93: =IFERROR(INDEX(ShipPartShape!$A:$A,MATCH(H93,ShipPartShape!$B:$B,0)),"-") -> 46700001 | J93: 대포_기본 | K93: =IFERROR(INDEX(ShipPartShape!$A:$A,MATCH(J93,ShipPartShape!$B:$B,0)),"-") -> 46300001 | M93: =IFERROR(INDEX(ShipPartShape!$A:$A,MATCH(L93,ShipPartShape!$B:$B,0)),"-") -> - | O93: =IFERROR(INDEX(ShipPartShape!$A:$A,MATCH(N93,ShipPartShape!$B:$B,0)),"-") -> - | Q93: =IFERROR(INDEX(ShipPartShape!$A:$A,MATCH(P93,ShipPartShape!$B:$B,0)),"-") -> - | R93: 선박외형장식_D | S93: =IFERROR(INDEX(ShipPartShape!$A:$A,MATCH(R93,ShipPartShape!$B:$B,0)),"-") -> 46600004 | T93: 선박외형장식_E | U93: =IFERROR(INDEX(ShipPartShape!$A:$A,MATCH(T93,ShipPartShape!$B:$B,0)),"-") -> 46600005 | V93: 선박외형장식_G | W93: =IFERROR(INDEX(ShipPartShape!$A:$A,MATCH(V93,ShipPartShape!$B:$B,0)),"-") -> 46600007 | X93: 선박외형장식_I | Y93: =IFERROR(INDEX(ShipPartShape!$A:$A,MATCH(X93,ShipPartShape!$B:$B,0)),"-") -> 46600009 | Z93: 선박외형장식_J | AA93: =IFERROR(INDEX(ShipPartShape!$A:$A,MATCH(Z93,ShipPartShape!$B:$B,0)),"-") -> 46600010 | AB93: 플라톤상 | AC93: =IFERROR(INDEX(ShipPartShape!$A:$A,MATCH(AB93,ShipPartShape!$B:$B,0)),"-") -> 46100045 | AE93: - | AG93: - | AH93: - | AI93: - | AJ93: - | AK93: - | AL93: - | AM93: - | AN93: - | AO93: - | AP93: - | AQ93: - | AR93: -
A94: =A93+1 -> 45000084 | B94: 대복선 | C94: SK_Ship_LargeJunk_Body | D94: 대복선돛 | E94: 700 | F94: 80 | G94: =IFERROR(INDEX(ShipPartShape!$A:$A,MATCH(D94,ShipPartShape!$B:$B,0)),"-") -> 46000072 | H94: 램프_기본 | I94: =IFERROR(INDEX(ShipPartShape!$A:$A,MATCH(H94,ShipPartShape!$B:$B,0)),"-") -> 46700001 | J94: 대포_기본 | K94: =IFERROR(INDEX(ShipPartShape!$A:$A,MATCH(J94,ShipPartShape!$B:$B,0)),"-") -> 46300001 | L94: 구명보트 | M94: =IFERROR(INDEX(ShipPartShape!$A:$A,MATCH(L94,ShipPartShape!$B:$B,0)),"-") -> 46550001 | O94: =IFERROR(INDEX(ShipPartShape!$A:$A,MATCH(N94,ShipPartShape!$B:$B,0)),"-") -> - | Q94: =IFERROR(INDEX(ShipPartShape!$A:$A,MATCH(P94,ShipPartShape!$B:$B,0)),"-") -> - | S94: =IFERROR(INDEX(ShipPartShape!$A:$A,MATCH(R94,ShipPartShape!$B:$B,0)),"-") -> - | U94: =IFERROR(INDEX(ShipPartShape!$A:$A,MATCH(T94,ShipPartShape!$B:$B,0)),"-") -> - | W94: =IFERROR(INDEX(ShipPartShape!$A:$A,MATCH(V94,ShipPartShape!$B:$B,0)),"-") -> - | Y94: =IFERROR(INDEX(ShipPartShape!$A:$A,MATCH(X94,ShipPartShape!$B:$B,0)),"-") -> - | AA94: =IFERROR(INDEX(ShipPartShape!$A:$A,MATCH(Z94,ShipPartShape!$B:$B,0)),"-") -> - | AB94: 쥐돌고래상 | AC94: =IFERROR(INDEX(ShipPartShape!$A:$A,MATCH(AB94,ShipPartShape!$B:$B,0)),"-") -> 46100046 | AE94: - | AG94: - | AH94: - | AI94: - | AJ94: - | AK94: - | AL94: - | AM94: - | AN94: - | AO94: - | AP94: - | AQ94: - | AR94: -
A95: =A94+1 -> 45000085 | B95: 카락 | C95: SK_Ship_Carrack_Body | D95: 카락돛 | E95: 700 | F95: 80 | G95: =IFERROR(INDEX(ShipPartShape!$A:$A,MATCH(D95,ShipPartShape!$B:$B,0)),"-") -> 46000073 | H95: 램프_기본 | I95: =IFERROR(INDEX(ShipPartShape!$A:$A,MATCH(H95,ShipPartShape!$B:$B,0)),"-") -> 46700001 | J95: 대포_기본 | K95: =IFERROR(INDEX(ShipPartShape!$A:$A,MATCH(J95,ShipPartShape!$B:$B,0)),"-") -> 46300001 | M95: =IFERROR(INDEX(ShipPartShape!$A:$A,MATCH(L95,ShipPartShape!$B:$B,0)),"-") -> - | O95: =IFERROR(INDEX(ShipPartShape!$A:$A,MATCH(N95,ShipPartShape!$B:$B,0)),"-") -> - | Q95: =IFERROR(INDEX(ShipPartShape!$A:$A,MATCH(P95,ShipPartShape!$B:$B,0)),"-") -> - | R95: 선박외형장식_A | S95: =IFERROR(INDEX(ShipPartShape!$A:$A,MATCH(R95,ShipPartShape!$B:$B,0)),"-") -> 46600001 | T95: 선박외형장식_B | U95: =IFERROR(INDEX(ShipPartShape!$A:$A,MATCH(T95,ShipPartShape!$B:$B,0)),"-") -> 46600002 | V95: 선박외형장식_E | W95: =IFERROR(INDEX(ShipPartShape!$A:$A,MATCH(V95,ShipPartShape!$B:$B,0)),"-") -> 46600005 | Y95: =IFERROR(INDEX(ShipPartShape!$A:$A,MATCH(X95,ShipPartShape!$B:$B,0)),"-") -> - | AA95: =IFERROR(INDEX(ShipPartShape!$A:$A,MATCH(Z95,ShipPartShape!$B:$B,0)),"-") -> - | AB95: 포세이돈상 | AC95: =IFERROR(INDEX(ShipPartShape!$A:$A,MATCH(AB95,ShipPartShape!$B:$B,0)),"-") -> 46100047 | AE95: - | AG95: - | AH95: - | AI95: - | AJ95: - | AK95: - | AL95: - | AM95: - | AN95: - | AO95: - | AP95: - | AQ95: - | AR95: -
A96: =A95+1 -> 45000086 | B96: 대형 사선 | C96: SK_Ship_LargeSha_Chuan_Body | D96: 대형사선돛 | E96: 700 | F96: 80 | G96: =IFERROR(INDEX(ShipPartShape!$A:$A,MATCH(D96,ShipPartShape!$B:$B,0)),"-") -> 46000074 | H96: 램프_기본 | I96: =IFERROR(INDEX(ShipPartShape!$A:$A,MATCH(H96,ShipPartShape!$B:$B,0)),"-") -> 46700001 | J96: 대포_기본 | K96: =IFERROR(INDEX(ShipPartShape!$A:$A,MATCH(J96,ShipPartShape!$B:$B,0)),"-") -> 46300001 | M96: =IFERROR(INDEX(ShipPartShape!$A:$A,MATCH(L96,ShipPartShape!$B:$B,0)),"-") -> - | O96: =IFERROR(INDEX(ShipPartShape!$A:$A,MATCH(N96,ShipPartShape!$B:$B,0)),"-") -> - | Q96: =IFERROR(INDEX(ShipPartShape!$A:$A,MATCH(P96,ShipPartShape!$B:$B,0)),"-") -> - | R96: 선박외형장식_B | S96: =IFERROR(INDEX(ShipPartShape!$A:$A,MATCH(R96,ShipPartShape!$B:$B,0)),"-") -> 46600002 | T96: 선박외형장식_C | U96: =IFERROR(INDEX(ShipPartShape!$A:$A,MATCH(T96,ShipPartShape!$B:$B,0)),"-") -> 46600003 | V96: 선박외형장식_D | W96: =IFERROR(INDEX(ShipPartShape!$A:$A,MATCH(V96,ShipPartShape!$B:$B,0)),"-") -> 46600004 | X96: 선박외형장식_G | Y96: =IFERROR(INDEX(ShipPartShape!$A:$A,MATCH(X96,ShipPartShape!$B:$B,0)),"-") -> 46600007 | AA96: =IFERROR(INDEX(ShipPartShape!$A:$A,MATCH(Z96,ShipPartShape!$B:$B,0)),"-") -> - | AB96: 성크리스토퍼상 | AC96: =IFERROR(INDEX(ShipPartShape!$A:$A,MATCH(AB96,ShipPartShape!$B:$B,0)),"-") -> 46100048 | AE96: - | AG96: - | AH96: - | AI96: - | AJ96: - | AK96: - | AL96: - | AM96: - | AN96: - | AO96: - | AP96: - | AQ96: - | AR96: -
A97: =A96+1 -> 45000087 | B97: 스쿠너 | C97: SK_Ship_Schooner_Body | D97: 스쿠너돛 | E97: 700 | F97: 80 | G97: =IFERROR(INDEX(ShipPartShape!$A:$A,MATCH(D97,ShipPartShape!$B:$B,0)),"-") -> 46000075 | H97: 램프_기본 | I97: =IFERROR(INDEX(ShipPartShape!$A:$A,MATCH(H97,ShipPartShape!$B:$B,0)),"-") -> 46700001 | J97: 대포_기본 | K97: =IFERROR(INDEX(ShipPartShape!$A:$A,MATCH(J97,ShipPartShape!$B:$B,0)),"-") -> 46300001 | M97: =IFERROR(INDEX(ShipPartShape!$A:$A,MATCH(L97,ShipPartShape!$B:$B,0)),"-") -> - | O97: =IFERROR(INDEX(ShipPartShape!$A:$A,MATCH(N97,ShipPartShape!$B:$B,0)),"-") -> - | Q97: =IFERROR(INDEX(ShipPartShape!$A:$A,MATCH(P97,ShipPartShape!$B:$B,0)),"-") -> - | R97: 선박외형장식_D | S97: =IFERROR(INDEX(ShipPartShape!$A:$A,MATCH(R97,ShipPartShape!$B:$B,0)),"-") -> 46600004 | T97: 선박외형장식_F | U97: =IFERROR(INDEX(ShipPartShape!$A:$A,MATCH(T97,ShipPartShape!$B:$B,0)),"-") -> 46600006 | V97: 선박외형장식_G | W97: =IFERROR(INDEX(ShipPartShape!$A:$A,MATCH(V97,ShipPartShape!$B:$B,0)),"-") -> 46600007 | Y97: =IFERROR(INDEX(ShipPartShape!$A:$A,MATCH(X97,ShipPartShape!$B:$B,0)),"-") -> - | AA97: =IFERROR(INDEX(ShipPartShape!$A:$A,MATCH(Z97,ShipPartShape!$B:$B,0)),"-") -> - | AB97: 성마르코상 | AC97: =IFERROR(INDEX(ShipPartShape!$A:$A,MATCH(AB97,ShipPartShape!$B:$B,0)),"-") -> 46100049 | AE97: - | AG97: - | AH97: - | AI97: - | AJ97: - | AK97: - | AL97: - | AM97: - | AN97: - | AO97: - | AP97: - | AQ97: - | AR97: -
A98: =A97+1 -> 45000088 | B98: 삼부크 | C98: SK_Ship_Sambuk_Body | D98: 삼부크돛 | E98: 700 | F98: 80 | G98: =IFERROR(INDEX(ShipPartShape!$A:$A,MATCH(D98,ShipPartShape!$B:$B,0)),"-") -> 46000076 | H98: 램프_기본 | I98: =IFERROR(INDEX(ShipPartShape!$A:$A,MATCH(H98,ShipPartShape!$B:$B,0)),"-") -> 46700001 | J98: 대포_기본 | K98: =IFERROR(INDEX(ShipPartShape!$A:$A,MATCH(J98,ShipPartShape!$B:$B,0)),"-") -> 46300001 | M98: =IFERROR(INDEX(ShipPartShape!$A:$A,MATCH(L98,ShipPartShape!$B:$B,0)),"-") -> - | O98: =IFERROR(INDEX(ShipPartShape!$A:$A,MATCH(N98,ShipPartShape!$B:$B,0)),"-") -> - | Q98: =IFERROR(INDEX(ShipPartShape!$A:$A,MATCH(P98,ShipPartShape!$B:$B,0)),"-") -> - | R98: 선박외형장식_A | S98: =IFERROR(INDEX(ShipPartShape!$A:$A,MATCH(R98,ShipPartShape!$B:$B,0)),"-") -> 46600001 | T98: 선박외형장식_C | U98: =IFERROR(INDEX(ShipPartShape!$A:$A,MATCH(T98,ShipPartShape!$B:$B,0)),"-") -> 46600003 | V98: 선박외형장식_E | W98: =IFERROR(INDEX(ShipPartShape!$A:$A,MATCH(V98,ShipPartShape!$B:$B,0)),"-") -> 46600005 | X98: 선박외형장식_F | Y98: =IFERROR(INDEX(ShipPartShape!$A:$A,MATCH(X98,ShipPartShape!$B:$B,0)),"-") -> 46600006 | Z98: 선박외형장식_H | AA98: =IFERROR(INDEX(ShipPartShape!$A:$A,MATCH(Z98,ShipPartShape!$B:$B,0)),"-") -> 46600008 | AB98: 사라스바티의 상 | AC98: =IFERROR(INDEX(ShipPartShape!$A:$A,MATCH(AB98,ShipPartShape!$B:$B,0)),"-") -> 46100050 | AE98: - | AG98: - | AH98: - | AI98: - | AJ98: - | AK98: - | AL98: - | AM98: - | AN98: - | AO98: - | AP98: - | AQ98: - | AR98: -
A99: =A98+1 -> 45000089 | B99: 펠러커 | C99: SK_Ship_Felucca_Body | D99: 펠러커돛 | E99: 700 | F99: 80 | G99: =IFERROR(INDEX(ShipPartShape!$A:$A,MATCH(D99,ShipPartShape!$B:$B,0)),"-") -> 46000077 | H99: 램프_기본 | I99: =IFERROR(INDEX(ShipPartShape!$A:$A,MATCH(H99,ShipPartShape!$B:$B,0)),"-") -> 46700001 | K99: =IFERROR(INDEX(ShipPartShape!$A:$A,MATCH(J99,ShipPartShape!$B:$B,0)),"-") -> - | M99: =IFERROR(INDEX(ShipPartShape!$A:$A,MATCH(L99,ShipPartShape!$B:$B,0)),"-") -> - | O99: =IFERROR(INDEX(ShipPartShape!$A:$A,MATCH(N99,ShipPartShape!$B:$B,0)),"-") -> - | Q99: =IFERROR(INDEX(ShipPartShape!$A:$A,MATCH(P99,ShipPartShape!$B:$B,0)),"-") -> - | R99: 선박외형장식_C | S99: =IFERROR(INDEX(ShipPartShape!$A:$A,MATCH(R99,ShipPartShape!$B:$B,0)),"-") -> 46600003 | T99: 선박외형장식_D | U99: =IFERROR(INDEX(ShipPartShape!$A:$A,MATCH(T99,ShipPartShape!$B:$B,0)),"-") -> 46600004 | V99: 선박외형장식_G | W99: =IFERROR(INDEX(ShipPartShape!$A:$A,MATCH(V99,ShipPartShape!$B:$B,0)),"-") -> 46600007 | X99: 선박외형장식_J | Y99: =IFERROR(INDEX(ShipPartShape!$A:$A,MATCH(X99,ShipPartShape!$B:$B,0)),"-") -> 46600010 | AA99: =IFERROR(INDEX(ShipPartShape!$A:$A,MATCH(Z99,ShipPartShape!$B:$B,0)),"-") -> - | AB99: 스패로우 호크상 | AC99: =IFERROR(INDEX(ShipPartShape!$A:$A,MATCH(AB99,ShipPartShape!$B:$B,0)),"-") -> 46100051 | AE99: - | AG99: - | AH99: - | AI99: - | AJ99: - | AK99: - | AL99: - | AM99: - | AN99: - | AO99: - | AP99: - | AQ99: - | AR99: -
A100: =A99+1 -> 45000090 | B100: 핀네스 | C100: SK_Ship_Pinnace_Body | D100: 핀네스돛 | E100: 700 | F100: 80 | G100: =IFERROR(INDEX(ShipPartShape!$A:$A,MATCH(D100,ShipPartShape!$B:$B,0)),"-") -> 46000078 | H100: 램프_기본 | I100: =IFERROR(INDEX(ShipPartShape!$A:$A,MATCH(H100,ShipPartShape!$B:$B,0)),"-") -> 46700001 | J100: 대포_기본 | K100: =IFERROR(INDEX(ShipPartShape!$A:$A,MATCH(J100,ShipPartShape!$B:$B,0)),"-") -> 46300001 | M100: =IFERROR(INDEX(ShipPartShape!$A:$A,MATCH(L100,ShipPartShape!$B:$B,0)),"-") -> - | O100: =IFERROR(INDEX(ShipPartShape!$A:$A,MATCH(N100,ShipPartShape!$B:$B,0)),"-") -> - | Q100: =IFERROR(INDEX(ShipPartShape!$A:$A,MATCH(P100,ShipPartShape!$B:$B,0)),"-") -> - | R100: 선박외형장식_A | S100: =IFERROR(INDEX(ShipPartShape!$A:$A,MATCH(R100,ShipPartShape!$B:$B,0)),"-") -> 46600001 | T100: 선박외형장식_E | U100: =IFERROR(INDEX(ShipPartShape!$A:$A,MATCH(T100,ShipPartShape!$B:$B,0)),"-") -> 46600005 | V100: 선박외형장식_G | W100: =IFERROR(INDEX(ShipPartShape!$A:$A,MATCH(V100,ShipPartShape!$B:$B,0)),"-") -> 46600007 | Y100: =IFERROR(INDEX(ShipPartShape!$A:$A,MATCH(X100,ShipPartShape!$B:$B,0)),"-") -> - | AA100: =IFERROR(INDEX(ShipPartShape!$A:$A,MATCH(Z100,ShipPartShape!$B:$B,0)),"-") -> - | AB100: 고래상 | AC100: =IFERROR(INDEX(ShipPartShape!$A:$A,MATCH(AB100,ShipPartShape!$B:$B,0)),"-") -> 46100052 | AE100: - | AG100: - | AH100: - | AI100: - | AJ100: - | AK100: - | AL100: - | AM100: - | AN100: - | AO100: - | AP100: - | AQ100: - | AR100: -
A101: =A100+1 -> 45000091 | B101: 프류트 | C101: SK_Ship_Fluyt_Body | D101: 프류트돛 | E101: 700 | F101: 80 | G101: =IFERROR(INDEX(ShipPartShape!$A:$A,MATCH(D101,ShipPartShape!$B:$B,0)),"-") -> 46000079 | H101: 램프_기본 | I101: =IFERROR(INDEX(ShipPartShape!$A:$A,MATCH(H101,ShipPartShape!$B:$B,0)),"-") -> 46700001 | J101: 대포_기본 | K101: =IFERROR(INDEX(ShipPartShape!$A:$A,MATCH(J101,ShipPartShape!$B:$B,0)),"-") -> 46300001 | M101: =IFERROR(INDEX(ShipPartShape!$A:$A,MATCH(L101,ShipPartShape!$B:$B,0)),"-") -> - | O101: =IFERROR(INDEX(ShipPartShape!$A:$A,MATCH(N101,ShipPartShape!$B:$B,0)),"-") -> - | Q101: =IFERROR(INDEX(ShipPartShape!$A:$A,MATCH(P101,ShipPartShape!$B:$B,0)),"-") -> - | R101: 선박외형장식_B | S101: =IFERROR(INDEX(ShipPartShape!$A:$A,MATCH(R101,ShipPartShape!$B:$B,0)),"-") -> 46600002 | T101: 선박외형장식_E | U101: =IFERROR(INDEX(ShipPartShape!$A:$A,MATCH(T101,ShipPartShape!$B:$B,0)),"-") -> 46600005 | V101: 선박외형장식_G | W101: =IFERROR(INDEX(ShipPartShape!$A:$A,MATCH(V101,ShipPartShape!$B:$B,0)),"-") -> 46600007 | Y101: =IFERROR(INDEX(ShipPartShape!$A:$A,MATCH(X101,ShipPartShape!$B:$B,0)),"-") -> - | AA101: =IFERROR(INDEX(ShipPartShape!$A:$A,MATCH(Z101,ShipPartShape!$B:$B,0)),"-") -> - | AB101: 화이트사이드의 상 | AC101: =IFERROR(INDEX(ShipPartShape!$A:$A,MATCH(AB101,ShipPartShape!$B:$B,0)),"-") -> 46100053 | AE101: - | AG101: - | AH101: - | AI101: - | AJ101: - | AK101: - | AL101: - | AM101: - | AN101: - | AO101: - | AP101: - | AQ101: - | AR101: -
A102: =A101+1 -> 45000092 | B102: 지벡 | C102: SK_Ship_Xebec_Body | D102: 지벡돛 | E102: 700 | F102: 80 | G102: =IFERROR(INDEX(ShipPartShape!$A:$A,MATCH(D102,ShipPartShape!$B:$B,0)),"-") -> 46000080 | H102: 램프_기본 | I102: =IFERROR(INDEX(ShipPartShape!$A:$A,MATCH(H102,ShipPartShape!$B:$B,0)),"-") -> 46700001 | J102: 대포_기본 | K102: =IFERROR(INDEX(ShipPartShape!$A:$A,MATCH(J102,ShipPartShape!$B:$B,0)),"-") -> 46300001 | M102: =IFERROR(INDEX(ShipPartShape!$A:$A,MATCH(L102,ShipPartShape!$B:$B,0)),"-") -> - | O102: =IFERROR(INDEX(ShipPartShape!$A:$A,MATCH(N102,ShipPartShape!$B:$B,0)),"-") -> - | Q102: =IFERROR(INDEX(ShipPartShape!$A:$A,MATCH(P102,ShipPartShape!$B:$B,0)),"-") -> - | R102: 선박외형장식_A | S102: =IFERROR(INDEX(ShipPartShape!$A:$A,MATCH(R102,ShipPartShape!$B:$B,0)),"-") -> 46600001 | T102: 선박외형장식_F | U102: =IFERROR(INDEX(ShipPartShape!$A:$A,MATCH(T102,ShipPartShape!$B:$B,0)),"-") -> 46600006 | V102: 선박외형장식_J | W102: =IFERROR(INDEX(ShipPartShape!$A:$A,MATCH(V102,ShipPartShape!$B:$B,0)),"-") -> 46600010 | Y102: =IFERROR(INDEX(ShipPartShape!$A:$A,MATCH(X102,ShipPartShape!$B:$B,0)),"-") -> - | AA102: =IFERROR(INDEX(ShipPartShape!$A:$A,MATCH(Z102,ShipPartShape!$B:$B,0)),"-") -> - | AB102: 돌고래상 | AC102: =IFERROR(INDEX(ShipPartShape!$A:$A,MATCH(AB102,ShipPartShape!$B:$B,0)),"-") -> 46100054 | AE102: - | AG102: - | AH102: - | AI102: - | AJ102: - | AK102: - | AL102: - | AM102: - | AN102: - | AO102: - | AP102: - | AQ102: - | AR102: -
...

Sheet ShipPartShape
A1: id | D1: partType | E1: assetName | G1: assetType | H1: socket | I1: startSocketNum | J1: endSocketNum | K1: lightBpName | L1: lightBpOffset | N1: detailMode | O1: sailPattern | P1: sailCrest | Q1: materials[0]["index"] | R1: materials[0]["name"] | S1: materials[1]["index"] | T1: materials[1]["name"] | U1: materials[2]["index"] | V1: materials[2]["name"] | W1: materials[3]["index"] | X1: materials[3]["name"]
A2: key:46000000~46999999 | D2: number | E2: string | G2: number | H2: string | I2: number | J2: number | K2: string | L2: [number] | N2: number | O2: number | P2: number | Q2: number | R2: string | S2: number | T2: string | U2: number | V2: string | W2: number | X2: string
A3: :required | B3: - | C3: - | D3: 1 | E3: 1 | F3: - | G3: 1 | H3: - | I3: - | J3: - | K3: - | L3: - | M3: - | N3: - | O3: - | P3: - | Q3: - | R3: - | S3: - | T3: - | U3: - | V3: - | W3: - | X3: -
A4: :requireedInObject | B4: - | C4: - | D4: - | E4: - | F4: - | G4: - | H4: - | I4: - | J4: - | K4: - | L4: - | M4: - | N4: - | O4: - | P4: - | Q4: 1 | R4: 1 | S4: 1 | T4: 1 | U4: 1 | V4: 1 | W4: 1 | X4: 1
A5: :min | B5: - | C5: - | D5: - | E5: - | F5: - | G5: - | H5: - | I5: - | J5: - | K5: - | L5: - | M5: - | N5: - | O5: - | P5: - | Q5: - | R5: - | S5: - | T5: - | U5: - | V5: - | W5: - | X5: -
A6: :max | B6: - | C6: - | D6: - | E6: - | F6: - | G6: - | H6: - | I6: - | J6: - | K6: - | L6: - | M6: - | N6: - | O6: - | P6: - | Q6: - | R6: - | S6: - | T6: - | U6: - | V6: - | W6: - | X6: -
A7: :enum | B7: - | C7: - | D7: - | E7: - | F7: - | G7: - | H7: - | I7: - | J7: - | K7: - | L7: - | M7: - | N7: - | O7: - | P7: - | Q7: - | R7: - | S7: - | T7: - | U7: - | V7: - | W7: - | X7: -
A8: :links | B8: - | C8: - | D8: - | E8: - | F8: - | G8: - | H8: - | I8: - | J8: - | K8: - | L8: - | M8: - | N8: - | O8: "SailPattern" | P8: "SailCrest" | Q8: - | R8: - | S8: - | T8: - | U8: - | V8: - | W8: - | X8: -
A9: :asset | B9: - | C9: - | D9: - | E9: 1 | F9: - | G9: - | H9: - | I9: - | J9: - | K9: - | L9: - | M9: - | N9: - | O9: - | P9: - | Q9: - | R9: 1 | S9: - | T9: 1 | U9: - | V9: 1 | W9: - | X9: 1
A10: 46000001 | B10: 캐러벨흰색돛 | C10: Sail | D10: =IFERROR(VLOOKUP(C10,ShipShapeEnum!$E:$F,2,FALSE),"-") -> 1 | E10: SK_Ship_Caravel_Sail | F10: SkeletalMesh | G10: =IFERROR(VLOOKUP(F10,ShipShapeEnum!$B:$C,2,FALSE),"-") -> 1 | H10: - | I10: - | J10: - | K10: - | L10: - | M10: Low | N10: =IFERROR(VLOOKUP(M10,ShipShapeEnum!$H:$I,2,FALSE),"-") -> 1 | O10: - | P10: - | Q10: 2 | R10: M_Ship_Sail_Inst | S10: - | T10: - | U10: - | V10: - | W10: - | X10: -
A11: =A10+1 -> 46000002 | B11: 캐러벨적색돛 | C11: Sail | D11: =IFERROR(VLOOKUP(C11,ShipShapeEnum!$E:$F,2,FALSE),"-") -> 1 | E11: SK_Ship_Caravel_Sail | F11: SkeletalMesh | G11: =IFERROR(VLOOKUP(F11,ShipShapeEnum!$B:$C,2,FALSE),"-") -> 1 | H11: - | I11: - | J11: - | K11: - | L11: - | M11: Low | N11: =IFERROR(VLOOKUP(M11,ShipShapeEnum!$H:$I,2,FALSE),"-") -> 1 | O11: - | P11: - | Q11: - | R11: - | S11: - | T11: - | U11: - | V11: - | W11: - | X11: -
A12: =A11+1 -> 46000003 | B12: 캐러벨유령선돛 | C12: Sail | D12: =IFERROR(VLOOKUP(C12,ShipShapeEnum!$E:$F,2,FALSE),"-") -> 1 | E12: SK_Ship_Caravel_Sail | F12: SkeletalMesh | G12: =IFERROR(VLOOKUP(F12,ShipShapeEnum!$B:$C,2,FALSE),"-") -> 1 | H12: - | I12: - | J12: - | K12: - | L12: - | M12: Low | N12: =IFERROR(VLOOKUP(M12,ShipShapeEnum!$H:$I,2,FALSE),"-") -> 1 | O12: - | P12: - | Q12: 2 | R12: M_Ship_Sail_BlackDamaged_Inst | S12: 3 | T12: M_Ship_Sail_BlackDamaged_Inst | U12: - | V12: - | W12: - | X12: -
A13: =A12+1 -> 46000004 | B13: 캐러벨적백돛 | C13: Sail | D13: =IFERROR(VLOOKUP(C13,ShipShapeEnum!$E:$F,2,FALSE),"-") -> 1 | E13: SK_Ship_Caravel_Sail | F13: SkeletalMesh | G13: =IFERROR(VLOOKUP(F13,ShipShapeEnum!$B:$C,2,FALSE),"-") -> 1 | H13: - | I13: - | J13: - | K13: - | L13: - | M13: Low | N13: =IFERROR(VLOOKUP(M13,ShipShapeEnum!$H:$I,2,FALSE),"-") -> 1 | O13: - | P13: - | Q13: 2 | R13: M_Ship_Sail02_Inst | S13: 3 | T13: M_Ship_Sail02_Inst | U13: - | V13: - | W13: - | X13: -
A14: =A13+1 -> 46000005 | B14: 캐러벨적흑돛 | C14: Sail | D14: =IFERROR(VLOOKUP(C14,ShipShapeEnum!$E:$F,2,FALSE),"-") -> 1 | E14: SK_Ship_Caravel_Sail | F14: SkeletalMesh | G14: =IFERROR(VLOOKUP(F14,ShipShapeEnum!$B:$C,2,FALSE),"-") -> 1 | H14: - | I14: - | J14: - | K14: - | L14: - | M14: Low | N14: =IFERROR(VLOOKUP(M14,ShipShapeEnum!$H:$I,2,FALSE),"-") -> 1 | O14: - | P14: - | Q14: 2 | R14: M_Ship_Sail_BlackRed_Inst | S14: 3 | T14: M_Ship_Sail_BlackRed_Inst | U14: - | V14: - | W14: - | X14: -
A15: =A14+1 -> 46000006 | B15: 캐러벨적흑돛_해골 | C15: Sail | D15: =IFERROR(VLOOKUP(C15,ShipShapeEnum!$E:$F,2,FALSE),"-") -> 1 | E15: SK_Ship_Caravel_Sail | F15: SkeletalMesh | G15: =IFERROR(VLOOKUP(F15,ShipShapeEnum!$B:$C,2,FALSE),"-") -> 1 | H15: - | I15: - | J15: - | K15: - | L15: - | M15: Low | N15: =IFERROR(VLOOKUP(M15,ShipShapeEnum!$H:$I,2,FALSE),"-") -> 1 | O15: - | P15: - | Q15: 2 | R15: M_Ship_Sail_BlackRed_SKull_Inst | S15: 3 | T15: M_Ship_Sail_Triagle_SKull_Inst | U15: - | V15: - | W15: - | X15: -
A16: =A15+1 -> 46000007 | B16: 캐러벨무적함대돛 | C16: Sail | D16: =IFERROR(VLOOKUP(C16,ShipShapeEnum!$E:$F,2,FALSE),"-") -> 1 | E16: SK_Ship_Caravel_Sail | F16: SkeletalMesh | G16: =IFERROR(VLOOKUP(F16,ShipShapeEnum!$B:$C,2,FALSE),"-") -> 1 | H16: - | I16: - | J16: - | K16: - | L16: - | M16: Low | N16: =IFERROR(VLOOKUP(M16,ShipShapeEnum!$H:$I,2,FALSE),"-") -> 1 | O16: - | P16: - | Q16: 2 | R16: M_Ship_Sail_Armada_Emblem_Inst | S16: 3 | T16: M_Ship_Sail_Triagle_Armada_Inst | U16: - | V16: - | W16: - | X16: -
A17: =A16+1 -> 46000008 | B17: 바르카3흰색돛 | C17: Sail | D17: =IFERROR(VLOOKUP(C17,ShipShapeEnum!$E:$F,2,FALSE),"-") -> 1 | E17: SK_Ship_Barca_TriangleSail | F17: SkeletalMesh | G17: =IFERROR(VLOOKUP(F17,ShipShapeEnum!$B:$C,2,FALSE),"-") -> 1 | H17: - | I17: - | J17: - | K17: - | L17: - | M17: Low | N17: =IFERROR(VLOOKUP(M17,ShipShapeEnum!$H:$I,2,FALSE),"-") -> 1 | O17: - | P17: - | Q17: 2 | R17: M_Ship_Sail_Inst | S17: - | T17: - | U17: - | V17: - | W17: - | X17: -
A18: =A17+1 -> 46000009 | B18: 바르카3적색돛 | C18: Sail | D18: =IFERROR(VLOOKUP(C18,ShipShapeEnum!$E:$F,2,FALSE),"-") -> 1 | E18: SK_Ship_Barca_TriangleSail | F18: SkeletalMesh | G18: =IFERROR(VLOOKUP(F18,ShipShapeEnum!$B:$C,2,FALSE),"-") -> 1 | H18: - | I18: - | J18: - | K18: - | L18: - | M18: Low | N18: =IFERROR(VLOOKUP(M18,ShipShapeEnum!$H:$I,2,FALSE),"-") -> 1 | O18: - | P18: - | Q18: - | R18: - | S18: - | T18: - | U18: - | V18: - | W18: - | X18: -
A19: =A18+1 -> 46000010 | B19: 바르카3유령선돛 | C19: Sail | D19: =IFERROR(VLOOKUP(C19,ShipShapeEnum!$E:$F,2,FALSE),"-") -> 1 | E19: SK_Ship_Barca_TriangleSail | F19: SkeletalMesh | G19: =IFERROR(VLOOKUP(F19,ShipShapeEnum!$B:$C,2,FALSE),"-") -> 1 | H19: - | I19: - | J19: - | K19: - | L19: - | M19: Low | N19: =IFERROR(VLOOKUP(M19,ShipShapeEnum!$H:$I,2,FALSE),"-") -> 1 | O19: - | P19: - | Q19: 2 | R19: M_Ship_Sail_BlackDamaged_Inst | S19: - | T19: - | U19: - | V19: - | W19: - | X19: -
A20: =A19+1 -> 46000011 | B20: 바르카3적백돛 | C20: Sail | D20: =IFERROR(VLOOKUP(C20,ShipShapeEnum!$E:$F,2,FALSE),"-") -> 1 | E20: SK_Ship_Barca_TriangleSail | F20: SkeletalMesh | G20: =IFERROR(VLOOKUP(F20,ShipShapeEnum!$B:$C,2,FALSE),"-") -> 1 | H20: - | I20: - | J20: - | K20: - | L20: - | M20: Low | N20: =IFERROR(VLOOKUP(M20,ShipShapeEnum!$H:$I,2,FALSE),"-") -> 1 | O20: - | P20: - | Q20: 2 | R20: M_Ship_Sail02_Inst | S20: - | T20: - | U20: - | V20: - | W20: - | X20: -
A21: =A20+1 -> 46000012 | B21: 바르카3적흑돛 | C21: Sail | D21: =IFERROR(VLOOKUP(C21,ShipShapeEnum!$E:$F,2,FALSE),"-") -> 1 | E21: SK_Ship_Barca_TriangleSail | F21: SkeletalMesh | G21: =IFERROR(VLOOKUP(F21,ShipShapeEnum!$B:$C,2,FALSE),"-") -> 1 | H21: - | I21: - | J21: - | K21: - | L21: - | M21: Low | N21: =IFERROR(VLOOKUP(M21,ShipShapeEnum!$H:$I,2,FALSE),"-") -> 1 | O21: - | P21: - | Q21: 2 | R21: M_Ship_Sail_BlackRed_Inst | S21: - | T21: - | U21: - | V21: - | W21: - | X21: -
A22: =A21+1 -> 46000013 | B22: 바르카3적흑돛_해골 | C22: Sail | D22: =IFERROR(VLOOKUP(C22,ShipShapeEnum!$E:$F,2,FALSE),"-") -> 1 | E22: SK_Ship_Barca_TriangleSail | F22: SkeletalMesh | G22: =IFERROR(VLOOKUP(F22,ShipShapeEnum!$B:$C,2,FALSE),"-") -> 1 | H22: - | I22: - | J22: - | K22: - | L22: - | M22: Low | N22: =IFERROR(VLOOKUP(M22,ShipShapeEnum!$H:$I,2,FALSE),"-") -> 1 | O22: - | P22: - | Q22: 2 | R22: M_Ship_Sail_Triagle_SKull_Inst | S22: - | T22: - | U22: - | V22: - | W22: - | X22: -
A23: =A22+1 -> 46000014 | B23: 바르카4흰색돛 | C23: Sail | D23: =IFERROR(VLOOKUP(C23,ShipShapeEnum!$E:$F,2,FALSE),"-") -> 1 | E23: SK_Ship_Barca_SquareSail | F23: SkeletalMesh | G23: =IFERROR(VLOOKUP(F23,ShipShapeEnum!$B:$C,2,FALSE),"-") -> 1 | H23: - | I23: - | J23: - | K23: - | L23: - | M23: Low | N23: =IFERROR(VLOOKUP(M23,ShipShapeEnum!$H:$I,2,FALSE),"-") -> 1 | O23: - | P23: - | Q23: 2 | R23: M_Ship_Sail_Inst | S23: - | T23: - | U23: - | V23: - | W23: - | X23: -
A24: =A23+1 -> 46000015 | B24: 바르카4적색돛 | C24: Sail | D24: =IFERROR(VLOOKUP(C24,ShipShapeEnum!$E:$F,2,FALSE),"-") -> 1 | E24: SK_Ship_Barca_SquareSail | F24: SkeletalMesh | G24: =IFERROR(VLOOKUP(F24,ShipShapeEnum!$B:$C,2,FALSE),"-") -> 1 | H24: - | I24: - | J24: - | K24: - | L24: - | M24: Low | N24: =IFERROR(VLOOKUP(M24,ShipShapeEnum!$H:$I,2,FALSE),"-") -> 1 | O24: - | P24: - | Q24: - | R24: - | S24: - | T24: - | U24: - | V24: - | W24: - | X24: -
A25: =A24+1 -> 46000016 | B25: 바르카4유령선돛 | C25: Sail | D25: =IFERROR(VLOOKUP(C25,ShipShapeEnum!$E:$F,2,FALSE),"-") -> 1 | E25: SK_Ship_Barca_SquareSail | F25: SkeletalMesh | G25: =IFERROR(VLOOKUP(F25,ShipShapeEnum!$B:$C,2,FALSE),"-") -> 1 | H25: - | I25: - | J25: - | K25: - | L25: - | M25: Low | N25: =IFERROR(VLOOKUP(M25,ShipShapeEnum!$H:$I,2,FALSE),"-") -> 1 | O25: - | P25: - | Q25: 2 | R25: M_Ship_Sail_BlackDamaged_Inst | S25: - | T25: - | U25: - | V25: - | W25: - | X25: -
A26: =A25+1 -> 46000017 | B26: 바르카4적백돛 | C26: Sail | D26: =IFERROR(VLOOKUP(C26,ShipShapeEnum!$E:$F,2,FALSE),"-") -> 1 | E26: SK_Ship_Barca_SquareSail | F26: SkeletalMesh | G26: =IFERROR(VLOOKUP(F26,ShipShapeEnum!$B:$C,2,FALSE),"-") -> 1 | H26: - | I26: - | J26: - | K26: - | L26: - | M26: Low | N26: =IFERROR(VLOOKUP(M26,ShipShapeEnum!$H:$I,2,FALSE),"-") -> 1 | O26: - | P26: - | Q26: 2 | R26: M_Ship_Sail02_Inst | S26: - | T26: - | U26: - | V26: - | W26: - | X26: -
A27: =A26+1 -> 46000018 | B27: 바르카4적흑돛 | C27: Sail | D27: =IFERROR(VLOOKUP(C27,ShipShapeEnum!$E:$F,2,FALSE),"-") -> 1 | E27: SK_Ship_Barca_SquareSail | F27: SkeletalMesh | G27: =IFERROR(VLOOKUP(F27,ShipShapeEnum!$B:$C,2,FALSE),"-") -> 1 | H27: - | I27: - | J27: - | K27: - | L27: - | M27: Low | N27: =IFERROR(VLOOKUP(M27,ShipShapeEnum!$H:$I,2,FALSE),"-") -> 1 | O27: - | P27: - | Q27: 2 | R27: M_Ship_Sail_BlackRed_Inst | S27: - | T27: - | U27: - | V27: - | W27: - | X27: -
A28: =A27+1 -> 46000019 | B28: 바르카4적흑돛_해골 | C28: Sail | D28: =IFERROR(VLOOKUP(C28,ShipShapeEnum!$E:$F,2,FALSE),"-") -> 1 | E28: SK_Ship_Barca_SquareSail | F28: SkeletalMesh | G28: =IFERROR(VLOOKUP(F28,ShipShapeEnum!$B:$C,2,FALSE),"-") -> 1 | H28: - | I28: - | J28: - | K28: - | L28: - | M28: Low | N28: =IFERROR(VLOOKUP(M28,ShipShapeEnum!$H:$I,2,FALSE),"-") -> 1 | O28: - | P28: - | Q28: 2 | R28: M_Ship_Sail_BlackRed_SKull_Inst | S28: - | T28: - | U28: - | V28: - | W28: - | X28: -
A29: =A28+1 -> 46000020 | B29: 한자코그흰색돛 | C29: Sail | D29: =IFERROR(VLOOKUP(C29,ShipShapeEnum!$E:$F,2,FALSE),"-") -> 1 | E29: SK_Ship_HansaCog_Sail | F29: SkeletalMesh | G29: =IFERROR(VLOOKUP(F29,ShipShapeEnum!$B:$C,2,FALSE),"-") -> 1 | H29: - | I29: - | J29: - | K29: - | L29: - | M29: Low | N29: =IFERROR(VLOOKUP(M29,ShipShapeEnum!$H:$I,2,FALSE),"-") -> 1 | O29: - | P29: - | Q29: 2 | R29: M_Ship_Sail_Inst | S29: - | T29: - | U29: - | V29: - | W29: - | X29: -
A30: =A29+1 -> 46000021 | B30: 한자코그적색돛 | C30: Sail | D30: =IFERROR(VLOOKUP(C30,ShipShapeEnum!$E:$F,2,FALSE),"-") -> 1 | E30: SK_Ship_HansaCog_Sail | F30: SkeletalMesh | G30: =IFERROR(VLOOKUP(F30,ShipShapeEnum!$B:$C,2,FALSE),"-") -> 1 | H30: - | I30: - | J30: - | K30: - | L30: - | M30: Low | N30: =IFERROR(VLOOKUP(M30,ShipShapeEnum!$H:$I,2,FALSE),"-") -> 1 | O30: - | P30: - | Q30: - | R30: - | S30: - | T30: - | U30: - | V30: - | W30: - | X30: -
A31: =A30+1 -> 46000022 | B31: 한자코그유령선돛 | C31: Sail | D31: =IFERROR(VLOOKUP(C31,ShipShapeEnum!$E:$F,2,FALSE),"-") -> 1 | E31: SK_Ship_HansaCog_Sail | F31: SkeletalMesh | G31: =IFERROR(VLOOKUP(F31,ShipShapeEnum!$B:$C,2,FALSE),"-") -> 1 | H31: - | I31: - | J31: - | K31: - | L31: - | M31: Low | N31: =IFERROR(VLOOKUP(M31,ShipShapeEnum!$H:$I,2,FALSE),"-") -> 1 | O31: - | P31: - | Q31: 2 | R31: M_Ship_Sail_BlackDamaged_Inst | S31: - | T31: - | U31: - | V31: - | W31: - | X31: -
A32: =A31+1 -> 46000023 | B32: 한자코그적백돛 | C32: Sail | D32: =IFERROR(VLOOKUP(C32,ShipShapeEnum!$E:$F,2,FALSE),"-") -> 1 | E32: SK_Ship_HansaCog_Sail | F32: SkeletalMesh | G32: =IFERROR(VLOOKUP(F32,ShipShapeEnum!$B:$C,2,FALSE),"-") -> 1 | H32: - | I32: - | J32: - | K32: - | L32: - | M32: Low | N32: =IFERROR(VLOOKUP(M32,ShipShapeEnum!$H:$I,2,FALSE),"-") -> 1 | O32: - | P32: - | Q32: 2 | R32: M_Ship_Sail02_Inst | S32: - | T32: - | U32: - | V32: - | W32: - | X32: -
A33: =A32+1 -> 46000024 | B33: 한자코그적흑돛 | C33: Sail | D33: =IFERROR(VLOOKUP(C33,ShipShapeEnum!$E:$F,2,FALSE),"-") -> 1 | E33: SK_Ship_HansaCog_Sail | F33: SkeletalMesh | G33: =IFERROR(VLOOKUP(F33,ShipShapeEnum!$B:$C,2,FALSE),"-") -> 1 | H33: - | I33: - | J33: - | K33: - | L33: - | M33: Low | N33: =IFERROR(VLOOKUP(M33,ShipShapeEnum!$H:$I,2,FALSE),"-") -> 1 | O33: - | P33: - | Q33: 2 | R33: M_Ship_Sail_BlackRed_Inst | S33: - | T33: - | U33: - | V33: - | W33: - | X33: -
A34: =A33+1 -> 46000025 | B34: 한자코그적흑돛_해골 | C34: Sail | D34: =IFERROR(VLOOKUP(C34,ShipShapeEnum!$E:$F,2,FALSE),"-") -> 1 | E34: SK_Ship_HansaCog_Sail | F34: SkeletalMesh | G34: =IFERROR(VLOOKUP(F34,ShipShapeEnum!$B:$C,2,FALSE),"-") -> 1 | H34: - | I34: - | J34: - | K34: - | L34: - | M34: Low | N34: =IFERROR(VLOOKUP(M34,ShipShapeEnum!$H:$I,2,FALSE),"-") -> 1 | O34: - | P34: - | Q34: 2 | R34: M_Ship_Sail_Triagle_SKull_Inst | S34: - | T34: - | U34: - | V34: - | W34: - | X34: -
A35: =A34+1 -> 46000026 | B35: 코그레티나흰색돛 | C35: Sail | D35: =IFERROR(VLOOKUP(C35,ShipShapeEnum!$E:$F,2,FALSE),"-") -> 1 | E35: SK_Ship_CogLetina_Sail | F35: SkeletalMesh | G35: =IFERROR(VLOOKUP(F35,ShipShapeEnum!$B:$C,2,FALSE),"-") -> 1 | H35: - | I35: - | J35: - | K35: - | L35: - | M35: Low | N35: =IFERROR(VLOOKUP(M35,ShipShapeEnum!$H:$I,2,FALSE),"-") -> 1 | O35: - | P35: - | Q35: 2 | R35: M_Ship_Sail_Inst | S35: - | T35: - | U35: - | V35: - | W35: - | X35: -
A36: =A35+1 -> 46000027 | B36: 코그레티나적색돛 | C36: Sail | D36: =IFERROR(VLOOKUP(C36,ShipShapeEnum!$E:$F,2,FALSE),"-") -> 1 | E36: SK_Ship_CogLetina_Sail | F36: SkeletalMesh | G36: =IFERROR(VLOOKUP(F36,ShipShapeEnum!$B:$C,2,FALSE),"-") -> 1 | H36: - | I36: - | J36: - | K36: - | L36: - | M36: Low | N36: =IFERROR(VLOOKUP(M36,ShipShapeEnum!$H:$I,2,FALSE),"-") -> 1 | O36: - | P36: - | Q36: - | R36: - | S36: - | T36: - | U36: - | V36: - | W36: - | X36: -
A37: =A36+1 -> 46000028 | B37: 코그레티나유령선돛 | C37: Sail | D37: =IFERROR(VLOOKUP(C37,ShipShapeEnum!$E:$F,2,FALSE),"-") -> 1 | E37: SK_Ship_CogLetina_Sail | F37: SkeletalMesh | G37: =IFERROR(VLOOKUP(F37,ShipShapeEnum!$B:$C,2,FALSE),"-") -> 1 | H37: - | I37: - | J37: - | K37: - | L37: - | M37: Low | N37: =IFERROR(VLOOKUP(M37,ShipShapeEnum!$H:$I,2,FALSE),"-") -> 1 | O37: - | P37: - | Q37: 2 | R37: M_Ship_Sail_BlackDamaged_Inst | S37: - | T37: - | U37: - | V37: - | W37: - | X37: -
A38: =A37+1 -> 46000029 | B38: 코그레티나적백돛 | C38: Sail | D38: =IFERROR(VLOOKUP(C38,ShipShapeEnum!$E:$F,2,FALSE),"-") -> 1 | E38: SK_Ship_CogLetina_Sail | F38: SkeletalMesh | G38: =IFERROR(VLOOKUP(F38,ShipShapeEnum!$B:$C,2,FALSE),"-") -> 1 | H38: - | I38: - | J38: - | K38: - | L38: - | M38: Low | N38: =IFERROR(VLOOKUP(M38,ShipShapeEnum!$H:$I,2,FALSE),"-") -> 1 | O38: - | P38: - | Q38: 2 | R38: M_Ship_Sail02_Inst | S38: - | T38: - | U38: - | V38: - | W38: - | X38: -
A39: =A38+1 -> 46000030 | B39: 코그레티나적흑돛 | C39: Sail | D39: =IFERROR(VLOOKUP(C39,ShipShapeEnum!$E:$F,2,FALSE),"-") -> 1 | E39: SK_Ship_CogLetina_Sail | F39: SkeletalMesh | G39: =IFERROR(VLOOKUP(F39,ShipShapeEnum!$B:$C,2,FALSE),"-") -> 1 | H39: - | I39: - | J39: - | K39: - | L39: - | M39: Low | N39: =IFERROR(VLOOKUP(M39,ShipShapeEnum!$H:$I,2,FALSE),"-") -> 1 | O39: - | P39: - | Q39: 2 | R39: M_Ship_Sail_BlackRed_Inst | S39: - | T39: - | U39: - | V39: - | W39: - | X39: -
A40: =A39+1 -> 46000031 | B40: 코그레티나적흑돛_해골 | C40: Sail | D40: =IFERROR(VLOOKUP(C40,ShipShapeEnum!$E:$F,2,FALSE),"-") -> 1 | E40: SK_Ship_CogLetina_Sail | F40: SkeletalMesh | G40: =IFERROR(VLOOKUP(F40,ShipShapeEnum!$B:$C,2,FALSE),"-") -> 1 | H40: - | I40: - | J40: - | K40: - | L40: - | M40: Low | N40: =IFERROR(VLOOKUP(M40,ShipShapeEnum!$H:$I,2,FALSE),"-") -> 1 | O40: - | P40: - | Q40: 2 | R40: M_Ship_Sail_Triagle_SKull_Inst | S40: - | T40: - | U40: - | V40: - | W40: - | X40: -
A41: =A40+1 -> 46000032 | B41: 코그레돈다흰색돛 | C41: Sail | D41: =IFERROR(VLOOKUP(C41,ShipShapeEnum!$E:$F,2,FALSE),"-") -> 1 | E41: SK_Ship_CogRedonda_Sail | F41: SkeletalMesh | G41: =IFERROR(VLOOKUP(F41,ShipShapeEnum!$B:$C,2,FALSE),"-") -> 1 | H41: - | I41: - | J41: - | K41: - | L41: - | M41: Low | N41: =IFERROR(VLOOKUP(M41,ShipShapeEnum!$H:$I,2,FALSE),"-") -> 1 | O41: - | P41: - | Q41: 2 | R41: M_Ship_Sail_Inst | S41: - | T41: - | U41: - | V41: - | W41: - | X41: -
A42: =A41+1 -> 46000033 | B42: 코그레돈다적색돛 | C42: Sail | D42: =IFERROR(VLOOKUP(C42,ShipShapeEnum!$E:$F,2,FALSE),"-") -> 1 | E42: SK_Ship_CogRedonda_Sail | F42: SkeletalMesh | G42: =IFERROR(VLOOKUP(F42,ShipShapeEnum!$B:$C,2,FALSE),"-") -> 1 | H42: - | I42: - | J42: - | K42: - | L42: - | M42: Low | N42: =IFERROR(VLOOKUP(M42,ShipShapeEnum!$H:$I,2,FALSE),"-") -> 1 | O42: - | P42: - | Q42: - | R42: - | S42: - | T42: - | U42: - | V42: - | W42: - | X42: -
A43: =A42+1 -> 46000034 | B43: 코그레돈다유령선돛 | C43: Sail | D43: =IFERROR(VLOOKUP(C43,ShipShapeEnum!$E:$F,2,FALSE),"-") -> 1 | E43: SK_Ship_CogRedonda_Sail | F43: SkeletalMesh | G43: =IFERROR(VLOOKUP(F43,ShipShapeEnum!$B:$C,2,FALSE),"-") -> 1 | H43: - | I43: - | J43: - | K43: - | L43: - | M43: Low | N43: =IFERROR(VLOOKUP(M43,ShipShapeEnum!$H:$I,2,FALSE),"-") -> 1 | O43: - | P43: - | Q43: 2 | R43: M_Ship_Sail_BlackDamaged_Inst | S43: - | T43: - | U43: - | V43: - | W43: - | X43: -
A44: =A43+1 -> 46000035 | B44: 코그레돈다적백돛 | C44: Sail | D44: =IFERROR(VLOOKUP(C44,ShipShapeEnum!$E:$F,2,FALSE),"-") -> 1 | E44: SK_Ship_CogRedonda_Sail | F44: SkeletalMesh | G44: =IFERROR(VLOOKUP(F44,ShipShapeEnum!$B:$C,2,FALSE),"-") -> 1 | H44: - | I44: - | J44: - | K44: - | L44: - | M44: Low | N44: =IFERROR(VLOOKUP(M44,ShipShapeEnum!$H:$I,2,FALSE),"-") -> 1 | O44: - | P44: - | Q44: 2 | R44: M_Ship_Sail02_Inst | S44: - | T44: - | U44: - | V44: - | W44: - | X44: -
A45: =A44+1 -> 46000036 | B45: 코그레돈다적흑돛 | C45: Sail | D45: =IFERROR(VLOOKUP(C45,ShipShapeEnum!$E:$F,2,FALSE),"-") -> 1 | E45: SK_Ship_CogRedonda_Sail | F45: SkeletalMesh | G45: =IFERROR(VLOOKUP(F45,ShipShapeEnum!$B:$C,2,FALSE),"-") -> 1 | H45: - | I45: - | J45: - | K45: - | L45: - | M45: Low | N45: =IFERROR(VLOOKUP(M45,ShipShapeEnum!$H:$I,2,FALSE),"-") -> 1 | O45: - | P45: - | Q45: 2 | R45: M_Ship_Sail_BlackRed_Inst | S45: - | T45: - | U45: - | V45: - | W45: - | X45: -
A46: =A45+1 -> 46000037 | B46: 코그레돈다적흑돛_해골 | C46: Sail | D46: =IFERROR(VLOOKUP(C46,ShipShapeEnum!$E:$F,2,FALSE),"-") -> 1 | E46: SK_Ship_CogRedonda_Sail | F46: SkeletalMesh | G46: =IFERROR(VLOOKUP(F46,ShipShapeEnum!$B:$C,2,FALSE),"-") -> 1 | H46: - | I46: - | J46: - | K46: - | L46: - | M46: Low | N46: =IFERROR(VLOOKUP(M46,ShipShapeEnum!$H:$I,2,FALSE),"-") -> 1 | O46: - | P46: - | Q46: 2 | R46: M_Ship_Sail_BlackRed_SKull_Inst | S46: - | T46: - | U46: - | V46: - | W46: - | X46: -
A47: =A46+1 -> 46000038 | B47: 대형갤리온돛 | C47: Sail | D47: =IFERROR(VLOOKUP(C47,ShipShapeEnum!$E:$F,2,FALSE),"-") -> 1 | E47: SK_Ship_LargeGalleon_Sail | F47: SkeletalMesh | G47: =IFERROR(VLOOKUP(F47,ShipShapeEnum!$B:$C,2,FALSE),"-") -> 1 | H47: - | I47: - | J47: - | K47: - | L47: - | M47: Low | N47: =IFERROR(VLOOKUP(M47,ShipShapeEnum!$H:$I,2,FALSE),"-") -> 1 | O47: - | P47: - | Q47: 2 | R47: M_Ship_LargeGalleon_Sail_Inst | S47: - | T47: - | U47: - | V47: - | W47: - | X47: -
A48: =A47+1 -> 46000039 | B48: 소형캐러벨라티나돛 | C48: Sail | D48: =IFERROR(VLOOKUP(C48,ShipShapeEnum!$E:$F,2,FALSE),"-") -> 1 | E48: SK_Ship_CaravelLetina_Sail | F48: SkeletalMesh | G48: 1 | H48: - | I48: - | J48: - | K48: - | L48: - | M48: Low | N48: =IFERROR(VLOOKUP(M48,ShipShapeEnum!$H:$I,2,FALSE),"-") -> 1 | O48: - | P48: - | Q48: 2 | R48: M_Ship_Sail_Inst | S48: - | T48: - | U48: - | V48: - | W48: - | X48: -
A49: =A48+1 -> 46000040 | B49: 소형캐러벨레돈다돛 | C49: Sail | D49: =IFERROR(VLOOKUP(C49,ShipShapeEnum!$E:$F,2,FALSE),"-") -> 1 | E49: SK_Ship_CaravelRedonda_Sail | F49: SkeletalMesh | G49: 1 | H49: - | I49: - | J49: - | K49: - | L49: - | M49: Low | N49: =IFERROR(VLOOKUP(M49,ShipShapeEnum!$H:$I,2,FALSE),"-") -> 1 | O49: - | P49: - | Q49: 2 | R49: M_Ship_Sail_Inst | S49: - | T49: - | U49: - | V49: - | W49: - | X49: -
A50: =A49+1 -> 46000041 | B50: 슬로프돛 | C50: Sail | D50: =IFERROR(VLOOKUP(C50,ShipShapeEnum!$E:$F,2,FALSE),"-") -> 1 | E50: SK_Ship_Sloop_Sail | F50: SkeletalMesh | G50: 1 | H50: - | I50: - | J50: - | K50: - | L50: - | M50: Low | N50: =IFERROR(VLOOKUP(M50,ShipShapeEnum!$H:$I,2,FALSE),"-") -> 1 | O50: - | P50: - | Q50: 2 | R50: M_Ship_Sail_Inst | S50: - | T50: - | U50: - | V50: - | W50: - | X50: -
A51: =A50+1 -> 46000042 | B51: 커터돛 | C51: Sail | D51: =IFERROR(VLOOKUP(C51,ShipShapeEnum!$E:$F,2,FALSE),"-") -> 1 | E51: SK_Ship_Cutter_Sail | F51: SkeletalMesh | G51: 1 | H51: - | I51: - | J51: - | K51: - | L51: - | M51: Low | N51: =IFERROR(VLOOKUP(M51,ShipShapeEnum!$H:$I,2,FALSE),"-") -> 1 | O51: - | P51: - | Q51: 2 | R51: M_Ship_Sail_Inst | S51: - | T51: - | U51: - | V51: - | W51: - | X51: -
A52: =A51+1 -> 46000043 | B52: 브리간틴돛 | C52: Sail | D52: =IFERROR(VLOOKUP(C52,ShipShapeEnum!$E:$F,2,FALSE),"-") -> 1 | E52: SK_Ship_Bergantin_Sail | F52: SkeletalMesh | G52: 1 | H52: - | I52: - | J52: - | K52: - | L52: - | M52: Low | N52: =IFERROR(VLOOKUP(M52,ShipShapeEnum!$H:$I,2,FALSE),"-") -> 1 | O52: - | P52: - | Q52: 2 | R52: M_Ship_Sail_Inst | S52: - | T52: - | U52: - | V52: - | W52: - | X52: -
A53: =A52+1 -> 46000044 | B53: 나오돛 | C53: Sail | D53: =IFERROR(VLOOKUP(C53,ShipShapeEnum!$E:$F,2,FALSE),"-") -> 1 | E53: SK_Ship_Nao_Sail | F53: SkeletalMesh | G53: 1 | H53: - | I53: - | J53: - | K53: - | L53: - | M53: Low | N53: =IFERROR(VLOOKUP(M53,ShipShapeEnum!$H:$I,2,FALSE),"-") -> 1 | O53: - | P53: - | Q53: 2 | R53: M_Ship_Sail_Inst | S53: - | T53: - | U53: - | V53: - | W53: - | X53: -
A54: =A53+1 -> 46000045 | B54: 바스돛 | C54: Sail | D54: =IFERROR(VLOOKUP(C54,ShipShapeEnum!$E:$F,2,FALSE),"-") -> 1 | E54: SK_Ship_Buss_Sail | F54: SkeletalMesh | G54: 1 | H54: - | I54: - | J54: - | K54: - | L54: - | M54: Low | N54: =IFERROR(VLOOKUP(M54,ShipShapeEnum!$H:$I,2,FALSE),"-") -> 1 | O54: - | P54: - | Q54: - | R54: - | S54: - | T54: - | U54: - | V54: - | W54: - | X54: -
A55: =A54+1 -> 46000046 | B55: 오스만겔리돛 | C55: Sail | D55: =IFERROR(VLOOKUP(C55,ShipShapeEnum!$E:$F,2,FALSE),"-") -> 1 | E55: SK_Ship_Osmangalley_Sail | F55: SkeletalMesh | G55: 1 | H55: - | I55: - | J55: - | K55: - | L55: - | M55: Low | N55: =IFERROR(VLOOKUP(M55,ShipShapeEnum!$H:$I,2,FALSE),"-") -> 1 | O55: - | P55: - | Q55: 2 | R55: M_Ship_OsmanGalley_Deck_Inst | S55: - | T55: - | U55: - | V55: - | W55: - | X55: -
A56: =A55+1 -> 46000047 | B56: 판옥선돛 | C56: Sail | D56: =IFERROR(VLOOKUP(C56,ShipShapeEnum!$E:$F,2,FALSE),"-") -> 1 | E56: SK_Ship_PanOkSeon_Sail | F56: SkeletalMesh | G56: =IFERROR(VLOOKUP(F56,ShipShapeEnum!$B:$C,2,FALSE),"-") -> 1 | H56: - | I56: - | J56: - | K56: - | L56: - | M56: Low | N56: =IFERROR(VLOOKUP(M56,ShipShapeEnum!$H:$I,2,FALSE),"-") -> 1 | O56: - | P56: - | Q56: 2 | R56: M_Ship_Oriental_Sail_Inst | S56: - | T56: - | U56: - | V56: - | W56: - | X56: -
A57: =A56+1 -> 46000048 | B57: 거북선돛 | C57: Sail | D57: =IFERROR(VLOOKUP(C57,ShipShapeEnum!$E:$F,2,FALSE),"-") -> 1 | E57: SK_Ship_TurtleShip_Sail | F57: SkeletalMesh | G57: =IFERROR(VLOOKUP(F57,ShipShapeEnum!$B:$C,2,FALSE),"-") -> 1 | H57: - | I57: - | J57: - | K57: - | L57: - | M57: Low | N57: =IFERROR(VLOOKUP(M57,ShipShapeEnum!$H:$I,2,FALSE),"-") -> 1 | O57: - | P57: - | Q57: 2 | R57: M_Ship_Oriental_Sail_Inst | S57: - | T57: - | U57: - | V57: - | W57: - | X57: -
A58: =A57+1 -> 46000049 | B58: 전열함돛 | C58: Sail | D58: =IFERROR(VLOOKUP(C58,ShipShapeEnum!$E:$F,2,FALSE),"-") -> 1 | E58: SK_Ship_Vaisseau_Sail | F58: SkeletalMesh | G58: =IFERROR(VLOOKUP(F58,ShipShapeEnum!$B:$C,2,FALSE),"-") -> 1 | H58: - | I58: - | J58: - | K58: - | L58: - | M58: Low | N58: =IFERROR(VLOOKUP(M58,ShipShapeEnum!$H:$I,2,FALSE),"-") -> 1 | O58: - | P58: - | Q58: 2 | R58: M_Ship_Vaisseau_Line_Inst | S58: - | T58: - | U58: - | V58: - | W58: - | X58: -
A59: =A58+1 -> 46000050 | B59: 콜벳돛 | C59: Sail | D59: =IFERROR(VLOOKUP(C59,ShipShapeEnum!$E:$F,2,FALSE),"-") -> 1 | E59: SK_Ship_Corvette_Sail | F59: SkeletalMesh | G59: =IFERROR(VLOOKUP(F59,ShipShapeEnum!$B:$C,2,FALSE),"-") -> 1 | H59: - | I59: - | J59: - | K59: - | L59: - | M59: Low | N59: =IFERROR(VLOOKUP(M59,ShipShapeEnum!$H:$I,2,FALSE),"-") -> 1 | O59: - | P59: - | Q59: 2 | R59: M_Ship_Corvette_Line_Inst | S59: - | T59: - | U59: - | V59: - | W59: - | X59: -
A60: =A59+1 -> 46000051 | B60: 중형프리킷돛 | C60: Sail | D60: =IFERROR(VLOOKUP(C60,ShipShapeEnum!$E:$F,2,FALSE),"-") -> 1 | E60: Sk_Ship_Frigate_Sail | F60: SkeletalMesh | G60: =IFERROR(VLOOKUP(F60,ShipShapeEnum!$B:$C,2,FALSE),"-") -> 1 | H60: - | I60: - | J60: - | K60: - | L60: - | M60: Low | N60: =IFERROR(VLOOKUP(M60,ShipShapeEnum!$H:$I,2,FALSE),"-") -> 1 | O60: - | P60: - | Q60: 2 | R60: M_Ship_LargeFrigate_Deck_Inst | S60: - | T60: - | U60: - | V60: - | W60: - | X60: -
A61: =A60+1 -> 46000052 | B61: 대형프리킷돛 | C61: Sail | D61: =IFERROR(VLOOKUP(C61,ShipShapeEnum!$E:$F,2,FALSE),"-") -> 1 | E61: Sk_Ship_LargeFrigate_Sail | F61: SkeletalMesh | G61: =IFERROR(VLOOKUP(F61,ShipShapeEnum!$B:$C,2,FALSE),"-") -> 1 | H61: - | I61: - | J61: - | K61: - | L61: - | M61: Low | N61: =IFERROR(VLOOKUP(M61,ShipShapeEnum!$H:$I,2,FALSE),"-") -> 1 | O61: - | P61: - | Q61: 2 | R61: M_Ship_LargeFrigate_Deck_Inst | S61: - | T61: - | U61: - | V61: - | W61: - | X61: -
A62: =A61+1 -> 46000053 | B62: 갤리돛 | C62: Sail | D62: =IFERROR(VLOOKUP(C62,ShipShapeEnum!$E:$F,2,FALSE),"-") -> 1 | E62: SK_Ship_Galley_Sail | F62: SkeletalMesh | G62: =IFERROR(VLOOKUP(F62,ShipShapeEnum!$B:$C,2,FALSE),"-") -> 1 | H62: - | I62: - | J62: - | K62: - | L62: - | M62: Low | N62: =IFERROR(VLOOKUP(M62,ShipShapeEnum!$H:$I,2,FALSE),"-") -> 1 | O62: - | P62: - | Q62: 2 | R62: M_Ship_Galley_Line_Inst | S62: - | T62: - | U62: - | V62: - | W62: - | X62: -
A63: =A62+1 -> 46000054 | B63: 경량형갤리돛 | C63: Sail | D63: =IFERROR(VLOOKUP(C63,ShipShapeEnum!$E:$F,2,FALSE),"-") -> 1 | E63: SK_Ship_LightGalley_Sail | F63: SkeletalMesh | G63: =IFERROR(VLOOKUP(F63,ShipShapeEnum!$B:$C,2,FALSE),"-") -> 1 | H63: - | I63: - | J63: - | K63: - | L63: - | M63: Low | N63: =IFERROR(VLOOKUP(M63,ShipShapeEnum!$H:$I,2,FALSE),"-") -> 1 | O63: - | P63: - | Q63: 2 | R63: M_Ship_LightGalley_Line_Inst | S63: - | T63: - | U63: - | V63: - | W63: - | X63: -
A64: =A63+1 -> 46000055 | B64: 중갤리돛 | C64: Sail | D64: =IFERROR(VLOOKUP(C64,ShipShapeEnum!$E:$F,2,FALSE),"-") -> 1 | E64: SK_Ship_HeavyGalley_Sail | F64: SkeletalMesh | G64: =IFERROR(VLOOKUP(F64,ShipShapeEnum!$B:$C,2,FALSE),"-") -> 1 | H64: - | I64: - | J64: - | K64: - | L64: - | M64: Low | N64: =IFERROR(VLOOKUP(M64,ShipShapeEnum!$H:$I,2,FALSE),"-") -> 1 | O64: - | P64: - | Q64: 2 | R64: M_Ship_HeavyGalley_Line_Inst | S64: - | T64: - | U64: - | V64: - | W64: - | X64: -
A65: =A64+1 -> 46000056 | B65: 정화의보선돛 | C65: Sail | D65: =IFERROR(VLOOKUP(C65,ShipShapeEnum!$E:$F,2,FALSE),"-") -> 1 | E65: SK_Ship_Treasure_Sail | F65: SkeletalMesh | G65: =IFERROR(VLOOKUP(F65,ShipShapeEnum!$B:$C,2,FALSE),"-") -> 1 | H65: - | I65: - | J65: - | K65: - | L65: - | M65: Low | N65: =IFERROR(VLOOKUP(M65,ShipShapeEnum!$H:$I,2,FALSE),"-") -> 1 | O65: - | P65: - | Q65: 2 | R65: M_Ship_TreasureOriental_Sail_Inst | S65: - | T65: - | U65: - | V65: - | W65: - | X65: -
A66: =A65+1 -> 46000057 | B66: 판호용_대형갤리온돛 | C66: Sail | D66: =IFERROR(VLOOKUP(C66,ShipShapeEnum!$E:$F,2,FALSE),"-") -> 1 | E66: SK_Ship_LargeGalleon_Sail | F66: SkeletalMesh | G66: =IFERROR(VLOOKUP(F66,ShipShapeEnum!$B:$C,2,FALSE),"-") -> 1 | H66: - | I66: - | J66: - | K66: - | L66: - | M66: Low | N66: =IFERROR(VLOOKUP(M66,ShipShapeEnum!$H:$I,2,FALSE),"-") -> 1 | O66: - | P66: - | Q66: 2 | R66: M_Ship_LargeGalleon_Sail_Panho | S66: - | T66: - | U66: - | V66: - | W66: - | X66: -
A67: =A66+1 -> 46000058 | B67: 판호용_슬로프돛 | C67: Sail | D67: =IFERROR(VLOOKUP(C67,ShipShapeEnum!$E:$F,2,FALSE),"-") -> 1 | E67: SK_Ship_Sloop_Sail | F67: SkeletalMesh | G67: 1 | H67: - | I67: - | J67: - | K67: - | L67: - | M67: Low | N67: =IFERROR(VLOOKUP(M67,ShipShapeEnum!$H:$I,2,FALSE),"-") -> 1 | O67: - | P67: - | Q67: 2 | R67: M_Ship_Sail_Panho2 | S67: 3 | T67: M_Ship_triangleSail_Panho4 | U67: - | V67: - | W67: - | X67: -
A68: =A67+1 -> 46000059 | B68: 판호용_브리간틴돛 | C68: Sail | D68: =IFERROR(VLOOKUP(C68,ShipShapeEnum!$E:$F,2,FALSE),"-") -> 1 | E68: SK_Ship_Bergantin_Sail | F68: SkeletalMesh | G68: 1 | H68: - | I68: - | J68: - | K68: - | L68: - | M68: Low | N68: =IFERROR(VLOOKUP(M68,ShipShapeEnum!$H:$I,2,FALSE),"-") -> 1 | O68: - | P68: - | Q68: 2 | R68: M_Ship_Sail_Panho | S68: 3 | T68: M_Ship_triangleSail_Panho | U68: - | V68: - | W68: - | X68: -
A69: =A68+1 -> 46000060 | B69: 판호용_오스만겔리돛 | C69: Sail | D69: =IFERROR(VLOOKUP(C69,ShipShapeEnum!$E:$F,2,FALSE),"-") -> 1 | E69: SK_Ship_Osmangalley_Sail | F69: SkeletalMesh | G69: 1 | H69: - | I69: - | J69: - | K69: - | L69: - | M69: Low | N69: =IFERROR(VLOOKUP(M69,ShipShapeEnum!$H:$I,2,FALSE),"-") -> 1 | O69: - | P69: - | Q69: 2 | R69: M_Ship_triangleSail_Panho3 | S69: 3 | T69: M_Ship_triangleSail_Panho3 | U69: - | V69: - | W69: - | X69: -
A70: =A69+1 -> 46000061 | B70: 판호용_보스오스만겔리돛 | C70: Sail | D70: =IFERROR(VLOOKUP(C70,ShipShapeEnum!$E:$F,2,FALSE),"-") -> 1 | E70: SK_Ship_Osmangalley_Sail | F70: SkeletalMesh | G70: 1 | H70: - | I70: - | J70: - | K70: - | L70: - | M70: Low | N70: =IFERROR(VLOOKUP(M70,ShipShapeEnum!$H:$I,2,FALSE),"-") -> 1 | O70: - | P70: - | Q70: 2 | R70: M_Ship_triangleSail_Panho2 | S70: 3 | T70: M_Ship_triangleSail_Panho2 | U70: - | V70: - | W70: - | X70: -
A71: =A70+1 -> 46000062 | B71: 판호_보스전열함돛 | C71: Sail | D71: =IFERROR(VLOOKUP(C71,ShipShapeEnum!$E:$F,2,FALSE),"-") -> 1 | E71: SK_Ship_VaisseauBoss_Sail | F71: SkeletalMesh | G71: =IFERROR(VLOOKUP(F71,ShipShapeEnum!$B:$C,2,FALSE),"-") -> 1 | H71: - | I71: - | J71: - | K71: - | L71: - | M71: Low | N71: =IFERROR(VLOOKUP(M71,ShipShapeEnum!$H:$I,2,FALSE),"-") -> 1 | O71: - | P71: - | Q71: 2 | R71: M_Ship_Vaisseau_Parts_Inst | S71: 3 | T71: M_Ship_LargeGalleon_Sail_Inst_Panho | U71: - | V71: - | W71: - | X71: -
A72: =A71+1 -> 46000063 | B72: 프롤로그_나오돛 | C72: Sail | D72: =IFERROR(VLOOKUP(C72,ShipShapeEnum!$E:$F,2,FALSE),"-") -> 1 | E72: SK_Ship_Nao_Sail | F72: SkeletalMesh | G72: =IFERROR(VLOOKUP(F72,ShipShapeEnum!$B:$C,2,FALSE),"-") -> 1 | H72: - | I72: - | J72: - | K72: - | L72: - | M72: Low | N72: =IFERROR(VLOOKUP(M72,ShipShapeEnum!$H:$I,2,FALSE),"-") -> 1 | O72: 47290001 | P72: - | Q72: 2 | R72: M_Ship_Sail_Inst | S72: - | T72: - | U72: - | V72: - | W72: - | X72: -
A73: =A72+1 -> 46000064 | B73: 프롤로그_바스돛 | C73: Sail | D73: =IFERROR(VLOOKUP(C73,ShipShapeEnum!$E:$F,2,FALSE),"-") -> 1 | E73: SK_Ship_Buss_Sail | F73: SkeletalMesh | G73: =IFERROR(VLOOKUP(F73,ShipShapeEnum!$B:$C,2,FALSE),"-") -> 1 | H73: - | I73: - | J73: - | K73: - | L73: - | M73: Low | N73: =IFERROR(VLOOKUP(M73,ShipShapeEnum!$H:$I,2,FALSE),"-") -> 1 | O73: 47290002 | P73: - | Q73: - | R73: - | S73: - | T73: - | U73: - | V73: - | W73: - | X73: -
A74: =A73+1 -> 46000065 | B74: 프롤로그_바르카3돛 | C74: Sail | D74: =IFERROR(VLOOKUP(C74,ShipShapeEnum!$E:$F,2,FALSE),"-") -> 1 | E74: SK_Ship_Barca_TriangleSail | F74: SkeletalMesh | G74: =IFERROR(VLOOKUP(F74,ShipShapeEnum!$B:$C,2,FALSE),"-") -> 1 | H74: - | I74: - | J74: - | K74: - | L74: - | M74: Low | N74: =IFERROR(VLOOKUP(M74,ShipShapeEnum!$H:$I,2,FALSE),"-") -> 1 | O74: 47290003 | P74: - | Q74: 2 | R74: M_Ship_Sail_Inst | S74: - | T74: - | U74: - | V74: - | W74: - | X74: -
A75: =A74+1 -> 46000066 | B75: 프롤로그_바르카4돛 | C75: Sail | D75: =IFERROR(VLOOKUP(C75,ShipShapeEnum!$E:$F,2,FALSE),"-") -> 1 | E75: SK_Ship_Barca_SquareSail | F75: SkeletalMesh | G75: =IFERROR(VLOOKUP(F75,ShipShapeEnum!$B:$C,2,FALSE),"-") -> 1 | H75: - | I75: - | J75: - | K75: - | L75: - | M75: Low | N75: =IFERROR(VLOOKUP(M75,ShipShapeEnum!$H:$I,2,FALSE),"-") -> 1 | O75: 47290004 | P75: - | Q75: 2 | R75: M_Ship_Sail_Inst | S75: - | T75: - | U75: - | V75: - | W75: - | X75: -
A76: =A75+1 -> 46000067 | B76: 프롤로그_대형갤리온돛 | C76: Sail | D76: =IFERROR(VLOOKUP(C76,ShipShapeEnum!$E:$F,2,FALSE),"-") -> 1 | E76: SK_Ship_LargeGalleon_Sail | F76: SkeletalMesh | G76: =IFERROR(VLOOKUP(F76,ShipShapeEnum!$B:$C,2,FALSE),"-") -> 1 | H76: - | I76: - | J76: - | K76: - | L76: - | M76: Low | N76: =IFERROR(VLOOKUP(M76,ShipShapeEnum!$H:$I,2,FALSE),"-") -> 1 | O76: 47290005 | P76: - | Q76: 2 | R76: M_Ship_LargeGalleon_Sail_Inst | S76: - | T76: - | U76: - | V76: - | W76: - | X76: -
A77: =A76+1 -> 46000068 | B77: 프롤로그_브리간틴돛 | C77: Sail | D77: =IFERROR(VLOOKUP(C77,ShipShapeEnum!$E:$F,2,FALSE),"-") -> 1 | E77: SK_Ship_Bergantin_Sail | F77: SkeletalMesh | G77: =IFERROR(VLOOKUP(F77,ShipShapeEnum!$B:$C,2,FALSE),"-") -> 1 | H77: - | I77: - | J77: - | K77: - | L77: - | M77: Low | N77: =IFERROR(VLOOKUP(M77,ShipShapeEnum!$H:$I,2,FALSE),"-") -> 1 | O77: 47290006 | P77: - | Q77: 2 | R77: M_Ship_Sail_Inst | S77: - | T77: - | U77: - | V77: - | W77: - | X77: -
A78: =A77+1 -> 46000069 | B78: 프롤로그_중형프리킷돛 | C78: Sail | D78: =IFERROR(VLOOKUP(C78,ShipShapeEnum!$E:$F,2,FALSE),"-") -> 1 | E78: Sk_Ship_Frigate_Sail | F78: SkeletalMesh | G78: =IFERROR(VLOOKUP(F78,ShipShapeEnum!$B:$C,2,FALSE),"-") -> 1 | H78: - | I78: - | J78: - | K78: - | L78: - | M78: Low | N78: =IFERROR(VLOOKUP(M78,ShipShapeEnum!$H:$I,2,FALSE),"-") -> 1 | O78: 47290008 | P78: - | Q78: 2 | R78: M_Ship_LargeFrigate_Deck_Inst | S78: - | T78: - | U78: - | V78: - | W78: - | X78: -
A79: =A78+1 -> 46000070 | B79: 소조선돛 | C79: Sail | D79: =IFERROR(VLOOKUP(C79,ShipShapeEnum!$E:$F,2,FALSE),"-") -> 1 | E79: SK_Ship_Kobaya_Sail | F79: SkeletalMesh | G79: =IFERROR(VLOOKUP(F79,ShipShapeEnum!$B:$C,2,FALSE),"-") -> 1 | H79: - | I79: - | J79: - | K79: - | L79: - | M79: Low | N79: =IFERROR(VLOOKUP(M79,ShipShapeEnum!$H:$I,2,FALSE),"-") -> 1 | O79: - | P79: - | Q79: 1 | R79: M_Ship_Kobaya_WoodLine_Inst | S79: - | T79: - | U79: - | V79: - | W79: - | X79: -
A80: =A79+1 -> 46000071 | B80: 다우돛 | C80: Sail | D80: =IFERROR(VLOOKUP(C80,ShipShapeEnum!$E:$F,2,FALSE),"-") -> 1 | E80: SK_Ship_Dhow_Sail | F80: SkeletalMesh | G80: =IFERROR(VLOOKUP(F80,ShipShapeEnum!$B:$C,2,FALSE),"-") -> 1 | H80: - | I80: - | J80: - | K80: - | L80: - | M80: Low | N80: =IFERROR(VLOOKUP(M80,ShipShapeEnum!$H:$I,2,FALSE),"-") -> 1 | O80: - | P80: - | Q80: 0 | R80: M_Ship_Dhow_Deck_Inst | S80: - | T80: - | U80: - | V80: - | W80: - | X80: -
A81: =A80+1 -> 46000072 | B81: 대복선돛 | C81: Sail | D81: =IFERROR(VLOOKUP(C81,ShipShapeEnum!$E:$F,2,FALSE),"-") -> 1 | E81: SK_Ship_LargeJunk_Sail | F81: SkeletalMesh | G81: =IFERROR(VLOOKUP(F81,ShipShapeEnum!$B:$C,2,FALSE),"-") -> 1 | H81: - | I81: - | J81: - | K81: - | L81: - | M81: Low | N81: =IFERROR(VLOOKUP(M81,ShipShapeEnum!$H:$I,2,FALSE),"-") -> 1 | O81: - | P81: - | Q81: 0 | R81: M_Ship_LargeJunk_Line_Inst | S81: - | T81: - | U81: - | V81: - | W81: - | X81: -
A82: =A81+1 -> 46000073 | B82: 카락돛 | C82: Sail | D82: =IFERROR(VLOOKUP(C82,ShipShapeEnum!$E:$F,2,FALSE),"-") -> 1 | E82: SK_Ship_Carrack_Sail | F82: SkeletalMesh | G82: =IFERROR(VLOOKUP(F82,ShipShapeEnum!$B:$C,2,FALSE),"-") -> 1 | H82: - | I82: - | J82: - | K82: - | L82: - | M82: Low | N82: =IFERROR(VLOOKUP(M82,ShipShapeEnum!$H:$I,2,FALSE),"-") -> 1 | O82: - | P82: - | Q82: 0 | R82: M_Ship_Carrack_Line_Inst | S82: - | T82: - | U82: - | V82: - | W82: - | X82: -
A83: =A82+1 -> 46000074 | B83: 대형사선돛 | C83: Sail | D83: =IFERROR(VLOOKUP(C83,ShipShapeEnum!$E:$F,2,FALSE),"-") -> 1 | E83: SK_Ship_LargeSha_Chuan_Sail | F83: SkeletalMesh | G83: =IFERROR(VLOOKUP(F83,ShipShapeEnum!$B:$C,2,FALSE),"-") -> 1 | H83: - | I83: - | J83: - | K83: - | L83: - | M83: Low | N83: =IFERROR(VLOOKUP(M83,ShipShapeEnum!$H:$I,2,FALSE),"-") -> 1 | O83: - | P83: - | Q83: 0 | R83: M_Ship_LargeSha-Chuan_Line_Inst | S83: - | T83: - | U83: - | V83: - | W83: - | X83: -
A84: =A83+1 -> 46000075 | B84: 스쿠너돛 | C84: Sail | D84: =IFERROR(VLOOKUP(C84,ShipShapeEnum!$E:$F,2,FALSE),"-") -> 1 | E84: SK_Ship_Schooner_Sail | F84: SkeletalMesh | G84: =IFERROR(VLOOKUP(F84,ShipShapeEnum!$B:$C,2,FALSE),"-") -> 1 | H84: - | I84: - | J84: - | K84: - | L84: - | M84: Low | N84: =IFERROR(VLOOKUP(M84,ShipShapeEnum!$H:$I,2,FALSE),"-") -> 1 | O84: - | P84: - | Q84: 0 | R84: M_Ship_Schooner_Deck_Inst | S84: - | T84: - | U84: - | V84: - | W84: - | X84: -
A85: =A84+1 -> 46000076 | B85: 삼부크돛 | C85: Sail | D85: =IFERROR(VLOOKUP(C85,ShipShapeEnum!$E:$F,2,FALSE),"-") -> 1 | E85: SK_Ship_Sambuk_Sail | F85: SkeletalMesh | G85: =IFERROR(VLOOKUP(F85,ShipShapeEnum!$B:$C,2,FALSE),"-") -> 1 | H85: - | I85: - | J85: - | K85: - | L85: - | M85: Low | N85: =IFERROR(VLOOKUP(M85,ShipShapeEnum!$H:$I,2,FALSE),"-") -> 1 | O85: - | P85: - | Q85: 0 | R85: M_Ship_Sambuk_Deck_Inst | S85: - | T85: - | U85: - | V85: - | W85: - | X85: -
A86: =A85+1 -> 46000077 | B86: 펠러커돛 | C86: Sail | D86: =IFERROR(VLOOKUP(C86,ShipShapeEnum!$E:$F,2,FALSE),"-") -> 1 | E86: SK_Ship_Felucca_Sail | F86: SkeletalMesh | G86: =IFERROR(VLOOKUP(F86,ShipShapeEnum!$B:$C,2,FALSE),"-") -> 1 | H86: - | I86: - | J86: - | K86: - | L86: - | M86: Low | N86: =IFERROR(VLOOKUP(M86,ShipShapeEnum!$H:$I,2,FALSE),"-") -> 1 | O86: - | P86: - | Q86: 0 | R86: M_Ship_Felucca_Deck_Inst | S86: - | T86: - | U86: - | V86: - | W86: - | X86: -
A87: =A86+1 -> 46000078 | B87: 핀네스돛 | C87: Sail | D87: =IFERROR(VLOOKUP(C87,ShipShapeEnum!$E:$F,2,FALSE),"-") -> 1 | E87: SK_Ship_Pinnace_Sail | F87: SkeletalMesh | G87: =IFERROR(VLOOKUP(F87,ShipShapeEnum!$B:$C,2,FALSE),"-") -> 1 | H87: - | I87: - | J87: - | K87: - | L87: - | M87: Low | N87: =IFERROR(VLOOKUP(M87,ShipShapeEnum!$H:$I,2,FALSE),"-") -> 1 | O87: - | P87: - | Q87: 0 | R87: M_Ship_Pinnace_Deck_Inst | S87: - | T87: - | U87: - | V87: - | W87: - | X87: -
A88: =A87+1 -> 46000079 | B88: 프류트돛 | C88: Sail | D88: =IFERROR(VLOOKUP(C88,ShipShapeEnum!$E:$F,2,FALSE),"-") -> 1 | E88: SK_Ship_Fluyt_Sail | F88: SkeletalMesh | G88: =IFERROR(VLOOKUP(F88,ShipShapeEnum!$B:$C,2,FALSE),"-") -> 1 | H88: - | I88: - | J88: - | K88: - | L88: - | M88: Low | N88: =IFERROR(VLOOKUP(M88,ShipShapeEnum!$H:$I,2,FALSE),"-") -> 1 | O88: - | P88: - | Q88: 0 | R88: M_Ship_Fluyt_Line_Inst | S88: - | T88: - | U88: - | V88: - | W88: - | X88: -
A89: =A88+1 -> 46000080 | B89: 지벡돛 | C89: Sail | D89: =IFERROR(VLOOKUP(C89,ShipShapeEnum!$E:$F,2,FALSE),"-") -> 1 | E89: SK_Ship_Xebec_Sail | F89: SkeletalMesh | G89: =IFERROR(VLOOKUP(F89,ShipShapeEnum!$B:$C,2,FALSE),"-") -> 1 | H89: - | I89: - | J89: - | K89: - | L89: - | M89: Low | N89: =IFERROR(VLOOKUP(M89,ShipShapeEnum!$H:$I,2,FALSE),"-") -> 1 | O89: - | P89: - | Q89: 1 | R89: M_Ship_Xebec_WoodLine_Inst | S89: - | T89: - | U89: - | V89: - | W89: - | X89: -
A90: =A89+1 -> 46000081 | B90: 갤리온돛 | C90: Sail | D90: =IFERROR(VLOOKUP(C90,ShipShapeEnum!$E:$F,2,FALSE),"-") -> 1 | E90: SK_Ship_MediumGalleon_Sail | F90: SkeletalMesh | G90: =IFERROR(VLOOKUP(F90,ShipShapeEnum!$B:$C,2,FALSE),"-") -> 1 | H90: - | I90: - | J90: - | K90: - | L90: - | M90: Low | N90: =IFERROR(VLOOKUP(M90,ShipShapeEnum!$H:$I,2,FALSE),"-") -> 1 | O90: - | P90: - | Q90: 0 | R90: M_Ship_Galleon_Line_Inst | S90: - | T90: - | U90: - | V90: - | W90: - | X90: -
... A101: =A100+1 -> 46000092 | B101: 롱스쿠너돛 | C101: Sail | D101: =IFERROR(VLOOKUP(C101,ShipShapeEnum!$E:$F,2,FALSE),"-") -> 1 | E101: SK_Ship_LongSchooner_Sail | F101: SkeletalMesh | G101: =IFERROR(VLOOKUP(F101,ShipShapeEnum!$B:$C,2,FALSE),"-") -> 1 | H101: - | I101: - | J101: - | K101: - | L101: - | M101: Low | N101: =IFERROR(VLOOKUP(M101,ShipShapeEnum!$H:$I,2,FALSE),"-") -> 1 | O101: - | P101: - | Q101: 0 | R101: M_Ship_Schooner_Deck_Inst | S101: - | T101: - | U101: - | V101: - | W101: - | X101: -
A102: 46100001 | B102: 미다스상 | C102: Head | D102: =IFERROR(VLOOKUP(C102,ShipShapeEnum!$E:$F,2,FALSE),"-") -> 2 | E102: SM_Ship_FigureHead_KingMidas | F102: StaticMesh | G102: =IFERROR(VLOOKUP(F102,ShipShapeEnum!$B:$C,2,FALSE),"-") -> 2 | H102: - | I102: - | J102: - | K102: - | L102: - | M102: Low | N102: =IFERROR(VLOOKUP(M102,ShipShapeEnum!$H:$I,2,FALSE),"-") -> 1 | O102: - | P102: - | Q102: 0 | R102: M_Ship_FigureHead_KingMidas_Inst | S102: - | T102: - | U102: - | V102: - | W102: - | X102: -
A103: =A102+1 -> 46100002 | B103: 독수리상 | C103: Head | D103: =IFERROR(VLOOKUP(C103,ShipShapeEnum!$E:$F,2,FALSE),"-") -> 2 | E103: SM_Ship_FigureHead_Eagle | F103: StaticMesh | G103: =IFERROR(VLOOKUP(F103,ShipShapeEnum!$B:$C,2,FALSE),"-") -> 2 | H103: - | I103: - | J103: - | K103: - | L103: - | M103: Low | N103: =IFERROR(VLOOKUP(M103,ShipShapeEnum!$H:$I,2,FALSE),"-") -> 1 | O103: - | P103: - | Q103: 0 | R103: M_Ship_FigureHead_Eagle_Inst | S103: - | T103: - | U103: - | V103: - | W103: - | X103: -
A104: =A103+1 -> 46100003 | B104: 해신상 | C104: Head | D104: =IFERROR(VLOOKUP(C104,ShipShapeEnum!$E:$F,2,FALSE),"-") -> 2 | E104: SM_Ship_FigureHead_GodoftheSeas | F104: StaticMesh | G104: =IFERROR(VLOOKUP(F104,ShipShapeEnum!$B:$C,2,FALSE),"-") -> 2 | H104: SOCKET_SK_Ship_Body_figure_head2 | I104: - | J104: - | K104: - | L104: - | M104: Low | N104: =IFERROR(VLOOKUP(M104,ShipShapeEnum!$H:$I,2,FALSE),"-") -> 1 | O104: - | P104: - | Q104: 2 | R104: M_Ship_FigureHead_GodoftheSeas_Inst | S104: - | T104: - | U104: - | V104: - | W104: - | X104: -
A105: =A104+1 -> 46100004 | B105: 맨티코어상 | C105: Head | D105: =IFERROR(VLOOKUP(C105,ShipShapeEnum!$E:$F,2,FALSE),"-") -> 2 | E105: SM_Ship_FigureHead_Manticore | F105: StaticMesh | G105: =IFERROR(VLOOKUP(F105,ShipShapeEnum!$B:$C,2,FALSE),"-") -> 2 | H105: SOCKET_SK_Ship_Body_figure_head2 | I105: - | J105: - | K105: - | L105: - | M105: Low | N105: =IFERROR(VLOOKUP(M105,ShipShapeEnum!$H:$I,2,FALSE),"-") -> 1 | O105: - | P105: - | Q105: 2 | R105: M_Ship_FigureHead_Manticore_Inst | S105: - | T105: - | U105: - | V105: - | W105: - | X105: -
A106: =A105+1 -> 46100005 | B106: 흰머리독수리상 | C106: Head | D106: =IFERROR(VLOOKUP(C106,ShipShapeEnum!$E:$F,2,FALSE),"-") -> 2 | E106: SM_Ship_FigureHead_Bald_Eagle | F106: StaticMesh | G106: =IFERROR(VLOOKUP(F106,ShipShapeEnum!$B:$C,2,FALSE),"-") -> 2 | H106: SOCKET_SK_Ship_Body_figure_head1 | I106: - | J106: - | K106: - | L106: - | M106: Low | N106: =IFERROR(VLOOKUP(M106,ShipShapeEnum!$H:$I,2,FALSE),"-") -> 1 | O106: - | P106: - | Q106: 2 | R106: M_Ship_FigureHead_Bald_Eagle_Inst | S106: - | T106: - | U106: - | V106: - | W106: - | X106: -
A107: =A106+1 -> 46100006 | B107: 벌쳐상(콘도르) | C107: Head | D107: =IFERROR(VLOOKUP(C107,ShipShapeEnum!$E:$F,2,FALSE),"-") -> 2 | E107: SM_Ship_FigureHead_Vulture | F107: StaticMesh | G107: =IFERROR(VLOOKUP(F107,ShipShapeEnum!$B:$C,2,FALSE),"-") -> 2 | H107: SOCKET_SK_Ship_Body_figure_head1 | I107: - | J107: - | K107: - | L107: - | M107: Low | N107: =IFERROR(VLOOKUP(M107,ShipShapeEnum!$H:$I,2,FALSE),"-") -> 1 | O107: - | P107: - | Q107: 2 | R107: M_Ship_FigureHead_Vulture_Inst | S107: - | T107: - | U107: - | V107: - | W107: - | X107: -
A108: =A107+1 -> 46100007 | B108: 벨루가상 | C108: Head | D108: =IFERROR(VLOOKUP(C108,ShipShapeEnum!$E:$F,2,FALSE),"-") -> 2 | E108: SM_Ship_FigureHead_Beluga | F108: StaticMesh | G108: =IFERROR(VLOOKUP(F108,ShipShapeEnum!$B:$C,2,FALSE),"-") -> 2 | H108: SOCKET_SK_Ship_Body_figure_head2 | I108: - | J108: - | K108: - | L108: - | M108: Low | N108: =IFERROR(VLOOKUP(M108,ShipShapeEnum!$H:$I,2,FALSE),"-") -> 1 | O108: - | P108: - | Q108: 0 | R108: M_Ship_FigureHead_Beluga_Inst | S108: - | T108: - | U108: - | V108: - | W108: - | X108: -
A109: =A108+1 -> 46100008 | B109: 일각돌고래상 | C109: Head | D109: =IFERROR(VLOOKUP(C109,ShipShapeEnum!$E:$F,2,FALSE),"-") -> 2 | E109: SM_Ship_FigureHead_Narwhal | F109: StaticMesh | G109: =IFERROR(VLOOKUP(F109,ShipShapeEnum!$B:$C,2,FALSE),"-") -> 2 | H109: SOCKET_SK_Ship_Body_figure_head2 | I109: - | J109: - | K109: - | L109: - | M109: Low | N109: =IFERROR(VLOOKUP(M109,ShipShapeEnum!$H:$I,2,FALSE),"-") -> 1 | O109: - | P109: - | Q109: 0 | R109: M_Ship_FigureHead_Narwhal_Inst | S109: - | T109: - | U109: - | V109: - | W109: - | X109: -
A110: =A109+1 -> 46100009 | B110: 아난타상 | C110: Head | D110: =IFERROR(VLOOKUP(C110,ShipShapeEnum!$E:$F,2,FALSE),"-") -> 2 | E110: SM_Ship_FigureHead_Ananta | F110: StaticMesh | G110: =IFERROR(VLOOKUP(F110,ShipShapeEnum!$B:$C,2,FALSE),"-") -> 2 | H110: SOCKET_SK_Ship_Body_figure_head2 | I110: - | J110: - | K110: - | L110: - | M110: Low | N110: =IFERROR(VLOOKUP(M110,ShipShapeEnum!$H:$I,2,FALSE),"-") -> 1 | O110: - | P110: - | Q110: 0 | R110: M_Ship_FigureHead_Ananta_Inst | S110: - | T110: - | U110: - | V110: - | W110: - | X110: -
...

Sheet SailCrest
A1: id | C1: cresticon | D1: crestUiIcon | E1: isExposure | G1: applypointId | H1: applypointval | J1: unlockpointId | K1: unlockpointval | M1: unlockitemId | N1: unlockitemval
A2: key:47100000~47199999 | C2: string | D2: string | E2: bool | G2: number | H2: number | J2: number | K2: number | M2: number | N2: number
A3: :required | C3: 1 | D3: - | E3: 1 | G3: - | H3: - | J3: - | K3: - | M3: - | N3: -
A4: :min | C4: - | D4: - | E4: - | G4: - | H4: - | J4: - | K4: - | M4: - | N4: -
A5: :max | C5: - | D5: - | E5: - | G5: - | H5: - | J5: - | K5: - | M5: - | N5: -
A6: :enum | C6: - | D6: - | E6: - | G6: - | H6: - | J6: - | K6: - | M6: - | N6: -
A7: :links | C7: - | D7: - | E7: - | G7: - | H7: - | J7: - | K7: - | M7: - | N7: -
A8: :asset | C8: 1 | D8: 1 | E8: - | G8: - | H8: - | J8: - | K8: - | M8: - | N8: -
A9: 47100000 | B9: 빈문장 | C9: Texture_Sail_Crest_0 | D9: Icon_Sail_Crest_0_Sprite | E9: TRUE | G9: - | H9: - | J9: - | K9: - | L9: - | M9: - | N9: -
A10: 47100001 | B10: 금문장（가을） | C10: Texture_Sail_Crest_1 | D10: Icon_Sail_Crest_1_Sprite | E10: TRUE | F10: 두카트 | G10: 100001 | H10: 10000 | I10: 두카트 | J10: 100001 | K10: 100000 | L10: #금문장（가을） | M10: 23311000 | N10: 1
A11: 47100002 | B11: 금문장（겨울） | C11: Texture_Sail_Crest_2 | D11: Icon_Sail_Crest_2_Sprite | E11: TRUE | F11: 두카트 | G11: 100001 | H11: 10000 | I11: 두카트 | J11: 100001 | K11: 100000 | L11: #금문장（겨울） | M11: 23311001 | N11: 1
A12: 47100003 | B12: 금문장（봄） | C12: Texture_Sail_Crest_3 | D12: Icon_Sail_Crest_3_Sprite | E12: TRUE | F12: 두카트 | G12: 100001 | H12: 10000 | I12: 두카트 | J12: 100001 | K12: 100000 | L12: #금문장（봄） | M12: 23311002 | N12: 1
A13: 47100004 | B13: 금문장（여름） | C13: Texture_Sail_Crest_4 | D13: Icon_Sail_Crest_4_Sprite | E13: TRUE | F13: 두카트 | G13: 100001 | H13: 10000 | I13: 두카트 | J13: 100001 | K13: 100000 | L13: #금문장（여름） | M13: 23311003 | N13: 1
A14: 47100005 | B14: 대해적 | C14: Texture_Sail_Crest_5 | D14: Icon_Sail_Crest_5_Sprite | E14: TRUE | F14: 두카트 | G14: 100001 | H14: 10000 | I14: 블루잼 | J14: 100003 | K14: 1000 | L14: #대해적 | M14: 23311004 | N14: 1
A15: 47100006 | B15: 은문장(가을) | C15: Texture_Sail_Crest_6 | D15: Icon_Sail_Crest_6_Sprite | E15: TRUE | F15: 두카트 | G15: 100001 | H15: 10000 | I15: 두카트 | J15: 100001 | K15: 100000 | L15: #은문장(가을) | M15: 23311005 | N15: 1
A16: 47100007 | B16: 은문장(겨울) | C16: Texture_Sail_Crest_7 | D16: Icon_Sail_Crest_7_Sprite | E16: TRUE | F16: 두카트 | G16: 100001 | H16: 10000 | I16: 두카트 | J16: 100001 | K16: 100000 | L16: #은문장(겨울) | M16: 23311006 | N16: 1
A17: 47100008 | B17: 은문장(봄) | C17: Texture_Sail_Crest_8 | D17: Icon_Sail_Crest_8_Sprite | E17: TRUE | F17: 두카트 | G17: 100001 | H17: 10000 | I17: 두카트 | J17: 100001 | K17: 100000 | L17: #은문장(봄) | M17: 23311007 | N17: 1
A18: 47100009 | B18: 은문장(여름) | C18: Texture_Sail_Crest_9 | D18: Icon_Sail_Crest_9_Sprite | E18: TRUE | F18: 두카트 | G18: 100001 | H18: 10000 | I18: 두카트 | J18: 100001 | K18: 100000 | L18: #은문장(여름) | M18: 23311008 | N18: 1
A19: 47100010 | B19: 가네샤 | C19: Texture_Sail_Crest_10 | D19: Icon_Sail_Crest_10_Sprite | E19: TRUE | F19: 두카트 | G19: 100001 | H19: 10000 | I19: 블루잼 | J19: 100003 | K19: 1000 | L19: #가네샤 | M19: 23311009 | N19: 1
A20: 47100011 | B20: 가루다 | C20: Texture_Sail_Crest_11 | D20: Icon_Sail_Crest_11_Sprite | E20: TRUE | F20: 두카트 | G20: 100001 | H20: 10000 | I20: 블루잼 | J20: 100003 | K20: 1000 | L20: #가루다 | M20: 23311010 | N20: 1
A21: 47100012 | B21: Voyage | C21: Texture_Sail_Crest_12 | D21: Icon_Sail_Crest_12_Sprite | E21: TRUE | F21: 두카트 | G21: 100001 | H21: 10000 | I21: 두카트 | J21: 100001 | K21: 100000 | L21: #보야쥬 | M21: 23311011 | N21: 1
... A56: 47100047 | B56: 다이아몬드 | C56: Texture_Sail_Crest_47 | D56: Icon_Sail_Crest_47_Sprite | E56: TRUE | F56: 두카트 | G56: 100001 | H56: 10000 | I56: 두카트 | J56: 100001 | K56: 100000 | L56: #다이아몬드 | M56: 23311046 | N56: 1
A57: 47100048 | B57: 델핀 | C57: Texture_Sail_Crest_48 | D57: Icon_Sail_Crest_48_Sprite | E57: TRUE | F57: 두카트 | G57: 100001 | H57: 10000 | I57: - | J57: - | K57: - | L57: #델핀 | M57: 23311047 | N57: 1
A58: 47100049 | B58: 바다뱀 | C58: Texture_Sail_Crest_49 | D58: Icon_Sail_Crest_49_Sprite | E58: TRUE | F58: 두카트 | G58: 100001 | H58: 10000 | I58: 두카트 | J58: 100001 | K58: 100000 | L58: #바다뱀 | M58: 23311048 | N58: 1
A59: 47100050 | B59: 백합 | C59: Texture_Sail_Crest_50 | D59: Icon_Sail_Crest_50_Sprite | E59: TRUE | F59: 두카트 | G59: 100001 | H59: 10000 | I59: 두카트 | J59: 100001 | K59: 100000 | L59: #백합 | M59: 23311049 | N59: 1
A60: 47100051 | B60: 성요한 기사단 문장 | C60: Texture_Sail_Crest_51 | D60: Icon_Sail_Crest_51_Sprite | E60: TRUE | F60: 두카트 | G60: 100001 | H60: 10000 | I60: 두카트 | J60: 100001 | K60: 100000 | L60: #성요한 기사단 문장 | M60: 23311050 | N60: 1
A61: 47100052 | B61: 스페이드 | C61: Texture_Sail_Crest_52 | D61: Icon_Sail_Crest_52_Sprite | E61: TRUE | F61: 두카트 | G61: 100001 | H61: 10000 | I61: 두카트 | J61: 100001 | K61: 100000 | L61: #스페이드 | M61: 23311051 | N61: 1
A62: 47100053 | B62: 써클크로스 | C62: Texture_Sail_Crest_53 | D62: Icon_Sail_Crest_53_Sprite | E62: TRUE | F62: 두카트 | G62: 100001 | H62: 10000 | I62: 두카트 | J62: 100001 | K62: 100000 | L62: #써클크로스 | M62: 23311052 | N62: 1
A63: 47100054 | B63: 앵커 | C63: Texture_Sail_Crest_54 | D63: Icon_Sail_Crest_54_Sprite | E63: TRUE | F63: 두카트 | G63: 100001 | H63: 10000 | I63: 두카트 | J63: 100001 | K63: 100000 | L63: #앵커 | M63: 23311053 | N63: 1
A64: 47100055 | B64: 어부 | C64: Texture_Sail_Crest_55 | D64: Icon_Sail_Crest_55_Sprite | E64: TRUE | F64: 두카트 | G64: 100001 | H64: 10000 | I64: 두카트 | J64: 100001 | K64: 100000 | L64: #어부 | M64: 23311054 | N64: 1
A65: 47100056 | B65: 일광 | C65: Texture_Sail_Crest_56 | D65: Icon_Sail_Crest_56_Sprite | E65: TRUE | F65: 두카트 | G65: 100001 | H65: 10000 | I65: 두카트 | J65: 100001 | K65: 100000 | L65: #일광 | M65: 23311055 | N65: 1
A66: 47100057 | B66: 장미 | C66: Texture_Sail_Crest_57 | D66: Icon_Sail_Crest_57_Sprite | E66: TRUE | F66: 두카트 | G66: 100001 | H66: 10000 | I66: 두카트 | J66: 100001 | K66: 100000 | L66: #장미 | M66: 23311056 | N66: 1
A67: 47100058 | B67: 조개 | C67: Texture_Sail_Crest_58 | D67: Icon_Sail_Crest_58_Sprite | E67: TRUE | F67: 두카트 | G67: 100001 | H67: 10000 | I67: 두카트 | J67: 100001 | K67: 100000 | L67: #조개 | M67: 23311057 | N67: 1
A68: 47100059 | B68: 캥거루 | C68: Texture_Sail_Crest_59 | D68: Icon_Sail_Crest_59_Sprite | E68: TRUE | F68: 두카트 | G68: 100001 | H68: 10000 | I68: 두카트 | J68: 100001 | K68: 100000 | L68: #캥거루 | M68: 23311058 | N68: 1
A69: 47100060 | B69: 크로스 | C69: Texture_Sail_Crest_60 | D69: Icon_Sail_Crest_60_Sprite | E69: TRUE | F69: 두카트 | G69: 100001 | H69: 10000 | I69: 두카트 | J69: 100001 | K69: 100000 | L69: #크로스 | M69: 23311059 | N69: 1
... A76: 47100067 | B76: 호박벌 | C76: Texture_Sail_Crest_67 | D76: Icon_Sail_Crest_67_Sprite | E76: TRUE | F76: 두카트 | G76: 100001 | H76: 10000 | I76: 두카트 | J76: 100001 | K76: 100000 | L76: #호박벌 | M76: 23311066 | N76: 1
A77: 47100068 | B77: 기사 문장 | C77: Texture_Sail_Crest_68 | D77: Icon_Sail_Crest_68_Sprite | E77: TRUE | F77: 두카트 | G77: 100001 | H77: 10000 | I77: 아이템 | J77: - | K77: - | L77: #기사 문장 | M77: 23311067 | N77: 1
A78: 47100069 | B78: 네덜란드 문장 | C78: Texture_Sail_Crest_69 | D78: Icon_Sail_Crest_69_Sprite | E78: TRUE | F78: 두카트 | G78: 100001 | H78: 10000 | I78: 블루잼 | J78: 100003 | K78: 1000 | L78: #네덜란드 문장 | M78: 23311068 | N78: 1
A79: 47100070 | B79: 미들튼 가문의 문장 | C79: Texture_Sail_Crest_70 | D79: Icon_Sail_Crest_70_Sprite | E79: TRUE | F79: 두카트 | G79: 100001 | H79: 10000 | I79: 아이템 | J79: - | K79: - | L79: #미들튼 가문의 문장 | M79: 23311069 | N79: 1
A80: 47100071 | B80: 바다 여단 문장 | C80: Texture_Sail_Crest_71 | D80: Icon_Sail_Crest_71_Sprite | E80: TRUE | F80: 두카트 | G80: 100001 | H80: 10000 | I80: 블루잼 | J80: 100003 | K80: 1000 | L80: #바다 여단 문장 | M80: 23311070 | N80: 1
A81: 47100072 | B81: 발바리아 해적 문장 | C81: Texture_Sail_Crest_72 | D81: Icon_Sail_Crest_72_Sprite | E81: TRUE | F81: 두카트 | G81: 100001 | H81: 10000 | I81: 블루잼 | J81: 100003 | K81: 1000 | L81: #발바리아 해적 문장 | M81: 23311071 | N81: 1
A82: 47100073 | B82: 베네치아 문장 | C82: Texture_Sail_Crest_73 | D82: Icon_Sail_Crest_73_Sprite | E82: TRUE | F82: 두카트 | G82: 100001 | H82: 10000 | I82: 블루잼 | J82: 100003 | K82: 1000 | L82: #베네치아 문장 | M82: 23311072 | N82: 1
A83: 47100074 | B83: Viscount of Vernier Crest | C83: Texture_Sail_Crest_74 | D83: Icon_Sail_Crest_74_Sprite | E83: TRUE | F83: 두카트 | G83: 100001 | H83: 10000 | I83: 블루잼 | J83: 100003 | K83: 1000 | L83: #베르니에 자작가 문장 | M83: 23311073 | N83: 1
A84: 47100075 | B84: 살미엔트 길드 문장 | C84: Texture_Sail_Crest_75 | D84: Icon_Sail_Crest_75_Sprite | E84: TRUE | F84: 두카트 | G84: 100001 | H84: 10000 | I84: 블루잼 | J84: 100003 | K84: 1000 | L84: #살미엔트 길드 문장 | M84: 23311074 | N84: 1
A85: 47100076 | B85: 에스파니아 문장 | C85: Texture_Sail_Crest_76 | D85: Icon_Sail_Crest_76_Sprite | E85: TRUE | F85: 두카트 | G85: 100001 | H85: 10000 | I85: 블루잼 | J85: 100003 | K85: 1000 | L85: #에스파니아 문장 | M85: 23311075 | N85: 1
A86: 47100077 | B86: 여인 문장 | C86: Texture_Sail_Crest_77 | D86: Icon_Sail_Crest_77_Sprite | E86: TRUE | F86: 두카트 | G86: 100001 | H86: 10000 | I86: 블루잼 | J86: 100003 | K86: 1000 | L86: #여인 문장 | M86: 23311076 | N86: 1
A87: 47100078 | B87: 오스만 투르크 문장 | C87: Texture_Sail_Crest_78 | D87: Icon_Sail_Crest_78_Sprite | E87: TRUE | F87: 두카트 | G87: 100001 | H87: 10000 | I87: 블루잼 | J87: 100003 | K87: 1000 | L87: #오스만 투르크 문장 | M87: 23311077 | N87: 1
A88: 47100079 | B88: 잉글랜드 문장 | C88: Texture_Sail_Crest_73 | D88: Icon_Sail_Crest_79_Sprite | E88: TRUE | F88: 두카트 | G88: 100001 | H88: 10000 | I88: 블루잼 | J88: 100003 | K88: 1000 | L88: #잉글랜드 문장 | M88: 23311078 | N88: 1
A89: 47100080 | B89: 장식 | C89: Texture_Sail_Crest_80 | D89: Icon_Sail_Crest_80_Sprite | E89: TRUE | F89: 두카트 | G89: 100001 | H89: 10000 | I89: 블루잼 | J89: 100003 | K89: 1000 | L89: #장식 | M89: 23311079 | N89: 1
A90: 47100081 | B90: 탈출 | C90: Texture_Sail_Crest_81 | D90: Icon_Sail_Crest_81_Sprite | E90: TRUE | F90: 두카트 | G90: 100001 | H90: 10000 | I90: 블루잼 | J90: 100003 | K90: 1000 | L90: #탈출 | M90: 23311080 | N90: 1
A91: 47100082 | B91: 포르투갈 문장 | C91: Texture_Sail_Crest_82 | D91: Icon_Sail_Crest_82_Sprite | E91: TRUE | F91: 두카트 | G91: 100001 | H91: 10000 | I91: 블루잼 | J91: 100003 | K91: 1000 | L91: #포르투갈 문장 | M91: 23311081 | N91: 1
A92: 47100083 | B92: 프랑스 문장 | C92: Texture_Sail_Crest_83 | D92: Icon_Sail_Crest_83_Sprite | E92: TRUE | F92: 두카트 | G92: 100001 | H92: 10000 | I92: 블루잼 | J92: 100003 | K92: 1000 | L92: #프랑스 문장 | M92: 23311082 | N92: 1
A93: 47100084 | B93: 흑고래 용병함대 문장 | C93: Texture_Sail_Crest_84 | D93: Icon_Sail_Crest_84_Sprite | E93: TRUE | F93: 두카트 | G93: 100001 | H93: 10000 | I93: 아이템 | J93: - | K93: - | L93: #흑고래 용병함대 문장 | M93: 23311083 | N93: 1
A94: 47100085 | B94: 학문양 | C94: Texture_Sail_Crest_141 | D94: Icon_Sail_Crest_141_Sprite | E94: TRUE | F94: 두카트 | G94: 100001 | H94: 10000 | I94: 블루잼 | J94: 100003 | K94: 1000 | L94: #학문양 | M94: 23311084 | N94: 1
A95: 47100086 | B95: 잉어 | C95: Texture_Sail_Crest_142 | D95: Icon_Sail_Crest_142_Sprite | E95: TRUE | F95: 두카트 | G95: 100001 | H95: 10000 | I95: 블루잼 | J95: 100003 | K95: 1000 | L95: #잉어 | M95: 23311085 | N95: 1
A96: 47100087 | B96: 청용 (좌상단) | C96: Texture_Sail_Crest_143 | D96: Icon_Sail_Crest_143_Sprite | E96: TRUE | F96: 두카트 | G96: 100001 | H96: 10000 | I96: 블루잼 | J96: 100003 | K96: 1000 | L96: #청용 (좌상단) | M96: 23311086 | N96: 1
A97: 47100088 | B97: 현무 (우하단) | C97: Texture_Sail_Crest_144 | D97: Icon_Sail_Crest_144_Sprite | E97: TRUE | F97: 두카트 | G97: 100001 | H97: 10000 | I97: 블루잼 | J97: 100003 | K97: 1000 | L97: #현무 (우하단) | M97: 23311087 | N97: 1
A98: 47100089 | B98: 백호 (우상단) | C98: Texture_Sail_Crest_145 | D98: Icon_Sail_Crest_145_Sprite | E98: TRUE | F98: 두카트 | G98: 100001 | H98: 10000 | I98: 블루잼 | J98: 100003 | K98: 1000 | L98: #백호 (우상단) | M98: 23311088 | N98: 1
A99: 47100090 | B99: 주작 (좌하단) | C99: Texture_Sail_Crest_146 | D99: Icon_Sail_Crest_146_Sprite | E99: TRUE | F99: 두카트 | G99: 100001 | H99: 10000 | I99: 블루잼 | J99: 100003 | K99: 1000 | L99: #주작 (좌하단) | M99: 23311089 | N99: 1
A100: 47100091 | B100: 도깨비 | C100: Texture_Sail_Crest_147 | D100: Icon_Sail_Crest_147_Sprite | E100: TRUE | F100: 두카트 | G100: 100001 | H100: 10000 | I100: 블루잼 | J100: 100003 | K100: 1000 | L100: #도깨비 | M100: 23311090 | N100: 1
A101: 47100092 | B101: 태극 | C101: Texture_Sail_Crest_148 | D101: Icon_Sail_Crest_148_Sprite | E101: TRUE | F101: 두카트 | G101: 100001 | H101: 10000 | I101: 블루잼 | J101: 100003 | K101: 1000 | L101: #태극 | M101: 23311091 | N101: 1
A102: 47100093 | B102: 모란 | C102: Texture_Sail_Crest_149 | D102: Icon_Sail_Crest_149_Sprite | E102: TRUE | F102: 두카트 | G102: 100001 | H102: 10000 | I102: 블루잼 | J102: 100003 | K102: 1000 | L102: #모란 | M102: 23311092 | N102: 1
A103: 47100094 | B103: 벗꽃 | C103: Texture_Sail_Crest_150 | D103: Icon_Sail_Crest_150_Sprite | E103: TRUE | F103: 두카트 | G103: 100001 | H103: 10000 | I103: 블루잼 | J103: 100003 | K103: 1000 | L103: #벗꽃 | M103: 23311093 | N103: 1
A104: 47100095 | B104: 연꽃 | C104: Texture_Sail_Crest_151 | D104: Icon_Sail_Crest_151_Sprite | E104: TRUE | F104: 두카트 | G104: 100001 | H104: 10000 | I104: 블루잼 | J104: 100003 | K104: 1000 | L104: #연꽃 | M104: 23311094 | N104: 1
A105: 47100096 | B105: 국화 | C105: Texture_Sail_Crest_152 | D105: Icon_Sail_Crest_152_Sprite | E105: TRUE | F105: 두카트 | G105: 100001 | H105: 10000 | I105: 블루잼 | J105: 100003 | K105: 1000 | L105: #국화 | M105: 23311095 | N105: 1
... A113: 47100104 | B113: 복숭아 | C113: Texture_Sail_Crest_160 | D113: Icon_Sail_Crest_160_Sprite | E113: TRUE | F113: 두카트 | G113: 100001 | H113: 10000 | I113: 블루잼 | J113: 100003 | K113: 1000 | L113: #복숭아 | M113: 23311103 | N113: 1
O114: 마지막 라인

Sheet SailPattern
A1: id | C1: patternimage | D1: patternUiIcon | E1: isExposure | G1: applypointId | H1: applypointval | J1: unlockpointId | K1: unlockpointval | M1: unlockitemId | N1: unlockitemval | P1: defaultcolorId[0] | R1: defaultcolorId[1] | T1: defaultcolorId[2]
A2: key:47200000~47299999 | C2: string | D2: string | E2: bool | G2: number | H2: number | J2: number | K2: number | M2: number | N2: number | P2: number | R2: number | T2: number
A3: :required | C3: 1 | D3: - | E3: 1 | G3: - | H3: - | J3: - | K3: - | M3: - | N3: - | P3: - | R3: - | T3: -
A4: :min | C4: - | D4: - | E4: - | G4: - | H4: - | J4: - | K4: - | M4: - | N4: - | P4: - | R4: - | T4: -
