Workbook
Name SailCrest: SailCrest!$A$1:$Y$135
Name SailCrest_BCCN: SailCrest_BCCN!$A$1:$Y$135
Name SailPattern: SailPattern!$A$1:$AE$80
Name SailPatternColor: SailPatternColor!$A$1:$X$129
Name ShipAnchorColor: ShipAnchorColor!$A$1:$R$99
Name ShipBodyFirstColor: ShipBodyFirstColor!$A$1:$X$99
Name ShipBodySecondColor: ShipBodySecondColor!$A$1:$X$99
Name ShipBodyShape: ShipBodyShape!$A$1:$AX$382
Name ShipFigureheadColor: ShipFigureheadColor!$A$1:$R$99
Name ShipFxShape: ShipFxShape!$A$1:$W$94
Name ShipPartShape: ShipFxShape!$A$1:$M$94
Name ShipPartShape: ShipPartShape!$A$1:$AA$836
Name ShipRamColor: ShipRamColor!$A$1:$R$99
Name ShipWakeFX: ShipWakeFX!$A$1:$L$24

Sheet ShipBodyShape
A1: id | C1: meshName | E1: meshDensity | F1: buoyancyRadius | G1: buoyancyOffsetZ["sail"] | H1: buoyancyOffsetZ["display"] | I1: parts["0"] | K1: parts["1"] | M1: parts["2"] | O1: parts["3"] | Q1: parts["4"] | S1: parts["5"] | U1: parts["6"] | W1: parts["7"] | Y1: parts["8"] | AA1: parts["9"] | AC1: parts["10"] | AE1: parts["11"] | AG1: parts["12"] | AI1: parts["13"] | AJ1: colorTint | AK1: color1 | AL1: color2 | AM1: materials[0]["index"] | AN1: materials[0]["name"] | AO1: materials[1]["index"] | AP1: materials[1]["name"] | AQ1: materials[2]["index"] | AR1: materials[2]["name"] | AS1: materials[3]["index"] | AT1: materials[3]["name"] | AU1: wakePlayer | AV1: wakeNPC | AW1: wakeCutscene | AX1: overrideMeshScale
A2: key:45000000~45999999 | C2: string | E2: number | F2: number | G2: number | H2: number | I2: number | K2: number | M2: number | O2: number | Q2: number | S2: number | U2: number | W2: number | Y2: number | AA2: number | AC2: number | AE2: number | AG2: number | AI2: number | AJ2: number | AK2: number | AL2: number | AM2: number | AN2: string | AO2: number | AP2: string | AQ2: number | AR2: string | AS2: number | AT2: string | AU2: number | AV2: number | AW2: number | AX2: number
A3: :required | B3: - | C3: 1 | D3: - | E3: - | F3: - | G3: - | H3: - | I3: - | J3: - | K3: - | L3: - | M3: - | N3: - | O3: - | P3: - | Q3: - | R3: - | S3: - | T3: - | U3: - | W3: - | Y3: - | AA3: - | AC3: - | AE3: - | AG3: - | AI3: - | AJ3: - | AK3: - | AL3: - | AM3: - | AN3: - | AO3: - | AP3: - | AQ3: - | AR3: - | AS3: - | AT3: - | AU3: - | AV3: - | AW3: - | AX3: -
A4: :requireedInObject | B4: - | C4: - | D4: - | E4: - | F4: - | G4: - | H4: - | I4: 1 | J4: - | K4: 1 | L4: - | M4: 1 | N4: - | O4: 1 | P4: - | Q4: 1 | R4: - | S4: 1 | T4: - | U4: 1 | W4: 1 | Y4: 1 | AA4: 1 | AC4: 1 | AE4: 1 | AG4: 1 | AI4: 1 | AJ4: - | AK4: - | AL4: - | AM4: 1 | AN4: 1 | AO4: 1 | AP4: 1 | AQ4: 1 | AR4: 1 | AS4: 1 | AT4: 1 | AU4: - | AV4: - | AW4: - | AX4: -
A5: :min | B5: - | C5: - | D5: - | E5: 10 | F5: 10 | G5: - | H5: - | I5: - | J5: - | K5: - | L5: - | M5: - | N5: - | O5: - | P5: - | Q5: - | R5: - | S5: - | T5: - | U5: - | W5: - | Y5: - | AA5: - | AC5: - | AE5: - | AG5: - | AI5: - | AJ5: - | AK5: - | AL5: - | AM5: - | AN5: - | AO5: - | AP5: - | AQ5: - | AR5: - | AS5: - | AT5: - | AU5: - | AV5: - | AW5: - | AX5: -
A6: :max | B6: - | C6: - | D6: - | E6: 1000 | F6: 1000 | G6: - | H6: - | I6: - | J6: - | K6: - | L6: - | M6: - | N6: - | O6: - | P6: - | Q6: - | R6: - | S6: - | T6: - | U6: - | W6: - | Y6: - | AA6: - | AC6: - | AE6: - | AG6: - | AI6: - | AJ6: - | AK6: - | AL6: - | AM6: - | AN6: - | AO6: - | AP6: - | AQ6: - | AR6: - | AS6: - | AT6: - | AU6: - | AV6: - | AW6: - | AX6: -
A7: :enum | B7: - | C7: - | D7: - | E7: - | F7: - | G7: - | H7: - | I7: - | J7: - | K7: - | L7: - | M7: - | N7: - | O7: - | P7: - | Q7: - | R7: - | S7: - | T7: - | U7: - | W7: - | Y7: - | AA7: - | AC7: - | AE7: - | AG7: - | AI7: - | AJ7: - | AK7: - | AL7: - | AM7: - | AN7: - | AO7: - | AP7: - | AQ7: - | AR7: - | AS7: - | AT7: - | AU7: - | AV7: - | AW7: - | AX7: -
A8: :links | B8: - | C8: - | D8: - | E8: - | F8: - | G8: - | H8: - | I8: "ShipPartShape" | J8: - | K8: "ShipPartShape" | L8: - | M8: "ShipPartShape" | N8: - | O8: "ShipPartShape" | P8: - | Q8: "ShipPartShape" | R8: - | S8: "ShipPartShape" | T8: - | U8: "ShipPartShape" | W8: "ShipPartShape" | Y8: "ShipPartShape" | AA8: "ShipPartShape" | AC8: "ShipPartShape" | AE8: "ShipPartShape" | AG8: "ShipPartShape" | AI8: "ShipPartShape" | AJ8: - | AK8: - | AL8: - | AM8: - | AN8: - | AO8: - | AP8: - | AQ8: - | AR8: - | AS8: - | AT8: - | AU8: "ShipWakeFX" | AV8: "ShipWakeFX" | AW8: "ShipWakeFX" | AX8: -
A9: :asset | B9: - | C9: 1 | D9: - | E9: - | F9: - | G9: - | H9: - | I9: - | J9: - | K9: - | L9: - | M9: - | N9: - | O9: - | P9: - | Q9: - | R9: - | S9: - | T9: - | U9: - | W9: - | Y9: - | AA9: - | AC9: - | AE9: - | AG9: - | AI9: - | AJ9: - | AK9: - | AL9: - | AM9: - | AN9: 1 | AO9: - | AP9: 1 | AQ9: - | AR9: 1 | AS9: - | AT9: 1 | AU9: - | AV9: - | AW9: - | AX9: -
A10: 45000000 | B10: 중 캐러벨 | C10: SK_Ship_Caravel_Body | D10: 캐러벨흰색돛 | E10: 700 | F10: 100 | G10: 10 | H10: -40 | I10: =IFERROR(INDEX(ShipPartShape!$A:$A,MATCH(D10,ShipPartShape!$B:$B,0)),"-") -> 46000001 | J10: 램프_기본 | K10: =IFERROR(INDEX(ShipPartShape!$A:$A,MATCH(J10,ShipPartShape!$B:$B,0)),"-") -> 46700001 | L10: 대포_기본 | M10: =IFERROR(INDEX(ShipPartShape!$A:$A,MATCH(L10,ShipPartShape!$B:$B,0)),"-") -> 46300001 | O10: =IFERROR(INDEX(ShipPartShape!$A:$A,MATCH(N10,ShipPartShape!$B:$B,0)),"-") -> - | Q10: =IFERROR(INDEX(ShipPartShape!$A:$A,MATCH(P10,ShipPartShape!$B:$B,0)),"-") -> - | S10: =IFERROR(INDEX(ShipPartShape!$A:$A,MATCH(R10,ShipPartShape!$B:$B,0)),"-") -> - | T10: 선박외형장식_C | U10: =IFERROR(INDEX(ShipPartShape!$A:$A,MATCH(T10,ShipPartShape!$B:$B,0)),"-") -> 46600003 | V10: 선박외형장식_D | W10: =IFERROR(INDEX(ShipPartShape!$A:$A,MATCH(V10,ShipPartShape!$B:$B,0)),"-") -> 46600004 | X10: 선박외형장식_E | Y10: =IFERROR(INDEX(ShipPartShape!$A:$A,MATCH(X10,ShipPartShape!$B:$B,0)),"-") -> 46600005 | Z10: 선박외형장식_G | AA10: =IFERROR(INDEX(ShipPartShape!$A:$A,MATCH(Z10,ShipPartShape!$B:$B,0)),"-") -> 46600007 | AC10: =IFERROR(INDEX(ShipPartShape!$A:$A,MATCH(AB10,ShipPartShape!$B:$B,0)),"-") -> - | AE10: =IFERROR(INDEX(ShipPartShape!$A:$A,MATCH(AD10,ShipPartShape!$B:$B,0)),"-") -> - | AG10: =IFERROR(INDEX(ShipPartShape!$A:$A,MATCH(AF10,ShipPartShape!$B:$B,0)),"-") -> - | AI10: =IFERROR(INDEX(ShipPartShape!$A:$A,MATCH(AH10,ShipPartShape!$B:$B,0)),"-") -> - | AJ10: - | AK10: - | AL10: - | AM10: - | AN10: - | AO10: - | AP10: - | AQ10: - | AR10: - | AS10: - | AT10: - | AU10: 47600016 | AV10: - | AW10: - | AX10: -
A11: =A10+1 -> 45000001 | B11: 중 캐러벨_적선 | C11: SK_Ship_Caravel_Body | D11: 캐러벨적색돛 | E11: 700 | F11: 100 | G11: - | H11: - | I11: =IFERROR(INDEX(ShipPartShape!$A:$A,MATCH(D11,ShipPartShape!$B:$B,0)),"-") -> 46000002 | J11: 대포_기본 | K11: =IFERROR(INDEX(ShipPartShape!$A:$A,MATCH(J11,ShipPartShape!$B:$B,0)),"-") -> 46300001 | L11: 램프_기본 | M11: =IFERROR(INDEX(ShipPartShape!$A:$A,MATCH(L11,ShipPartShape!$B:$B,0)),"-") -> 46700001 | O11: =IFERROR(INDEX(ShipPartShape!$A:$A,MATCH(N11,ShipPartShape!$B:$B,0)),"-") -> - | Q11: =IFERROR(INDEX(ShipPartShape!$A:$A,MATCH(P11,ShipPartShape!$B:$B,0)),"-") -> - | S11: =IFERROR(INDEX(ShipPartShape!$A:$A,MATCH(R11,ShipPartShape!$B:$B,0)),"-") -> - | U11: =IFERROR(INDEX(ShipPartShape!$A:$A,MATCH(T11,ShipPartShape!$B:$B,0)),"-") -> - | W11: =IFERROR(INDEX(ShipPartShape!$A:$A,MATCH(V11,ShipPartShape!$B:$B,0)),"-") -> - | Y11: =IFERROR(INDEX(ShipPartShape!$A:$A,MATCH(X11,ShipPartShape!$B:$B,0)),"-") -> - | AA11: =IFERROR(INDEX(ShipPartShape!$A:$A,MATCH(Z11,ShipPartShape!$B:$B,0)),"-") -> - | AC11: =IFERROR(INDEX(ShipPartShape!$A:$A,MATCH(AB11,ShipPartShape!$B:$B,0)),"-") -> - | AE11: =IFERROR(INDEX(ShipPartShape!$A:$A,MATCH(AD11,ShipPartShape!$B:$B,0)),"-") -> - | AG11: =IFERROR(INDEX(ShipPartShape!$A:$A,MATCH(AF11,ShipPartShape!$B:$B,0)),"-") -> - | AI11: =IFERROR(INDEX(ShipPartShape!$A:$A,MATCH(AH11,ShipPartShape!$B:$B,0)),"-") -> - | AJ11: - | AK11: - | AL11: - | AM11: - | AN11: - | AO11: - | AP11: - | AQ11: - | AR11: - | AS11: - | AT11: - | AU11: 47600016 | AV11: - | AW11: - | AX11: -
A12: =A11+1 -> 45000002 | B12: 중 캐러벨_유령선 | C12: SK_Ship_Caravel_Body | D12: 캐러벨유령선돛 | E12: 700 | F12: 100 | G12: - | H12: - | I12: =IFERROR(INDEX(ShipPartShape!$A:$A,MATCH(D12,ShipPartShape!$B:$B,0)),"-") -> 46000003 | J12: 독수리상 | K12: =IFERROR(INDEX(ShipPartShape!$A:$A,MATCH(J12,ShipPartShape!$B:$B,0)),"-") -> 46100002 | L12: 충각_기본 | M12: =IFERROR(INDEX(ShipPartShape!$A:$A,MATCH(L12,ShipPartShape!$B:$B,0)),"-") -> 46200001 | N12: 대포_기본 | O12: =IFERROR(INDEX(ShipPartShape!$A:$A,MATCH(N12,ShipPartShape!$B:$B,0)),"-") -> 46300001 | Q12: =IFERROR(INDEX(ShipPartShape!$A:$A,MATCH(P12,ShipPartShape!$B:$B,0)),"-") -> - | S12: =IFERROR(INDEX(ShipPartShape!$A:$A,MATCH(R12,ShipPartShape!$B:$B,0)),"-") -> - | U12: =IFERROR(INDEX(ShipPartShape!$A:$A,MATCH(T12,ShipPartShape!$B:$B,0)),"-") -> - | W12: =IFERROR(INDEX(ShipPartShape!$A:$A,MATCH(V12,ShipPartShape!$B:$B,0)),"-") -> - | Y12: =IFERROR(INDEX(ShipPartShape!$A:$A,MATCH(X12,ShipPartShape!$B:$B,0)),"-") -> - | AA12: =IFERROR(INDEX(ShipPartShape!$A:$A,MATCH(Z12,ShipPartShape!$B:$B,0)),"-") -> - | AC12: =IFERROR(INDEX(ShipPartShape!$A:$A,MATCH(AB12,ShipPartShape!$B:$B,0)),"-") -> - | AE12: =IFERROR(INDEX(ShipPartShape!$A:$A,MATCH(AD12,ShipPartShape!$B:$B,0)),"-") -> - | AG12: =IFERROR(INDEX(ShipPartShape!$A:$A,MATCH(AF12,ShipPartShape!$B:$B,0)),"-") -> - | AI12: =IFERROR(INDEX(ShipPartShape!$A:$A,MATCH(AH12,ShipPartShape!$B:$B,0)),"-") -> - | AJ12: - | AK12: - | AL12: - | AM12: - | AN12: - | AO12: - | AP12: - | AQ12: - | AR12: - | AS12: - | AT12: - | AU12: 47600016 | AV12: - | AW12: - | AX12: -
A13: =A12+1 -> 45000003 | B13: 중 캐러벨2 | C13: SK_Ship_Caravel_Body | D13: 캐러벨적백돛 | E13: 700 | F13: 100 | G13: - | H13: - | I13: =IFERROR(INDEX(ShipPartShape!$A:$A,MATCH(D13,ShipPartShape!$B:$B,0)),"-") -> 46000004 | J13: 충각_기본 | K13: =IFERROR(INDEX(ShipPartShape!$A:$A,MATCH(J13,ShipPartShape!$B:$B,0)),"-") -> 46200001 | L13: 대포_기본 | M13: =IFERROR(INDEX(ShipPartShape!$A:$A,MATCH(L13,ShipPartShape!$B:$B,0)),"-") -> 46300001 | N13: 램프_기본 | O13: =IFERROR(INDEX(ShipPartShape!$A:$A,MATCH(N13,ShipPartShape!$B:$B,0)),"-") -> 46700001 | Q13: =IFERROR(INDEX(ShipPartShape!$A:$A,MATCH(P13,ShipPartShape!$B:$B,0)),"-") -> - | S13: =IFERROR(INDEX(ShipPartShape!$A:$A,MATCH(R13,ShipPartShape!$B:$B,0)),"-") -> - | U13: =IFERROR(INDEX(ShipPartShape!$A:$A,MATCH(T13,ShipPartShape!$B:$B,0)),"-") -> - | W13: =IFERROR(INDEX(ShipPartShape!$A:$A,MATCH(V13,ShipPartShape!$B:$B,0)),"-") -> - | Y13: =IFERROR(INDEX(ShipPartShape!$A:$A,MATCH(X13,ShipPartShape!$B:$B,0)),"-") -> - | AA13: =IFERROR(INDEX(ShipPartShape!$A:$A,MATCH(Z13,ShipPartShape!$B:$B,0)),"-") -> - | AC13: =IFERROR(INDEX(ShipPartShape!$A:$A,MATCH(AB13,ShipPartShape!$B:$B,0)),"-") -> - | AE13: =IFERROR(INDEX(ShipPartShape!$A:$A,MATCH(AD13,ShipPartShape!$B:$B,0)),"-") -> - | AG13: =IFERROR(INDEX(ShipPartShape!$A:$A,MATCH(AF13,ShipPartShape!$B:$B,0)),"-") -> - | AI13: =IFERROR(INDEX(ShipPartShape!$A:$A,MATCH(AH13,ShipPartShape!$B:$B,0)),"-") -> - | AJ13: - | AK13: - | AL13: - | AM13: - | AN13: - | AO13: - | AP13: - | AQ13: - | AR13: - | AS13: - | AT13: - | AU13: 47600016 | AV13: - | AW13: - | AX13: -
A14: =A13+1 -> 45000004 | B14: 중 캐러벨3 | C14: SK_Ship_Caravel_Body | D14: 캐러벨적흑돛 | E14: 700 | F14: 100 | G14: - | H14: - | I14: =IFERROR(INDEX(ShipPartShape!$A:$A,MATCH(D14,ShipPartShape!$B:$B,0)),"-") -> 46000005 | J14: 충각_기본 | K14: =IFERROR(INDEX(ShipPartShape!$A:$A,MATCH(J14,ShipPartShape!$B:$B,0)),"-") -> 46200001 | L14: 대포_기본 | M14: =IFERROR(INDEX(ShipPartShape!$A:$A,MATCH(L14,ShipPartShape!$B:$B,0)),"-") -> 46300001 | N14: 램프_기본 | O14: =IFERROR(INDEX(ShipPartShape!$A:$A,MATCH(N14,ShipPartShape!$B:$B,0)),"-") -> 46700001 | Q14: =IFERROR(INDEX(ShipPartShape!$A:$A,MATCH(P14,ShipPartShape!$B:$B,0)),"-") -> - | S14: =IFERROR(INDEX(ShipPartShape!$A:$A,MATCH(R14,ShipPartShape!$B:$B,0)),"-") -> - | U14: =IFERROR(INDEX(ShipPartShape!$A:$A,MATCH(T14,ShipPartShape!$B:$B,0)),"-") -> - | W14: =IFERROR(INDEX(ShipPartShape!$A:$A,MATCH(V14,ShipPartShape!$B:$B,0)),"-") -> - | Y14: =IFERROR(INDEX(ShipPartShape!$A:$A,MATCH(X14,ShipPartShape!$B:$B,0)),"-") -> - | AA14: =IFERROR(INDEX(ShipPartShape!$A:$A,MATCH(Z14,ShipPartShape!$B:$B,0)),"-") -> - | AC14: =IFERROR(INDEX(ShipPartShape!$A:$A,MATCH(AB14,ShipPartShape!$B:$B,0)),"-") -> - | AE14: =IFERROR(INDEX(ShipPartShape!$A:$A,MATCH(AD14,ShipPartShape!$B:$B,0)),"-") -> - | AG14: =IFERROR(INDEX(ShipPartShape!$A:$A,MATCH(AF14,ShipPartShape!$B:$B,0)),"-") -> - | AI14: =IFERROR(INDEX(ShipPartShape!$A:$A,MATCH(AH14,ShipPartShape!$B:$B,0)),"-") -> - | AJ14: - | AK14: - | AL14: - | AM14: - | AN14: - | AO14: - | AP14: - | AQ14: - | AR14: - | AS14: - | AT14: - | AU14: 47600016 | AV14: - | AW14: - | AX14: -
A15: =A14+1 -> 45000005 | B15: 중 캐러벨_해적1 | C15: SK_Ship_Caravel_Body | D15: 캐러벨적흑돛_해골 | E15: 700 | F15: 100 | G15: - | H15: - | I15: =IFERROR(INDEX(ShipPartShape!$A:$A,MATCH(D15,ShipPartShape!$B:$B,0)),"-") -> 46000006 | J15: 충각_기본 | K15: =IFERROR(INDEX(ShipPartShape!$A:$A,MATCH(J15,ShipPartShape!$B:$B,0)),"-") -> 46200001 | L15: 대포_기본 | M15: =IFERROR(INDEX(ShipPartShape!$A:$A,MATCH(L15,ShipPartShape!$B:$B,0)),"-") -> 46300001 | N15: 램프_기본 | O15: =IFERROR(INDEX(ShipPartShape!$A:$A,MATCH(N15,ShipPartShape!$B:$B,0)),"-") -> 46700001 | Q15: =IFERROR(INDEX(ShipPartShape!$A:$A,MATCH(P15,ShipPartShape!$B:$B,0)),"-") -> - | S15: =IFERROR(INDEX(ShipPartShape!$A:$A,MATCH(R15,ShipPartShape!$B:$B,0)),"-") -> - | U15: =IFERROR(INDEX(ShipPartShape!$A:$A,MATCH(T15,ShipPartShape!$B:$B,0)),"-") -> - | W15: =IFERROR(INDEX(ShipPartShape!$A:$A,MATCH(V15,ShipPartShape!$B:$B,0)),"-") -> - | Y15: =IFERROR(INDEX(ShipPartShape!$A:$A,MATCH(X15,ShipPartShape!$B:$B,0)),"-") -> - | AA15: =IFERROR(INDEX(ShipPartShape!$A:$A,MATCH(Z15,ShipPartShape!$B:$B,0)),"-") -> - | AC15: =IFERROR(INDEX(ShipPartShape!$A:$A,MATCH(AB15,ShipPartShape!$B:$B,0)),"-") -> - | AE15: =IFERROR(INDEX(ShipPartShape!$A:$A,MATCH(AD15,ShipPartShape!$B:$B,0)),"-") -> - | AG15: =IFERROR(INDEX(ShipPartShape!$A:$A,MATCH(AF15,ShipPartShape!$B:$B,0)),"-") -> - | AI15: =IFERROR(INDEX(ShipPartShape!$A:$A,MATCH(AH15,ShipPartShape!$B:$B,0)),"-") -> - | AJ15: - | AK15: - | AL15: - | AM15: - | AN15: - | AO15: - | AP15: - | AQ15: - | AR15: - | AS15: - | AT15: - | AU15: 47600016 | AV15: - | AW15: - | AX15: -
A16: =A15+1 -> 45000006 | B16: 중 캐러벨_스페인 | C16: SK_Ship_Caravel_Body | D16: 캐러벨무적함대돛 | E16: 700 | F16: 100 | G16: - | H16: - | I16: =IFERROR(INDEX(ShipPartShape!$A:$A,MATCH(D16,ShipPartShape!$B:$B,0)),"-") -> 46000007 | J16: 독수리상 | K16: =IFERROR(INDEX(ShipPartShape!$A:$A,MATCH(J16,ShipPartShape!$B:$B,0)),"-") -> 46100002 | L16: 충각_기본 | M16: =IFERROR(INDEX(ShipPartShape!$A:$A,MATCH(L16,ShipPartShape!$B:$B,0)),"-") -> 46200001 | N16: 대포_기본 | O16: =IFERROR(INDEX(ShipPartShape!$A:$A,MATCH(N16,ShipPartShape!$B:$B,0)),"-") -> 46300001 | P16: 램프_기본 | Q16: =IFERROR(INDEX(ShipPartShape!$A:$A,MATCH(P16,ShipPartShape!$B:$B,0)),"-") -> 46700001 | S16: =IFERROR(INDEX(ShipPartShape!$A:$A,MATCH(R16,ShipPartShape!$B:$B,0)),"-") -> - | U16: =IFERROR(INDEX(ShipPartShape!$A:$A,MATCH(T16,ShipPartShape!$B:$B,0)),"-") -> - | W16: =IFERROR(INDEX(ShipPartShape!$A:$A,MATCH(V16,ShipPartShape!$B:$B,0)),"-") -> - | Y16: =IFERROR(INDEX(ShipPartShape!$A:$A,MATCH(X16,ShipPartShape!$B:$B,0)),"-") -> - | AA16: =IFERROR(INDEX(ShipPartShape!$A:$A,MATCH(Z16,ShipPartShape!$B:$B,0)),"-") -> - | AC16: =IFERROR(INDEX(ShipPartShape!$A:$A,MATCH(AB16,ShipPartShape!$B:$B,0)),"-") -> - | AE16: =IFERROR(INDEX(ShipPartShape!$A:$A,MATCH(AD16,ShipPartShape!$B:$B,0)),"-") -> - | AG16: =IFERROR(INDEX(ShipPartShape!$A:$A,MATCH(AF16,ShipPartShape!$B:$B,0)),"-") -> - | AI16: =IFERROR(INDEX(ShipPartShape!$A:$A,MATCH(AH16,ShipPartShape!$B:$B,0)),"-") -> - | AJ16: - | AK16: - | AL16: - | AM16: - | AN16: - | AO16: - | AP16: - | AQ16: - | AR16: - | AS16: - | AT16: - | AU16: 47600016 | AV16: - | AW16: - | AX16: -
A17: =A16+1 -> 45000007 | B17: 바르카 | C17: SK_Ship_Barca_Body | D17: 바르카3흰색돛 | E17: 600 | F17: 100 | G17: 10 | H17: -10 | I17: =IFERROR(INDEX(ShipPartShape!$A:$A,MATCH(D17,ShipPartShape!$B:$B,0)),"-") -> 46000008 | J17: 램프_기본 | K17: =IFERROR(INDEX(ShipPartShape!$A:$A,MATCH(J17,ShipPartShape!$B:$B,0)),"-") -> 46700001 | L17: 대포_기본 | M17: =IFERROR(INDEX(ShipPartShape!$A:$A,MATCH(L17,ShipPartShape!$B:$B,0)),"-") -> 46300001 | O17: =IFERROR(INDEX(ShipPartShape!$A:$A,MATCH(N17,ShipPartShape!$B:$B,0)),"-") -> - | Q17: =IFERROR(INDEX(ShipPartShape!$A:$A,MATCH(P17,ShipPartShape!$B:$B,0)),"-") -> - | S17: =IFERROR(INDEX(ShipPartShape!$A:$A,MATCH(R17,ShipPartShape!$B:$B,0)),"-") -> - | T17: 선박외형장식_A | U17: =IFERROR(INDEX(ShipPartShape!$A:$A,MATCH(T17,ShipPartShape!$B:$B,0)),"-") -> 46600001 | V17: 선박외형장식_B | W17: =IFERROR(INDEX(ShipPartShape!$A:$A,MATCH(V17,ShipPartShape!$B:$B,0)),"-") -> 46600002 | X17: 선박외형장식_G | Y17: =IFERROR(INDEX(ShipPartShape!$A:$A,MATCH(X17,ShipPartShape!$B:$B,0)),"-") -> 46600007 | Z17: 선박외형장식_E | AA17: =IFERROR(INDEX(ShipPartShape!$A:$A,MATCH(Z17,ShipPartShape!$B:$B,0)),"-") -> 46600005 | AC17: =IFERROR(INDEX(ShipPartShape!$A:$A,MATCH(AB17,ShipPartShape!$B:$B,0)),"-") -> - | AE17: =IFERROR(INDEX(ShipPartShape!$A:$A,MATCH(AD17,ShipPartShape!$B:$B,0)),"-") -> - | AG17: =IFERROR(INDEX(ShipPartShape!$A:$A,MATCH(AF17,ShipPartShape!$B:$B,0)),"-") -> - | AI17: =IFERROR(INDEX(ShipPartShape!$A:$A,MATCH(AH17,ShipPartShape!$B:$B,0)),"-") -> - | AJ17: - | AK17: - | AL17: - | AM17: - | AN17: - | AO17: - | AP17: - | AQ17: - | AR17: - | AS17: - | AT17: - | AU17: 47600014 | AV17: - | AW17: - | AX17: -
A18: =A17+1 -> 45000008 | B18: 적선바르카_삼각 | C18: SK_Ship_Barca_Body | D18: 바르카3적색돛 | E18: 600 | F18: 100 | G18: - | H18: - | I18: =IFERROR(INDEX(ShipPartShape!$A:$A,MATCH(D18,ShipPartShape!$B:$B,0)),"-") -> 46000009 | J18: 대포_기본 | K18: =IFERROR(INDEX(ShipPartShape!$A:$A,MATCH(J18,ShipPartShape!$B:$B,0)),"-") -> 46300001 | L18: 램프_기본 | M18: =IFERROR(INDEX(ShipPartShape!$A:$A,MATCH(L18,ShipPartShape!$B:$B,0)),"-") -> 46700001 | O18: =IFERROR(INDEX(ShipPartShape!$A:$A,MATCH(N18,ShipPartShape!$B:$B,0)),"-") -> - | Q18: =IFERROR(INDEX(ShipPartShape!$A:$A,MATCH(P18,ShipPartShape!$B:$B,0)),"-") -> - | S18: =IFERROR(INDEX(ShipPartShape!$A:$A,MATCH(R18,ShipPartShape!$B:$B,0)),"-") -> - | U18: =IFERROR(INDEX(ShipPartShape!$A:$A,MATCH(T18,ShipPartShape!$B:$B,0)),"-") -> - | W18: =IFERROR(INDEX(ShipPartShape!$A:$A,MATCH(V18,ShipPartShape!$B:$B,0)),"-") -> - | Y18: =IFERROR(INDEX(ShipPartShape!$A:$A,MATCH(X18,ShipPartShape!$B:$B,0)),"-") -> - | AA18: =IFERROR(INDEX(ShipPartShape!$A:$A,MATCH(Z18,ShipPartShape!$B:$B,0)),"-") -> - | AC18: =IFERROR(INDEX(ShipPartShape!$A:$A,MATCH(AB18,ShipPartShape!$B:$B,0)),"-") -> - | AE18: =IFERROR(INDEX(ShipPartShape!$A:$A,MATCH(AD18,ShipPartShape!$B:$B,0)),"-") -> - | AG18: =IFERROR(INDEX(ShipPartShape!$A:$A,MATCH(AF18,ShipPartShape!$B:$B,0)),"-") -> - | AI18: =IFERROR(INDEX(ShipPartShape!$A:$A,MATCH(AH18,ShipPartShape!$B:$B,0)),"-") -> - | AJ18: - | AK18: - | AL18: - | AM18: - | AN18: - | AO18: - | AP18: - | AQ18: - | AR18: - | AS18: - | AT18: - | AU18: 47600014 | AV18: - | AW18: - | AX18: -
A19: =A18+1 -> 45000009 | B19: 유령선바르카_삼각 | C19: SK_Ship_Barca_Body | D19: 바르카3유령선돛 | E19: 600 | F19: 100 | G19: - | H19: - | I19: =IFERROR(INDEX(ShipPartShape!$A:$A,MATCH(D19,ShipPartShape!$B:$B,0)),"-") -> 46000010 | J19: 독수리상 | K19: =IFERROR(INDEX(ShipPartShape!$A:$A,MATCH(J19,ShipPartShape!$B:$B,0)),"-") -> 46100002 | L19: 충각_기본 | M19: =IFERROR(INDEX(ShipPartShape!$A:$A,MATCH(L19,ShipPartShape!$B:$B,0)),"-") -> 46200001 | N19: 대포_기본 | O19: =IFERROR(INDEX(ShipPartShape!$A:$A,MATCH(N19,ShipPartShape!$B:$B,0)),"-") -> 46300001 | Q19: =IFERROR(INDEX(ShipPartShape!$A:$A,MATCH(P19,ShipPartShape!$B:$B,0)),"-") -> - | S19: =IFERROR(INDEX(ShipPartShape!$A:$A,MATCH(R19,ShipPartShape!$B:$B,0)),"-") -> - | U19: =IFERROR(INDEX(ShipPartShape!$A:$A,MATCH(T19,ShipPartShape!$B:$B,0)),"-") -> - | W19: =IFERROR(INDEX(ShipPartShape!$A:$A,MATCH(V19,ShipPartShape!$B:$B,0)),"-") -> - | Y19: =IFERROR(INDEX(ShipPartShape!$A:$A,MATCH(X19,ShipPartShape!$B:$B,0)),"-") -> - | AA19: =IFERROR(INDEX(ShipPartShape!$A:$A,MATCH(Z19,ShipPartShape!$B:$B,0)),"-") -> - | AC19: =IFERROR(INDEX(ShipPartShape!$A:$A,MATCH(AB19,ShipPartShape!$B:$B,0)),"-") -> - | AE19: =IFERROR(INDEX(ShipPartShape!$A:$A,MATCH(AD19,ShipPartShape!$B:$B,0)),"-") -> - | AG19: =IFERROR(INDEX(ShipPartShape!$A:$A,MATCH(AF19,ShipPartShape!$B:$B,0)),"-") -> - | AI19: =IFERROR(INDEX(ShipPartShape!$A:$A,MATCH(AH19,ShipPartShape!$B:$B,0)),"-") -> - | AJ19: - | AK19: - | AL19: - | AM19: - | AN19: - | AO19: - | AP19: - | AQ19: - | AR19: - | AS19: - | AT19: - | AU19: 47600014 | AV19: - | AW19: - | AX19: -
A20: =A19+1 -> 45000010 | B20: 바르카2_삼각 | C20: SK_Ship_Barca_Body | D20: 바르카3적백돛 | E20: 600 | F20: 100 | G20: - | H20: - | I20: =IFERROR(INDEX(ShipPartShape!$A:$A,MATCH(D20,ShipPartShape!$B:$B,0)),"-") -> 46000011 | J20: 충각_기본 | K20: =IFERROR(INDEX(ShipPartShape!$A:$A,MATCH(J20,ShipPartShape!$B:$B,0)),"-") -> 46200001 | L20: 대포_기본 | M20: =IFERROR(INDEX(ShipPartShape!$A:$A,MATCH(L20,ShipPartShape!$B:$B,0)),"-") -> 46300001 | N20: 램프_기본 | O20: =IFERROR(INDEX(ShipPartShape!$A:$A,MATCH(N20,ShipPartShape!$B:$B,0)),"-") -> 46700001 | P20: 닻 | Q20: =IFERROR(INDEX(ShipPartShape!$A:$A,MATCH(P20,ShipPartShape!$B:$B,0)),"-") -> 46400001 | S20: =IFERROR(INDEX(ShipPartShape!$A:$A,MATCH(R20,ShipPartShape!$B:$B,0)),"-") -> - | U20: =IFERROR(INDEX(ShipPartShape!$A:$A,MATCH(T20,ShipPartShape!$B:$B,0)),"-") -> - | W20: =IFERROR(INDEX(ShipPartShape!$A:$A,MATCH(V20,ShipPartShape!$B:$B,0)),"-") -> - | Y20: =IFERROR(INDEX(ShipPartShape!$A:$A,MATCH(X20,ShipPartShape!$B:$B,0)),"-") -> - | AA20: =IFERROR(INDEX(ShipPartShape!$A:$A,MATCH(Z20,ShipPartShape!$B:$B,0)),"-") -> - | AC20: =IFERROR(INDEX(ShipPartShape!$A:$A,MATCH(AB20,ShipPartShape!$B:$B,0)),"-") -> - | AE20: =IFERROR(INDEX(ShipPartShape!$A:$A,MATCH(AD20,ShipPartShape!$B:$B,0)),"-") -> - | AG20: =IFERROR(INDEX(ShipPartShape!$A:$A,MATCH(AF20,ShipPartShape!$B:$B,0)),"-") -> - | AI20: =IFERROR(INDEX(ShipPartShape!$A:$A,MATCH(AH20,ShipPartShape!$B:$B,0)),"-") -> - | AJ20: - | AK20: - | AL20: - | AM20: - | AN20: - | AO20: - | AP20: - | AQ20: - | AR20: - | AS20: - | AT20: - | AU20: 47600014 | AV20: - | AW20: - | AX20: -
A21: =A20+1 -> 45000011 | B21: 바르카3_삼각 | C21: SK_Ship_Barca_Body | D21: 바르카3적흑돛 | E21: 600 | F21: 100 | G21: - | H21: - | I21: =IFERROR(INDEX(ShipPartShape!$A:$A,MATCH(D21,ShipPartShape!$B:$B,0)),"-") -> 46000012 | J21: 충각_기본 | K21: =IFERROR(INDEX(ShipPartShape!$A:$A,MATCH(J21,ShipPartShape!$B:$B,0)),"-") -> 46200001 | L21: 대포_기본 | M21: =IFERROR(INDEX(ShipPartShape!$A:$A,MATCH(L21,ShipPartShape!$B:$B,0)),"-") -> 46300001 | N21: 램프_기본 | O21: =IFERROR(INDEX(ShipPartShape!$A:$A,MATCH(N21,ShipPartShape!$B:$B,0)),"-") -> 46700001 | Q21: =IFERROR(INDEX(ShipPartShape!$A:$A,MATCH(P21,ShipPartShape!$B:$B,0)),"-") -> - | S21: =IFERROR(INDEX(ShipPartShape!$A:$A,MATCH(R21,ShipPartShape!$B:$B,0)),"-") -> - | U21: =IFERROR(INDEX(ShipPartShape!$A:$A,MATCH(T21,ShipPartShape!$B:$B,0)),"-") -> - | W21: =IFERROR(INDEX(ShipPartShape!$A:$A,MATCH(V21,ShipPartShape!$B:$B,0)),"-") -> - | Y21: =IFERROR(INDEX(ShipPartShape!$A:$A,MATCH(X21,ShipPartShape!$B:$B,0)),"-") -> - | AA21: =IFERROR(INDEX(ShipPartShape!$A:$A,MATCH(Z21,ShipPartShape!$B:$B,0)),"-") -> - | AC21: =IFERROR(INDEX(ShipPartShape!$A:$A,MATCH(AB21,ShipPartShape!$B:$B,0)),"-") -> - | AE21: =IFERROR(INDEX(ShipPartShape!$A:$A,MATCH(AD21,ShipPartShape!$B:$B,0)),"-") -> - | AG21: =IFERROR(INDEX(ShipPartShape!$A:$A,MATCH(AF21,ShipPartShape!$B:$B,0)),"-") -> - | AI21: =IFERROR(INDEX(ShipPartShape!$A:$A,MATCH(AH21,ShipPartShape!$B:$B,0)),"-") -> - | AJ21: - | AK21: - | AL21: - | AM21: - | AN21: - | AO21: - | AP21: - | AQ21: - | AR21: - | AS21: - | AT21: - | AU21: 47600014 | AV21: - | AW21: - | AX21: -
A22: =A21+1 -> 45000012 | B22: 바르카_해적1_삼각 | C22: SK_Ship_Barca_Body | D22: 바르카3적흑돛_해골 | E22: 600 | F22: 100 | G22: - | H22: - | I22: =IFERROR(INDEX(ShipPartShape!$A:$A,MATCH(D22,ShipPartShape!$B:$B,0)),"-") -> 46000013 | J22: 충각_기본 | K22: =IFERROR(INDEX(ShipPartShape!$A:$A,MATCH(J22,ShipPartShape!$B:$B,0)),"-") -> 46200001 | L22: 대포_기본 | M22: =IFERROR(INDEX(ShipPartShape!$A:$A,MATCH(L22,ShipPartShape!$B:$B,0)),"-") -> 46300001 | N22: 램프_기본 | O22: =IFERROR(INDEX(ShipPartShape!$A:$A,MATCH(N22,ShipPartShape!$B:$B,0)),"-") -> 46700001 | Q22: =IFERROR(INDEX(ShipPartShape!$A:$A,MATCH(P22,ShipPartShape!$B:$B,0)),"-") -> - | S22: =IFERROR(INDEX(ShipPartShape!$A:$A,MATCH(R22,ShipPartShape!$B:$B,0)),"-") -> - | U22: =IFERROR(INDEX(ShipPartShape!$A:$A,MATCH(T22,ShipPartShape!$B:$B,0)),"-") -> - | W22: =IFERROR(INDEX(ShipPartShape!$A:$A,MATCH(V22,ShipPartShape!$B:$B,0)),"-") -> - | Y22: =IFERROR(INDEX(ShipPartShape!$A:$A,MATCH(X22,ShipPartShape!$B:$B,0)),"-") -> - | AA22: =IFERROR(INDEX(ShipPartShape!$A:$A,MATCH(Z22,ShipPartShape!$B:$B,0)),"-") -> - | AC22: =IFERROR(INDEX(ShipPartShape!$A:$A,MATCH(AB22,ShipPartShape!$B:$B,0)),"-") -> - | AE22: =IFERROR(INDEX(ShipPartShape!$A:$A,MATCH(AD22,ShipPartShape!$B:$B,0)),"-") -> - | AG22: =IFERROR(INDEX(ShipPartShape!$A:$A,MATCH(AF22,ShipPartShape!$B:$B,0)),"-") -> - | AI22: =IFERROR(INDEX(ShipPartShape!$A:$A,MATCH(AH22,ShipPartShape!$B:$B,0)),"-") -> - | AJ22: - | AK22: - | AL22: - | AM22: - | AN22: - | AO22: - | AP22: - | AQ22: - | AR22: - | AS22: - | AT22: - | AU22: 47600014 | AV22: - | AW22: - | AX22: -
A23: =A22+1 -> 45000013 | B23: 바르카_사각 | C23: SK_Ship_Barca_Body | D23: 바르카4흰색돛 | E23: 600 | F23: 100 | G23: - | H23: - | I23: =IFERROR(INDEX(ShipPartShape!$A:$A,MATCH(D23,ShipPartShape!$B:$B,0)),"-") -> 46000014 | J23: 램프_기본 | K23: =IFERROR(INDEX(ShipPartShape!$A:$A,MATCH(J23,ShipPartShape!$B:$B,0)),"-") -> 46700001 | M23: =IFERROR(INDEX(ShipPartShape!$A:$A,MATCH(L23,ShipPartShape!$B:$B,0)),"-") -> - | O23: =IFERROR(INDEX(ShipPartShape!$A:$A,MATCH(N23,ShipPartShape!$B:$B,0)),"-") -> - | Q23: =IFERROR(INDEX(ShipPartShape!$A:$A,MATCH(P23,ShipPartShape!$B:$B,0)),"-") -> - | S23: =IFERROR(INDEX(ShipPartShape!$A:$A,MATCH(R23,ShipPartShape!$B:$B,0)),"-") -> - | U23: =IFERROR(INDEX(ShipPartShape!$A:$A,MATCH(T23,ShipPartShape!$B:$B,0)),"-") -> - | W23: =IFERROR(INDEX(ShipPartShape!$A:$A,MATCH(V23,ShipPartShape!$B:$B,0)),"-") -> - | Y23: =IFERROR(INDEX(ShipPartShape!$A:$A,MATCH(X23,ShipPartShape!$B:$B,0)),"-") -> - | AA23: =IFERROR(INDEX(ShipPartShape!$A:$A,MATCH(Z23,ShipPartShape!$B:$B,0)),"-") -> - | AC23: =IFERROR(INDEX(ShipPartShape!$A:$A,MATCH(AB23,ShipPartShape!$B:$B,0)),"-") -> - | AE23: =IFERROR(INDEX(ShipPartShape!$A:$A,MATCH(AD23,ShipPartShape!$B:$B,0)),"-") -> - | AG23: =IFERROR(INDEX(ShipPartShape!$A:$A,MATCH(AF23,ShipPartShape!$B:$B,0)),"-") -> - | AI23: =IFERROR(INDEX(ShipPartShape!$A:$A,MATCH(AH23,ShipPartShape!$B:$B,0)),"-") -> - | AJ23: - | AK23: - | AL23: - | AM23: - | AN23: - | AO23: - | AP23: - | AQ23: - | AR23: - | AS23: - | AT23: - | AU23: 47600014 | AV23: - | AW23: - | AX23: -
A24: =A23+1 -> 45000014 | B24: 바르카_사각_적선 | C24: SK_Ship_Barca_Body | D24: 바르카4적색돛 | E24: 600 | F24: 100 | G24: - | H24: - | I24: =IFERROR(INDEX(ShipPartShape!$A:$A,MATCH(D24,ShipPartShape!$B:$B,0)),"-") -> 46000015 | J24: 대포_기본 | K24: =IFERROR(INDEX(ShipPartShape!$A:$A,MATCH(J24,ShipPartShape!$B:$B,0)),"-") -> 46300001 | L24: 램프_기본 | M24: =IFERROR(INDEX(ShipPartShape!$A:$A,MATCH(L24,ShipPartShape!$B:$B,0)),"-") -> 46700001 | O24: =IFERROR(INDEX(ShipPartShape!$A:$A,MATCH(N24,ShipPartShape!$B:$B,0)),"-") -> - | Q24: =IFERROR(INDEX(ShipPartShape!$A:$A,MATCH(P24,ShipPartShape!$B:$B,0)),"-") -> - | S24: =IFERROR(INDEX(ShipPartShape!$A:$A,MATCH(R24,ShipPartShape!$B:$B,0)),"-") -> - | U24: =IFERROR(INDEX(ShipPartShape!$A:$A,MATCH(T24,ShipPartShape!$B:$B,0)),"-") -> - | W24: =IFERROR(INDEX(ShipPartShape!$A:$A,MATCH(V24,ShipPartShape!$B:$B,0)),"-") -> - | Y24: =IFERROR(INDEX(ShipPartShape!$A:$A,MATCH(X24,ShipPartShape!$B:$B,0)),"-") -> - | AA24: =IFERROR(INDEX(ShipPartShape!$A:$A,MATCH(Z24,ShipPartShape!$B:$B,0)),"-") -> - | AC24: =IFERROR(INDEX(ShipPartShape!$A:$A,MATCH(AB24,ShipPartShape!$B:$B,0)),"-") -> - | AE24: =IFERROR(INDEX(ShipPartShape!$A:$A,MATCH(AD24,ShipPartShape!$B:$B,0)),"-") -> - | AG24: =IFERROR(INDEX(ShipPartShape!$A:$A,MATCH(AF24,ShipPartShape!$B:$B,0)),"-") -> - | AI24: =IFERROR(INDEX(ShipPartShape!$A:$A,MATCH(AH24,ShipPartShape!$B:$B,0)),"-") -> - | AJ24: - | AK24: - | AL24: - | AM24: - | AN24: - | AO24: - | AP24: - | AQ24: - | AR24: - | AS24: - | AT24: - | AU24: 47600014 | AV24: - | AW24: - | AX24: -
A25: =A24+1 -> 45000015 | B25: 바르카_사각_유령선 | C25: SK_Ship_Barca_Body | D25: 바르카4유령선돛 | E25: 600 | F25: 100 | G25: - | H25: - | I25: =IFERROR(INDEX(ShipPartShape!$A:$A,MATCH(D25,ShipPartShape!$B:$B,0)),"-") -> 46000016 | J25: 독수리상 | K25: =IFERROR(INDEX(ShipPartShape!$A:$A,MATCH(J25,ShipPartShape!$B:$B,0)),"-") -> 46100002 | L25: 충각_기본 | M25: =IFERROR(INDEX(ShipPartShape!$A:$A,MATCH(L25,ShipPartShape!$B:$B,0)),"-") -> 46200001 | N25: 대포_기본 | O25: =IFERROR(INDEX(ShipPartShape!$A:$A,MATCH(N25,ShipPartShape!$B:$B,0)),"-") -> 46300001 | Q25: =IFERROR(INDEX(ShipPartShape!$A:$A,MATCH(P25,ShipPartShape!$B:$B,0)),"-") -> - | S25: =IFERROR(INDEX(ShipPartShape!$A:$A,MATCH(R25,ShipPartShape!$B:$B,0)),"-") -> - | U25: =IFERROR(INDEX(ShipPartShape!$A:$A,MATCH(T25,ShipPartShape!$B:$B,0)),"-") -> - | W25: =IFERROR(INDEX(ShipPartShape!$A:$A,MATCH(V25,ShipPartShape!$B:$B,0)),"-") -> - | Y25: =IFERROR(INDEX(ShipPartShape!$A:$A,MATCH(X25,ShipPartShape!$B:$B,0)),"-") -> - | AA25: =IFERROR(INDEX(ShipPartShape!$A:$A,MATCH(Z25,ShipPartShape!$B:$B,0)),"-") -> - | AC25: =IFERROR(INDEX(ShipPartShape!$A:$A,MATCH(AB25,ShipPartShape!$B:$B,0)),"-") -> - | AE25: =IFERROR(INDEX(ShipPartShape!$A:$A,MATCH(AD25,ShipPartShape!$B:$B,0)),"-") -> - | AG25: =IFERROR(INDEX(ShipPartShape!$A:$A,MATCH(AF25,ShipPartShape!$B:$B,0)),"-") -> - | AI25: =IFERROR(INDEX(ShipPartShape!$A:$A,MATCH(AH25,ShipPartShape!$B:$B,0)),"-") -> - | AJ25: - | AK25: - | AL25: - | AM25: - | AN25: - | AO25: - | AP25: - | AQ25: - | AR25: - | AS25: - | AT25: - | AU25: 47600014 | AV25: - | AW25: - | AX25: -
A26: =A25+1 -> 45000016 | B26: 바르카_사각2 | C26: SK_Ship_Barca_Body | D26: 바르카4적백돛 | E26: 600 | F26: 100 | G26: - | H26: - | I26: =IFERROR(INDEX(ShipPartShape!$A:$A,MATCH(D26,ShipPartShape!$B:$B,0)),"-") -> 46000017 | J26: 충각_기본 | K26: =IFERROR(INDEX(ShipPartShape!$A:$A,MATCH(J26,ShipPartShape!$B:$B,0)),"-") -> 46200001 | L26: 대포_기본 | M26: =IFERROR(INDEX(ShipPartShape!$A:$A,MATCH(L26,ShipPartShape!$B:$B,0)),"-") -> 46300001 | N26: 램프_기본 | O26: =IFERROR(INDEX(ShipPartShape!$A:$A,MATCH(N26,ShipPartShape!$B:$B,0)),"-") -> 46700001 | Q26: =IFERROR(INDEX(ShipPartShape!$A:$A,MATCH(P26,ShipPartShape!$B:$B,0)),"-") -> - | S26: =IFERROR(INDEX(ShipPartShape!$A:$A,MATCH(R26,ShipPartShape!$B:$B,0)),"-") -> - | U26: =IFERROR(INDEX(ShipPartShape!$A:$A,MATCH(T26,ShipPartShape!$B:$B,0)),"-") -> - | W26: =IFERROR(INDEX(ShipPartShape!$A:$A,MATCH(V26,ShipPartShape!$B:$B,0)),"-") -> - | Y26: =IFERROR(INDEX(ShipPartShape!$A:$A,MATCH(X26,ShipPartShape!$B:$B,0)),"-") -> - | AA26: =IFERROR(INDEX(ShipPartShape!$A:$A,MATCH(Z26,ShipPartShape!$B:$B,0)),"-") -> - | AC26: =IFERROR(INDEX(ShipPartShape!$A:$A,MATCH(AB26,ShipPartShape!$B:$B,0)),"-") -> - | AE26: =IFERROR(INDEX(ShipPartShape!$A:$A,MATCH(AD26,ShipPartShape!$B:$B,0)),"-") -> - | AG26: =IFERROR(INDEX(ShipPartShape!$A:$A,MATCH(AF26,ShipPartShape!$B:$B,0)),"-") -> - | AI26: =IFERROR(INDEX(ShipPartShape!$A:$A,MATCH(AH26,ShipPartShape!$B:$B,0)),"-") -> - | AJ26: - | AK26: - | AL26: - | AM26: - | AN26: - | AO26: - | AP26: - | AQ26: - | AR26: - | AS26: - | AT26: - | AU26: 47600014 | AV26: - | AW26: - | AX26: -
A27: =A26+1 -> 45000017 | B27: 바르카_사각3 | C27: SK_Ship_Barca_Body | D27: 바르카4적흑돛 | E27: 600 | F27: 100 | G27: - | H27: - | I27: =IFERROR(INDEX(ShipPartShape!$A:$A,MATCH(D27,ShipPartShape!$B:$B,0)),"-") -> 46000018 | J27: 충각_기본 | K27: =IFERROR(INDEX(ShipPartShape!$A:$A,MATCH(J27,ShipPartShape!$B:$B,0)),"-") -> 46200001 | L27: 대포_기본 | M27: =IFERROR(INDEX(ShipPartShape!$A:$A,MATCH(L27,ShipPartShape!$B:$B,0)),"-") -> 46300001 | N27: 램프_기본 | O27: =IFERROR(INDEX(ShipPartShape!$A:$A,MATCH(N27,ShipPartShape!$B:$B,0)),"-") -> 46700001 | Q27: =IFERROR(INDEX(ShipPartShape!$A:$A,MATCH(P27,ShipPartShape!$B:$B,0)),"-") -> - | S27: =IFERROR(INDEX(ShipPartShape!$A:$A,MATCH(R27,ShipPartShape!$B:$B,0)),"-") -> - | U27: =IFERROR(INDEX(ShipPartShape!$A:$A,MATCH(T27,ShipPartShape!$B:$B,0)),"-") -> - | W27: =IFERROR(INDEX(ShipPartShape!$A:$A,MATCH(V27,ShipPartShape!$B:$B,0)),"-") -> - | Y27: =IFERROR(INDEX(ShipPartShape!$A:$A,MATCH(X27,ShipPartShape!$B:$B,0)),"-") -> - | AA27: =IFERROR(INDEX(ShipPartShape!$A:$A,MATCH(Z27,ShipPartShape!$B:$B,0)),"-") -> - | AC27: =IFERROR(INDEX(ShipPartShape!$A:$A,MATCH(AB27,ShipPartShape!$B:$B,0)),"-") -> - | AE27: =IFERROR(INDEX(ShipPartShape!$A:$A,MATCH(AD27,ShipPartShape!$B:$B,0)),"-") -> - | AG27: =IFERROR(INDEX(ShipPartShape!$A:$A,MATCH(AF27,ShipPartShape!$B:$B,0)),"-") -> - | AI27: =IFERROR(INDEX(ShipPartShape!$A:$A,MATCH(AH27,ShipPartShape!$B:$B,0)),"-") -> - | AJ27: - | AK27: - | AL27: - | AM27: - | AN27: - | AO27: - | AP27: - | AQ27: - | AR27: - | AS27: - | AT27: - | AU27: 47600014 | AV27: - | AW27: - | AX27: -
A28: =A27+1 -> 45000018 | B28: 바르카_사각_해적1 | C28: SK_Ship_Barca_Body | D28: 바르카4적흑돛_해골 | E28: 600 | F28: 100 | G28: - | H28: - | I28: =IFERROR(INDEX(ShipPartShape!$A:$A,MATCH(D28,ShipPartShape!$B:$B,0)),"-") -> 46000019 | J28: 충각_기본 | K28: =IFERROR(INDEX(ShipPartShape!$A:$A,MATCH(J28,ShipPartShape!$B:$B,0)),"-") -> 46200001 | L28: 대포_기본 | M28: =IFERROR(INDEX(ShipPartShape!$A:$A,MATCH(L28,ShipPartShape!$B:$B,0)),"-") -> 46300001 | N28: 램프_기본 | O28: =IFERROR(INDEX(ShipPartShape!$A:$A,MATCH(N28,ShipPartShape!$B:$B,0)),"-") -> 46700001 | Q28: =IFERROR(INDEX(ShipPartShape!$A:$A,MATCH(P28,ShipPartShape!$B:$B,0)),"-") -> - | S28: =IFERROR(INDEX(ShipPartShape!$A:$A,MATCH(R28,ShipPartShape!$B:$B,0)),"-") -> - | U28: =IFERROR(INDEX(ShipPartShape!$A:$A,MATCH(T28,ShipPartShape!$B:$B,0)),"-") -> - | W28: =IFERROR(INDEX(ShipPartShape!$A:$A,MATCH(V28,ShipPartShape!$B:$B,0)),"-") -> - | Y28: =IFERROR(INDEX(ShipPartShape!$A:$A,MATCH(X28,ShipPartShape!$B:$B,0)),"-") -> - | AA28: =IFERROR(INDEX(ShipPartShape!$A:$A,MATCH(Z28,ShipPartShape!$B:$B,0)),"-") -> - | AC28: =IFERROR(INDEX(ShipPartShape!$A:$A,MATCH(AB28,ShipPartShape!$B:$B,0)),"-") -> - | AE28: =IFERROR(INDEX(ShipPartShape!$A:$A,MATCH(AD28,ShipPartShape!$B:$B,0)),"-") -> - | AG28: =IFERROR(INDEX(ShipPartShape!$A:$A,MATCH(AF28,ShipPartShape!$B:$B,0)),"-") -> - | AI28: =IFERROR(INDEX(ShipPartShape!$A:$A,MATCH(AH28,ShipPartShape!$B:$B,0)),"-") -> - | AJ28: - | AK28: - | AL28: - | AM28: - | AN28: - | AO28: - | AP28: - | AQ28: - | AR28: - | AS28: - | AT28: - | AU28: 47600014 | AV28: - | AW28: - | AX28: -
A29: =A28+1 -> 45000019 | B29: 한자 코그 | C29: SK_Ship_HansaCog_Body | D29: 한자코그흰색돛 | E29: 600 | F29: 100 | G29: 10 | H29: -20 | I29: =IFERROR(INDEX(ShipPartShape!$A:$A,MATCH(D29,ShipPartShape!$B:$B,0)),"-") -> 46000020 | J29: 서양램프_유럽3 | K29: =IFERROR(INDEX(ShipPartShape!$A:$A,MATCH(J29,ShipPartShape!$B:$B,0)),"-") -> 46700014 | L29: 대포_기본 | M29: =IFERROR(INDEX(ShipPartShape!$A:$A,MATCH(L29,ShipPartShape!$B:$B,0)),"-") -> 46300001 | O29: =IFERROR(INDEX(ShipPartShape!$A:$A,MATCH(N29,ShipPartShape!$B:$B,0)),"-") -> - | Q29: =IFERROR(INDEX(ShipPartShape!$A:$A,MATCH(P29,ShipPartShape!$B:$B,0)),"-") -> - | S29: =IFERROR(INDEX(ShipPartShape!$A:$A,MATCH(R29,ShipPartShape!$B:$B,0)),"-") -> - | T29: 선박외형장식_A | U29: =IFERROR(INDEX(ShipPartShape!$A:$A,MATCH(T29,ShipPartShape!$B:$B,0)),"-") -> 46600001 | V29: 선박외형장식_B | W29: =IFERROR(INDEX(ShipPartShape!$A:$A,MATCH(V29,ShipPartShape!$B:$B,0)),"-") -> 46600002 | X29: 선박외형장식_E | Y29: =IFERROR(INDEX(ShipPartShape!$A:$A,MATCH(X29,ShipPartShape!$B:$B,0)),"-") -> 46600005 | Z29: 선박외형장식_H | AA29: =IFERROR(INDEX(ShipPartShape!$A:$A,MATCH(Z29,ShipPartShape!$B:$B,0)),"-") -> 46600008 | AC29: =IFERROR(INDEX(ShipPartShape!$A:$A,MATCH(AB29,ShipPartShape!$B:$B,0)),"-") -> - | AE29: =IFERROR(INDEX(ShipPartShape!$A:$A,MATCH(AD29,ShipPartShape!$B:$B,0)),"-") -> - | AG29: =IFERROR(INDEX(ShipPartShape!$A:$A,MATCH(AF29,ShipPartShape!$B:$B,0)),"-") -> - | AI29: =IFERROR(INDEX(ShipPartShape!$A:$A,MATCH(AH29,ShipPartShape!$B:$B,0)),"-") -> - | AJ29: - | AK29: - | AL29: - | AM29: - | AN29: - | AO29: - | AP29: - | AQ29: - | AR29: - | AS29: - | AT29: - | AU29: 47600014 | AV29: - | AW29: - | AX29: -
A30: =A29+1 -> 45000020 | B30: 한자 코그_적선 | C30: SK_Ship_HansaCog_Body | D30: 한자코그적색돛 | E30: 600 | F30: 100 | G30: - | H30: - | I30: =IFERROR(INDEX(ShipPartShape!$A:$A,MATCH(D30,ShipPartShape!$B:$B,0)),"-") -> 46000021 | J30: 대포_기본 | K30: =IFERROR(INDEX(ShipPartShape!$A:$A,MATCH(J30,ShipPartShape!$B:$B,0)),"-") -> 46300001 | L30: 램프_기본 | M30: =IFERROR(INDEX(ShipPartShape!$A:$A,MATCH(L30,ShipPartShape!$B:$B,0)),"-") -> 46700001 | O30: =IFERROR(INDEX(ShipPartShape!$A:$A,MATCH(N30,ShipPartShape!$B:$B,0)),"-") -> - | Q30: =IFERROR(INDEX(ShipPartShape!$A:$A,MATCH(P30,ShipPartShape!$B:$B,0)),"-") -> - | S30: =IFERROR(INDEX(ShipPartShape!$A:$A,MATCH(R30,ShipPartShape!$B:$B,0)),"-") -> - | U30: =IFERROR(INDEX(ShipPartShape!$A:$A,MATCH(T30,ShipPartShape!$B:$B,0)),"-") -> - | W30: =IFERROR(INDEX(ShipPartShape!$A:$A,MATCH(V30,ShipPartShape!$B:$B,0)),"-") -> - | Y30: =IFERROR(INDEX(ShipPartShape!$A:$A,MATCH(X30,ShipPartShape!$B:$B,0)),"-") -> - | AA30: =IFERROR(INDEX(ShipPartShape!$A:$A,MATCH(Z30,ShipPartShape!$B:$B,0)),"-") -> - | AC30: =IFERROR(INDEX(ShipPartShape!$A:$A,MATCH(AB30,ShipPartShape!$B:$B,0)),"-") -> - | AE30: =IFERROR(INDEX(ShipPartShape!$A:$A,MATCH(AD30,ShipPartShape!$B:$B,0)),"-") -> - | AG30: =IFERROR(INDEX(ShipPartShape!$A:$A,MATCH(AF30,ShipPartShape!$B:$B,0)),"-") -> - | AI30: =IFERROR(INDEX(ShipPartShape!$A:$A,MATCH(AH30,ShipPartShape!$B:$B,0)),"-") -> - | AJ30: - | AK30: - | AL30: - | AM30: - | AN30: - | AO30: - | AP30: - | AQ30: - | AR30: - | AS30: - | AT30: - | AU30: 47600014 | AV30: - | AW30: - | AX30: -
A31: =A30+1 -> 45000021 | B31: 한자 코그_유령선 | C31: SK_Ship_HansaCog_Body | D31: 한자코그유령선돛 | E31: 600 | F31: 100 | G31: - | H31: - | I31: =IFERROR(INDEX(ShipPartShape!$A:$A,MATCH(D31,ShipPartShape!$B:$B,0)),"-") -> 46000022 | J31: 독수리상 | K31: =IFERROR(INDEX(ShipPartShape!$A:$A,MATCH(J31,ShipPartShape!$B:$B,0)),"-") -> 46100002 | L31: 충각_기본 | M31: =IFERROR(INDEX(ShipPartShape!$A:$A,MATCH(L31,ShipPartShape!$B:$B,0)),"-") -> 46200001 | N31: 대포_기본 | O31: =IFERROR(INDEX(ShipPartShape!$A:$A,MATCH(N31,ShipPartShape!$B:$B,0)),"-") -> 46300001 | Q31: =IFERROR(INDEX(ShipPartShape!$A:$A,MATCH(P31,ShipPartShape!$B:$B,0)),"-") -> - | S31: =IFERROR(INDEX(ShipPartShape!$A:$A,MATCH(R31,ShipPartShape!$B:$B,0)),"-") -> - | U31: =IFERROR(INDEX(ShipPartShape!$A:$A,MATCH(T31,ShipPartShape!$B:$B,0)),"-") -> - | W31: =IFERROR(INDEX(ShipPartShape!$A:$A,MATCH(V31,ShipPartShape!$B:$B,0)),"-") -> - | Y31: =IFERROR(INDEX(ShipPartShape!$A:$A,MATCH(X31,ShipPartShape!$B:$B,0)),"-") -> - | AA31: =IFERROR(INDEX(ShipPartShape!$A:$A,MATCH(Z31,ShipPartShape!$B:$B,0)),"-") -> - | AC31: =IFERROR(INDEX(ShipPartShape!$A:$A,MATCH(AB31,ShipPartShape!$B:$B,0)),"-") -> - | AE31: =IFERROR(INDEX(ShipPartShape!$A:$A,MATCH(AD31,ShipPartShape!$B:$B,0)),"-") -> - | AG31: =IFERROR(INDEX(ShipPartShape!$A:$A,MATCH(AF31,ShipPartShape!$B:$B,0)),"-") -> - | AI31: =IFERROR(INDEX(ShipPartShape!$A:$A,MATCH(AH31,ShipPartShape!$B:$B,0)),"-") -> - | AJ31: - | AK31: - | AL31: - | AM31: - | AN31: - | AO31: - | AP31: - | AQ31: - | AR31: - | AS31: - | AT31: - | AU31: 47600014 | AV31: - | AW31: - | AX31: -
A32: =A31+1 -> 45000022 | B32: 한자 코그2 | C32: SK_Ship_HansaCog_Body | D32: 한자코그적백돛 | E32: 600 | F32: 100 | G32: - | H32: - | I32: =IFERROR(INDEX(ShipPartShape!$A:$A,MATCH(D32,ShipPartShape!$B:$B,0)),"-") -> 46000023 | J32: 충각_기본 | K32: =IFERROR(INDEX(ShipPartShape!$A:$A,MATCH(J32,ShipPartShape!$B:$B,0)),"-") -> 46200001 | L32: 대포_기본 | M32: =IFERROR(INDEX(ShipPartShape!$A:$A,MATCH(L32,ShipPartShape!$B:$B,0)),"-") -> 46300001 | N32: 램프_기본 | O32: =IFERROR(INDEX(ShipPartShape!$A:$A,MATCH(N32,ShipPartShape!$B:$B,0)),"-") -> 46700001 | Q32: =IFERROR(INDEX(ShipPartShape!$A:$A,MATCH(P32,ShipPartShape!$B:$B,0)),"-") -> - | S32: =IFERROR(INDEX(ShipPartShape!$A:$A,MATCH(R32,ShipPartShape!$B:$B,0)),"-") -> - | U32: =IFERROR(INDEX(ShipPartShape!$A:$A,MATCH(T32,ShipPartShape!$B:$B,0)),"-") -> - | W32: =IFERROR(INDEX(ShipPartShape!$A:$A,MATCH(V32,ShipPartShape!$B:$B,0)),"-") -> - | Y32: =IFERROR(INDEX(ShipPartShape!$A:$A,MATCH(X32,ShipPartShape!$B:$B,0)),"-") -> - | AA32: =IFERROR(INDEX(ShipPartShape!$A:$A,MATCH(Z32,ShipPartShape!$B:$B,0)),"-") -> - | AC32: =IFERROR(INDEX(ShipPartShape!$A:$A,MATCH(AB32,ShipPartShape!$B:$B,0)),"-") -> - | AE32: =IFERROR(INDEX(ShipPartShape!$A:$A,MATCH(AD32,ShipPartShape!$B:$B,0)),"-") -> - | AG32: =IFERROR(INDEX(ShipPartShape!$A:$A,MATCH(AF32,ShipPartShape!$B:$B,0)),"-") -> - | AI32: =IFERROR(INDEX(ShipPartShape!$A:$A,MATCH(AH32,ShipPartShape!$B:$B,0)),"-") -> - | AJ32: - | AK32: - | AL32: - | AM32: - | AN32: - | AO32: - | AP32: - | AQ32: - | AR32: - | AS32: - | AT32: - | AU32: 47600014 | AV32: - | AW32: - | AX32: -
A33: =A32+1 -> 45000023 | B33: 한자 코그3 | C33: SK_Ship_HansaCog_Body | D33: 한자코그적흑돛 | E33: 600 | F33: 100 | G33: - | H33: - | I33: =IFERROR(INDEX(ShipPartShape!$A:$A,MATCH(D33,ShipPartShape!$B:$B,0)),"-") -> 46000024 | J33: 충각_기본 | K33: =IFERROR(INDEX(ShipPartShape!$A:$A,MATCH(J33,ShipPartShape!$B:$B,0)),"-") -> 46200001 | L33: 대포_기본 | M33: =IFERROR(INDEX(ShipPartShape!$A:$A,MATCH(L33,ShipPartShape!$B:$B,0)),"-") -> 46300001 | N33: 램프_기본 | O33: =IFERROR(INDEX(ShipPartShape!$A:$A,MATCH(N33,ShipPartShape!$B:$B,0)),"-") -> 46700001 | Q33: =IFERROR(INDEX(ShipPartShape!$A:$A,MATCH(P33,ShipPartShape!$B:$B,0)),"-") -> - | S33: =IFERROR(INDEX(ShipPartShape!$A:$A,MATCH(R33,ShipPartShape!$B:$B,0)),"-") -> - | U33: =IFERROR(INDEX(ShipPartShape!$A:$A,MATCH(T33,ShipPartShape!$B:$B,0)),"-") -> - | W33: =IFERROR(INDEX(ShipPartShape!$A:$A,MATCH(V33,ShipPartShape!$B:$B,0)),"-") -> - | Y33: =IFERROR(INDEX(ShipPartShape!$A:$A,MATCH(X33,ShipPartShape!$B:$B,0)),"-") -> - | AA33: =IFERROR(INDEX(ShipPartShape!$A:$A,MATCH(Z33,ShipPartShape!$B:$B,0)),"-") -> - | AC33: =IFERROR(INDEX(ShipPartShape!$A:$A,MATCH(AB33,ShipPartShape!$B:$B,0)),"-") -> - | AE33: =IFERROR(INDEX(ShipPartShape!$A:$A,MATCH(AD33,ShipPartShape!$B:$B,0)),"-") -> - | AG33: =IFERROR(INDEX(ShipPartShape!$A:$A,MATCH(AF33,ShipPartShape!$B:$B,0)),"-") -> - | AI33: =IFERROR(INDEX(ShipPartShape!$A:$A,MATCH(AH33,ShipPartShape!$B:$B,0)),"-") -> - | AJ33: - | AK33: - | AL33: - | AM33: - | AN33: - | AO33: - | AP33: - | AQ33: - | AR33: - | AS33: - | AT33: - | AU33: 47600014 | AV33: - | AW33: - | AX33: -
A34: =A33+1 -> 45000024 | B34: 한자코그_해적1 | C34: SK_Ship_HansaCog_Body | D34: 한자코그적흑돛_해골 | E34: 600 | F34: 100 | G34: - | H34: - | I34: =IFERROR(INDEX(ShipPartShape!$A:$A,MATCH(D34,ShipPartShape!$B:$B,0)),"-") -> 46000025 | J34: 충각_기본 | K34: =IFERROR(INDEX(ShipPartShape!$A:$A,MATCH(J34,ShipPartShape!$B:$B,0)),"-") -> 46200001 | L34: 대포_기본 | M34: =IFERROR(INDEX(ShipPartShape!$A:$A,MATCH(L34,ShipPartShape!$B:$B,0)),"-") -> 46300001 | N34: 램프_기본 | O34: =IFERROR(INDEX(ShipPartShape!$A:$A,MATCH(N34,ShipPartShape!$B:$B,0)),"-") -> 46700001 | Q34: =IFERROR(INDEX(ShipPartShape!$A:$A,MATCH(P34,ShipPartShape!$B:$B,0)),"-") -> - | S34: =IFERROR(INDEX(ShipPartShape!$A:$A,MATCH(R34,ShipPartShape!$B:$B,0)),"-") -> - | U34: =IFERROR(INDEX(ShipPartShape!$A:$A,MATCH(T34,ShipPartShape!$B:$B,0)),"-") -> - | W34: =IFERROR(INDEX(ShipPartShape!$A:$A,MATCH(V34,ShipPartShape!$B:$B,0)),"-") -> - | Y34: =IFERROR(INDEX(ShipPartShape!$A:$A,MATCH(X34,ShipPartShape!$B:$B,0)),"-") -> - | AA34: =IFERROR(INDEX(ShipPartShape!$A:$A,MATCH(Z34,ShipPartShape!$B:$B,0)),"-") -> - | AC34: =IFERROR(INDEX(ShipPartShape!$A:$A,MATCH(AB34,ShipPartShape!$B:$B,0)),"-") -> - | AE34: =IFERROR(INDEX(ShipPartShape!$A:$A,MATCH(AD34,ShipPartShape!$B:$B,0)),"-") -> - | AG34: =IFERROR(INDEX(ShipPartShape!$A:$A,MATCH(AF34,ShipPartShape!$B:$B,0)),"-") -> - | AI34: =IFERROR(INDEX(ShipPartShape!$A:$A,MATCH(AH34,ShipPartShape!$B:$B,0)),"-") -> - | AJ34: - | AK34: - | AL34: - | AM34: - | AN34: - | AO34: - | AP34: - | AQ34: - | AR34: - | AS34: - | AT34: - | AU34: 47600014 | AV34: - | AW34: - | AX34: -
A35: =A34+1 -> 45000025 | B35: 코그 라티나 | C35: SK_Ship_CogBig_Body | D35: 코그레티나흰색돛 | E35: 600 | F35: 100 | G35: 10 | H35: -30 | I35: =IFERROR(INDEX(ShipPartShape!$A:$A,MATCH(D35,ShipPartShape!$B:$B,0)),"-") -> 46000026 | J35: 램프_기본 | K35: =IFERROR(INDEX(ShipPartShape!$A:$A,MATCH(J35,ShipPartShape!$B:$B,0)),"-") -> 46700001 | L35: 대포_기본 | M35: =IFERROR(INDEX(ShipPartShape!$A:$A,MATCH(L35,ShipPartShape!$B:$B,0)),"-") -> 46300001 | O35: =IFERROR(INDEX(ShipPartShape!$A:$A,MATCH(N35,ShipPartShape!$B:$B,0)),"-") -> - | Q35: =IFERROR(INDEX(ShipPartShape!$A:$A,MATCH(P35,ShipPartShape!$B:$B,0)),"-") -> - | S35: =IFERROR(INDEX(ShipPartShape!$A:$A,MATCH(R35,ShipPartShape!$B:$B,0)),"-") -> - | T35: 선박외형장식_B | U35: =IFERROR(INDEX(ShipPartShape!$A:$A,MATCH(T35,ShipPartShape!$B:$B,0)),"-") -> 46600002 | V35: 선박외형장식_D | W35: =IFERROR(INDEX(ShipPartShape!$A:$A,MATCH(V35,ShipPartShape!$B:$B,0)),"-") -> 46600004 | X35: 선박외형장식_I | Y35: =IFERROR(INDEX(ShipPartShape!$A:$A,MATCH(X35,ShipPartShape!$B:$B,0)),"-") -> 46600009 | Z35: 선박외형장식_G | AA35: =IFERROR(INDEX(ShipPartShape!$A:$A,MATCH(Z35,ShipPartShape!$B:$B,0)),"-") -> 46600007 | AC35: =IFERROR(INDEX(ShipPartShape!$A:$A,MATCH(AB35,ShipPartShape!$B:$B,0)),"-") -> - | AE35: =IFERROR(INDEX(ShipPartShape!$A:$A,MATCH(AD35,ShipPartShape!$B:$B,0)),"-") -> - | AG35: =IFERROR(INDEX(ShipPartShape!$A:$A,MATCH(AF35,ShipPartShape!$B:$B,0)),"-") -> - | AI35: =IFERROR(INDEX(ShipPartShape!$A:$A,MATCH(AH35,ShipPartShape!$B:$B,0)),"-") -> - | AJ35: - | AK35: - | AL35: - | AM35: - | AN35: - | AO35: - | AP35: - | AQ35: - | AR35: - | AS35: - | AT35: - | AU35: 47600015 | AV35: - | AW35: - | AX35: -
A36: =A35+1 -> 45000026 | B36: 코그 라티나_적선 | C36: SK_Ship_CogBig_Body | D36: 코그레티나적색돛 | E36: 600 | F36: 100 | G36: - | H36: - | I36: =IFERROR(INDEX(ShipPartShape!$A:$A,MATCH(D36,ShipPartShape!$B:$B,0)),"-") -> 46000027 | J36: 대포_기본 | K36: =IFERROR(INDEX(ShipPartShape!$A:$A,MATCH(J36,ShipPartShape!$B:$B,0)),"-") -> 46300001 | L36: 램프_기본 | M36: =IFERROR(INDEX(ShipPartShape!$A:$A,MATCH(L36,ShipPartShape!$B:$B,0)),"-") -> 46700001 | O36: =IFERROR(INDEX(ShipPartShape!$A:$A,MATCH(N36,ShipPartShape!$B:$B,0)),"-") -> - | Q36: =IFERROR(INDEX(ShipPartShape!$A:$A,MATCH(P36,ShipPartShape!$B:$B,0)),"-") -> - | S36: =IFERROR(INDEX(ShipPartShape!$A:$A,MATCH(R36,ShipPartShape!$B:$B,0)),"-") -> - | U36: =IFERROR(INDEX(ShipPartShape!$A:$A,MATCH(T36,ShipPartShape!$B:$B,0)),"-") -> - | W36: =IFERROR(INDEX(ShipPartShape!$A:$A,MATCH(V36,ShipPartShape!$B:$B,0)),"-") -> - | Y36: =IFERROR(INDEX(ShipPartShape!$A:$A,MATCH(X36,ShipPartShape!$B:$B,0)),"-") -> - | AA36: =IFERROR(INDEX(ShipPartShape!$A:$A,MATCH(Z36,ShipPartShape!$B:$B,0)),"-") -> - | AC36: =IFERROR(INDEX(ShipPartShape!$A:$A,MATCH(AB36,ShipPartShape!$B:$B,0)),"-") -> - | AE36: =IFERROR(INDEX(ShipPartShape!$A:$A,MATCH(AD36,ShipPartShape!$B:$B,0)),"-") -> - | AG36: =IFERROR(INDEX(ShipPartShape!$A:$A,MATCH(AF36,ShipPartShape!$B:$B,0)),"-") -> - | AI36: =IFERROR(INDEX(ShipPartShape!$A:$A,MATCH(AH36,ShipPartShape!$B:$B,0)),"-") -> - | AJ36: - | AK36: - | AL36: - | AM36: - | AN36: - | AO36: - | AP36: - | AQ36: - | AR36: - | AS36: - | AT36: - | AU36: 47600015 | AV36: - | AW36: - | AX36: -
A37: =A36+1 -> 45000027 | B37: 코그 라티나_유령선 | C37: SK_Ship_CogBig_Body | D37: 코그레티나유령선돛 | E37: 600 | F37: 100 | G37: - | H37: - | I37: =IFERROR(INDEX(ShipPartShape!$A:$A,MATCH(D37,ShipPartShape!$B:$B,0)),"-") -> 46000028 | J37: 독수리상 | K37: =IFERROR(INDEX(ShipPartShape!$A:$A,MATCH(J37,ShipPartShape!$B:$B,0)),"-") -> 46100002 | L37: 충각_기본 | M37: =IFERROR(INDEX(ShipPartShape!$A:$A,MATCH(L37,ShipPartShape!$B:$B,0)),"-") -> 46200001 | N37: 대포_기본 | O37: =IFERROR(INDEX(ShipPartShape!$A:$A,MATCH(N37,ShipPartShape!$B:$B,0)),"-") -> 46300001 | Q37: =IFERROR(INDEX(ShipPartShape!$A:$A,MATCH(P37,ShipPartShape!$B:$B,0)),"-") -> - | S37: =IFERROR(INDEX(ShipPartShape!$A:$A,MATCH(R37,ShipPartShape!$B:$B,0)),"-") -> - | U37: =IFERROR(INDEX(ShipPartShape!$A:$A,MATCH(T37,ShipPartShape!$B:$B,0)),"-") -> - | W37: =IFERROR(INDEX(ShipPartShape!$A:$A,MATCH(V37,ShipPartShape!$B:$B,0)),"-") -> - | Y37: =IFERROR(INDEX(ShipPartShape!$A:$A,MATCH(X37,ShipPartShape!$B:$B,0)),"-") -> - | AA37: =IFERROR(INDEX(ShipPartShape!$A:$A,MATCH(Z37,ShipPartShape!$B:$B,0)),"-") -> - | AC37: =IFERROR(INDEX(ShipPartShape!$A:$A,MATCH(AB37,ShipPartShape!$B:$B,0)),"-") -> - | AE37: =IFERROR(INDEX(ShipPartShape!$A:$A,MATCH(AD37,ShipPartShape!$B:$B,0)),"-") -> - | AG37: =IFERROR(INDEX(ShipPartShape!$A:$A,MATCH(AF37,ShipPartShape!$B:$B,0)),"-") -> - | AI37: =IFERROR(INDEX(ShipPartShape!$A:$A,MATCH(AH37,ShipPartShape!$B:$B,0)),"-") -> - | AJ37: - | AK37: - | AL37: - | AM37: - | AN37: - | AO37: - | AP37: - | AQ37: - | AR37: - | AS37: - | AT37: - | AU37: 47600015 | AV37: - | AW37: - | AX37: -
A38: =A37+1 -> 45000028 | B38: 코그 라티나2 | C38: SK_Ship_CogBig_Body | D38: 코그레티나적백돛 | E38: 600 | F38: 100 | G38: - | H38: - | I38: =IFERROR(INDEX(ShipPartShape!$A:$A,MATCH(D38,ShipPartShape!$B:$B,0)),"-") -> 46000029 | J38: 충각_기본 | K38: =IFERROR(INDEX(ShipPartShape!$A:$A,MATCH(J38,ShipPartShape!$B:$B,0)),"-") -> 46200001 | L38: 대포_기본 | M38: =IFERROR(INDEX(ShipPartShape!$A:$A,MATCH(L38,ShipPartShape!$B:$B,0)),"-") -> 46300001 | N38: 램프_기본 | O38: =IFERROR(INDEX(ShipPartShape!$A:$A,MATCH(N38,ShipPartShape!$B:$B,0)),"-") -> 46700001 | Q38: =IFERROR(INDEX(ShipPartShape!$A:$A,MATCH(P38,ShipPartShape!$B:$B,0)),"-") -> - | S38: =IFERROR(INDEX(ShipPartShape!$A:$A,MATCH(R38,ShipPartShape!$B:$B,0)),"-") -> - | U38: =IFERROR(INDEX(ShipPartShape!$A:$A,MATCH(T38,ShipPartShape!$B:$B,0)),"-") -> - | W38: =IFERROR(INDEX(ShipPartShape!$A:$A,MATCH(V38,ShipPartShape!$B:$B,0)),"-") -> - | Y38: =IFERROR(INDEX(ShipPartShape!$A:$A,MATCH(X38,ShipPartShape!$B:$B,0)),"-") -> - | AA38: =IFERROR(INDEX(ShipPartShape!$A:$A,MATCH(Z38,ShipPartShape!$B:$B,0)),"-") -> - | AC38: =IFERROR(INDEX(ShipPartShape!$A:$A,MATCH(AB38,ShipPartShape!$B:$B,0)),"-") -> - | AE38: =IFERROR(INDEX(ShipPartShape!$A:$A,MATCH(AD38,ShipPartShape!$B:$B,0)),"-") -> - | AG38: =IFERROR(INDEX(ShipPartShape!$A:$A,MATCH(AF38,ShipPartShape!$B:$B,0)),"-") -> - | AI38: =IFERROR(INDEX(ShipPartShape!$A:$A,MATCH(AH38,ShipPartShape!$B:$B,0)),"-") -> - | AJ38: - | AK38: - | AL38: - | AM38: - | AN38: - | AO38: - | AP38: - | AQ38: - | AR38: - | AS38: - | AT38: - | AU38: 47600015 | AV38: - | AW38: - | AX38: -
A39: =A38+1 -> 45000029 | B39: 코그 라티나3 | C39: SK_Ship_CogBig_Body | D39: 코그레티나적흑돛 | E39: 600 | F39: 100 | G39: - | H39: - | I39: =IFERROR(INDEX(ShipPartShape!$A:$A,MATCH(D39,ShipPartShape!$B:$B,0)),"-") -> 46000030 | J39: 충각_기본 | K39: =IFERROR(INDEX(ShipPartShape!$A:$A,MATCH(J39,ShipPartShape!$B:$B,0)),"-") -> 46200001 | L39: 대포_기본 | M39: =IFERROR(INDEX(ShipPartShape!$A:$A,MATCH(L39,ShipPartShape!$B:$B,0)),"-") -> 46300001 | N39: 램프_기본 | O39: =IFERROR(INDEX(ShipPartShape!$A:$A,MATCH(N39,ShipPartShape!$B:$B,0)),"-") -> 46700001 | Q39: =IFERROR(INDEX(ShipPartShape!$A:$A,MATCH(P39,ShipPartShape!$B:$B,0)),"-") -> - | S39: =IFERROR(INDEX(ShipPartShape!$A:$A,MATCH(R39,ShipPartShape!$B:$B,0)),"-") -> - | U39: =IFERROR(INDEX(ShipPartShape!$A:$A,MATCH(T39,ShipPartShape!$B:$B,0)),"-") -> - | W39: =IFERROR(INDEX(ShipPartShape!$A:$A,MATCH(V39,ShipPartShape!$B:$B,0)),"-") -> - | Y39: =IFERROR(INDEX(ShipPartShape!$A:$A,MATCH(X39,ShipPartShape!$B:$B,0)),"-") -> - | AA39: =IFERROR(INDEX(ShipPartShape!$A:$A,MATCH(Z39,ShipPartShape!$B:$B,0)),"-") -> - | AC39: =IFERROR(INDEX(ShipPartShape!$A:$A,MATCH(AB39,ShipPartShape!$B:$B,0)),"-") -> - | AE39: =IFERROR(INDEX(ShipPartShape!$A:$A,MATCH(AD39,ShipPartShape!$B:$B,0)),"-") -> - | AG39: =IFERROR(INDEX(ShipPartShape!$A:$A,MATCH(AF39,ShipPartShape!$B:$B,0)),"-") -> - | AI39: =IFERROR(INDEX(ShipPartShape!$A:$A,MATCH(AH39,ShipPartShape!$B:$B,0)),"-") -> - | AJ39: - | AK39: - | AL39: - | AM39: - | AN39: - | AO39: - | AP39: - | AQ39: - | AR39: - | AS39: - | AT39: - | AU39: 47600015 | AV39: - | AW39: - | AX39: -
A40: =A39+1 -> 45000030 | B40: 코그 라티나_해적1 | C40: SK_Ship_CogBig_Body | D40: 코그레티나적흑돛_해골 | E40: 600 | F40: 100 | G40: - | H40: - | I40: =IFERROR(INDEX(ShipPartShape!$A:$A,MATCH(D40,ShipPartShape!$B:$B,0)),"-") -> 46000031 | J40: 충각_기본 | K40: =IFERROR(INDEX(ShipPartShape!$A:$A,MATCH(J40,ShipPartShape!$B:$B,0)),"-") -> 46200001 | L40: 대포_기본 | M40: =IFERROR(INDEX(ShipPartShape!$A:$A,MATCH(L40,ShipPartShape!$B:$B,0)),"-") -> 46300001 | N40: 램프_기본 | O40: =IFERROR(INDEX(ShipPartShape!$A:$A,MATCH(N40,ShipPartShape!$B:$B,0)),"-") -> 46700001 | Q40: =IFERROR(INDEX(ShipPartShape!$A:$A,MATCH(P40,ShipPartShape!$B:$B,0)),"-") -> - | S40: =IFERROR(INDEX(ShipPartShape!$A:$A,MATCH(R40,ShipPartShape!$B:$B,0)),"-") -> - | U40: =IFERROR(INDEX(ShipPartShape!$A:$A,MATCH(T40,ShipPartShape!$B:$B,0)),"-") -> - | W40: =IFERROR(INDEX(ShipPartShape!$A:$A,MATCH(V40,ShipPartShape!$B:$B,0)),"-") -> - | Y40: =IFERROR(INDEX(ShipPartShape!$A:$A,MATCH(X40,ShipPartShape!$B:$B,0)),"-") -> - | AA40: =IFERROR(INDEX(ShipPartShape!$A:$A,MATCH(Z40,ShipPartShape!$B:$B,0)),"-") -> - | AC40: =IFERROR(INDEX(ShipPartShape!$A:$A,MATCH(AB40,ShipPartShape!$B:$B,0)),"-") -> - | AE40: =IFERROR(INDEX(ShipPartShape!$A:$A,MATCH(AD40,ShipPartShape!$B:$B,0)),"-") -> - | AG40: =IFERROR(INDEX(ShipPartShape!$A:$A,MATCH(AF40,ShipPartShape!$B:$B,0)),"-") -> - | AI40: =IFERROR(INDEX(ShipPartShape!$A:$A,MATCH(AH40,ShipPartShape!$B:$B,0)),"-") -> - | AJ40: - | AK40: - | AL40: - | AM40: - | AN40: - | AO40: - | AP40: - | AQ40: - | AR40: - | AS40: - | AT40: - | AU40: 47600015 | AV40: - | AW40: - | AX40: -
A41: =A40+1 -> 45000031 | B41: 코그 레돈다 | C41: SK_Ship_CogBig_Body | D41: 코그레돈다흰색돛 | E41: 600 | F41: 100 | G41: 10 | H41: -30 | I41: =IFERROR(INDEX(ShipPartShape!$A:$A,MATCH(D41,ShipPartShape!$B:$B,0)),"-") -> 46000032 | J41: 서양램프_유럽3 | K41: =IFERROR(INDEX(ShipPartShape!$A:$A,MATCH(J41,ShipPartShape!$B:$B,0)),"-") -> 46700014 | L41: 대포_기본 | M41: =IFERROR(INDEX(ShipPartShape!$A:$A,MATCH(L41,ShipPartShape!$B:$B,0)),"-") -> 46300001 | O41: =IFERROR(INDEX(ShipPartShape!$A:$A,MATCH(N41,ShipPartShape!$B:$B,0)),"-") -> - | Q41: =IFERROR(INDEX(ShipPartShape!$A:$A,MATCH(P41,ShipPartShape!$B:$B,0)),"-") -> - | S41: =IFERROR(INDEX(ShipPartShape!$A:$A,MATCH(R41,ShipPartShape!$B:$B,0)),"-") -> - | T41: 선박외형장식_B | U41: =IFERROR(INDEX(ShipPartShape!$A:$A,MATCH(T41,ShipPartShape!$B:$B,0)),"-") -> 46600002 | V41: 선박외형장식_D | W41: =IFERROR(INDEX(ShipPartShape!$A:$A,MATCH(V41,ShipPartShape!$B:$B,0)),"-") -> 46600004 | X41: 선박외형장식_I | Y41: =IFERROR(INDEX(ShipPartShape!$A:$A,MATCH(X41,ShipPartShape!$B:$B,0)),"-") -> 46600009 | Z41: 선박외형장식_G | AA41: =IFERROR(INDEX(ShipPartShape!$A:$A,MATCH(Z41,ShipPartShape!$B:$B,0)),"-") -> 46600007 | AC41: =IFERROR(INDEX(ShipPartShape!$A:$A,MATCH(AB41,ShipPartShape!$B:$B,0)),"-") -> - | AE41: =IFERROR(INDEX(ShipPartShape!$A:$A,MATCH(AD41,ShipPartShape!$B:$B,0)),"-") -> - | AG41: =IFERROR(INDEX(ShipPartShape!$A:$A,MATCH(AF41,ShipPartShape!$B:$B,0)),"-") -> - | AI41: =IFERROR(INDEX(ShipPartShape!$A:$A,MATCH(AH41,ShipPartShape!$B:$B,0)),"-") -> - | AJ41: - | AK41: - | AL41: - | AM41: - | AN41: - | AO41: - | AP41: - | AQ41: - | AR41: - | AS41: - | AT41: - | AU41: 47600015 | AV41: - | AW41: - | AX41: -
A42: =A41+1 -> 45000032 | B42: 코그 레돈다_적선 | C42: SK_Ship_CogBig_Body | D42: 코그레돈다적색돛 | E42: 600 | F42: 100 | G42: - | H42: - | I42: =IFERROR(INDEX(ShipPartShape!$A:$A,MATCH(D42,ShipPartShape!$B:$B,0)),"-") -> 46000033 | J42: 대포_기본 | K42: =IFERROR(INDEX(ShipPartShape!$A:$A,MATCH(J42,ShipPartShape!$B:$B,0)),"-") -> 46300001 | L42: 램프_기본 | M42: =IFERROR(INDEX(ShipPartShape!$A:$A,MATCH(L42,ShipPartShape!$B:$B,0)),"-") -> 46700001 | O42: =IFERROR(INDEX(ShipPartShape!$A:$A,MATCH(N42,ShipPartShape!$B:$B,0)),"-") -> - | Q42: =IFERROR(INDEX(ShipPartShape!$A:$A,MATCH(P42,ShipPartShape!$B:$B,0)),"-") -> - | S42: =IFERROR(INDEX(ShipPartShape!$A:$A,MATCH(R42,ShipPartShape!$B:$B,0)),"-") -> - | U42: =IFERROR(INDEX(ShipPartShape!$A:$A,MATCH(T42,ShipPartShape!$B:$B,0)),"-") -> - | W42: =IFERROR(INDEX(ShipPartShape!$A:$A,MATCH(V42,ShipPartShape!$B:$B,0)),"-") -> - | Y42: =IFERROR(INDEX(ShipPartShape!$A:$A,MATCH(X42,ShipPartShape!$B:$B,0)),"-") -> - | AA42: =IFERROR(INDEX(ShipPartShape!$A:$A,MATCH(Z42,ShipPartShape!$B:$B,0)),"-") -> - | AC42: =IFERROR(INDEX(ShipPartShape!$A:$A,MATCH(AB42,ShipPartShape!$B:$B,0)),"-") -> - | AE42: =IFERROR(INDEX(ShipPartShape!$A:$A,MATCH(AD42,ShipPartShape!$B:$B,0)),"-") -> - | AG42: =IFERROR(INDEX(ShipPartShape!$A:$A,MATCH(AF42,ShipPartShape!$B:$B,0)),"-") -> - | AI42: =IFERROR(INDEX(ShipPartShape!$A:$A,MATCH(AH42,ShipPartShape!$B:$B,0)),"-") -> - | AJ42: - | AK42: - | AL42: - | AM42: - | AN42: - | AO42: - | AP42: - | AQ42: - | AR42: - | AS42: - | AT42: - | AU42: 47600015 | AV42: - | AW42: - | AX42: -
A43: =A42+1 -> 45000033 | B43: 코그 레돈다_유령선 | C43: SK_Ship_CogBig_Body | D43: 코그레돈다유령선돛 | E43: 600 | F43: 100 | G43: - | H43: - | I43: =IFERROR(INDEX(ShipPartShape!$A:$A,MATCH(D43,ShipPartShape!$B:$B,0)),"-") -> 46000034 | J43: 독수리상 | K43: =IFERROR(INDEX(ShipPartShape!$A:$A,MATCH(J43,ShipPartShape!$B:$B,0)),"-") -> 46100002 | L43: 충각_기본 | M43: =IFERROR(INDEX(ShipPartShape!$A:$A,MATCH(L43,ShipPartShape!$B:$B,0)),"-") -> 46200001 | N43: 대포_기본 | O43: =IFERROR(INDEX(ShipPartShape!$A:$A,MATCH(N43,ShipPartShape!$B:$B,0)),"-") -> 46300001 | Q43: =IFERROR(INDEX(ShipPartShape!$A:$A,MATCH(P43,ShipPartShape!$B:$B,0)),"-") -> - | S43: =IFERROR(INDEX(ShipPartShape!$A:$A,MATCH(R43,ShipPartShape!$B:$B,0)),"-") -> - | U43: =IFERROR(INDEX(ShipPartShape!$A:$A,MATCH(T43,ShipPartShape!$B:$B,0)),"-") -> - | W43: =IFERROR(INDEX(ShipPartShape!$A:$A,MATCH(V43,ShipPartShape!$B:$B,0)),"-") -> - | Y43: =IFERROR(INDEX(ShipPartShape!$A:$A,MATCH(X43,ShipPartShape!$B:$B,0)),"-") -> - | AA43: =IFERROR(INDEX(ShipPartShape!$A:$A,MATCH(Z43,ShipPartShape!$B:$B,0)),"-") -> - | AC43: =IFERROR(INDEX(ShipPartShape!$A:$A,MATCH(AB43,ShipPartShape!$B:$B,0)),"-") -> - | AE43: =IFERROR(INDEX(ShipPartShape!$A:$A,MATCH(AD43,ShipPartShape!$B:$B,0)),"-") -> - | AG43: =IFERROR(INDEX(ShipPartShape!$A:$A,MATCH(AF43,ShipPartShape!$B:$B,0)),"-") -> - | AI43: =IFERROR(INDEX(ShipPartShape!$A:$A,MATCH(AH43,ShipPartShape!$B:$B,0)),"-") -> - | AJ43: - | AK43: - | AL43: - | AM43: - | AN43: - | AO43: - | AP43: - | AQ43: - | AR43: - | AS43: - | AT43: - | AU43: 47600015 | AV43: - | AW43: - | AX43: -
A44: =A43+1 -> 45000034 | B44: 코그 레돈다2 | C44: SK_Ship_CogBig_Body | D44: 코그레돈다적백돛 | E44: 600 | F44: 100 | G44: - | H44: - | I44: =IFERROR(INDEX(ShipPartShape!$A:$A,MATCH(D44,ShipPartShape!$B:$B,0)),"-") -> 46000035 | J44: 충각_기본 | K44: =IFERROR(INDEX(ShipPartShape!$A:$A,MATCH(J44,ShipPartShape!$B:$B,0)),"-") -> 46200001 | L44: 대포_기본 | M44: =IFERROR(INDEX(ShipPartShape!$A:$A,MATCH(L44,ShipPartShape!$B:$B,0)),"-") -> 46300001 | N44: 램프_기본 | O44: =IFERROR(INDEX(ShipPartShape!$A:$A,MATCH(N44,ShipPartShape!$B:$B,0)),"-") -> 46700001 | Q44: =IFERROR(INDEX(ShipPartShape!$A:$A,MATCH(P44,ShipPartShape!$B:$B,0)),"-") -> - | S44: =IFERROR(INDEX(ShipPartShape!$A:$A,MATCH(R44,ShipPartShape!$B:$B,0)),"-") -> - | U44: =IFERROR(INDEX(ShipPartShape!$A:$A,MATCH(T44,ShipPartShape!$B:$B,0)),"-") -> - | W44: =IFERROR(INDEX(ShipPartShape!$A:$A,MATCH(V44,ShipPartShape!$B:$B,0)),"-") -> - | Y44: =IFERROR(INDEX(ShipPartShape!$A:$A,MATCH(X44,ShipPartShape!$B:$B,0)),"-") -> - | AA44: =IFERROR(INDEX(ShipPartShape!$A:$A,MATCH(Z44,ShipPartShape!$B:$B,0)),"-") -> - | AC44: =IFERROR(INDEX(ShipPartShape!$A:$A,MATCH(AB44,ShipPartShape!$B:$B,0)),"-") -> - | AE44: =IFERROR(INDEX(ShipPartShape!$A:$A,MATCH(AD44,ShipPartShape!$B:$B,0)),"-") -> - | AG44: =IFERROR(INDEX(ShipPartShape!$A:$A,MATCH(AF44,ShipPartShape!$B:$B,0)),"-") -> - | AI44: =IFERROR(INDEX(ShipPartShape!$A:$A,MATCH(AH44,ShipPartShape!$B:$B,0)),"-") -> - | AJ44: - | AK44: - | AL44: - | AM44: - | AN44: - | AO44: - | AP44: - | AQ44: - | AR44: - | AS44: - | AT44: - | AU44: 47600015 | AV44: - | AW44: - | AX44: -
A45: =A44+1 -> 45000035 | B45: 코그 레돈다3 | C45: SK_Ship_CogBig_Body | D45: 코그레돈다적흑돛 | E45: 600 | F45: 100 | G45: - | H45: - | I45: =IFERROR(INDEX(ShipPartShape!$A:$A,MATCH(D45,ShipPartShape!$B:$B,0)),"-") -> 46000036 | J45: 충각_기본 | K45: =IFERROR(INDEX(ShipPartShape!$A:$A,MATCH(J45,ShipPartShape!$B:$B,0)),"-") -> 46200001 | L45: 대포_기본 | M45: =IFERROR(INDEX(ShipPartShape!$A:$A,MATCH(L45,ShipPartShape!$B:$B,0)),"-") -> 46300001 | N45: 램프_기본 | O45: =IFERROR(INDEX(ShipPartShape!$A:$A,MATCH(N45,ShipPartShape!$B:$B,0)),"-") -> 46700001 | Q45: =IFERROR(INDEX(ShipPartShape!$A:$A,MATCH(P45,ShipPartShape!$B:$B,0)),"-") -> - | S45: =IFERROR(INDEX(ShipPartShape!$A:$A,MATCH(R45,ShipPartShape!$B:$B,0)),"-") -> - | U45: =IFERROR(INDEX(ShipPartShape!$A:$A,MATCH(T45,ShipPartShape!$B:$B,0)),"-") -> - | W45: =IFERROR(INDEX(ShipPartShape!$A:$A,MATCH(V45,ShipPartShape!$B:$B,0)),"-") -> - | Y45: =IFERROR(INDEX(ShipPartShape!$A:$A,MATCH(X45,ShipPartShape!$B:$B,0)),"-") -> - | AA45: =IFERROR(INDEX(ShipPartShape!$A:$A,MATCH(Z45,ShipPartShape!$B:$B,0)),"-") -> - | AC45: =IFERROR(INDEX(ShipPartShape!$A:$A,MATCH(AB45,ShipPartShape!$B:$B,0)),"-") -> - | AE45: =IFERROR(INDEX(ShipPartShape!$A:$A,MATCH(AD45,ShipPartShape!$B:$B,0)),"-") -> - | AG45: =IFERROR(INDEX(ShipPartShape!$A:$A,MATCH(AF45,ShipPartShape!$B:$B,0)),"-") -> - | AI45: =IFERROR(INDEX(ShipPartShape!$A:$A,MATCH(AH45,ShipPartShape!$B:$B,0)),"-") -> - | AJ45: - | AK45: - | AL45: - | AM45: - | AN45: - | AO45: - | AP45: - | AQ45: - | AR45: - | AS45: - | AT45: - | AU45: 47600015 | AV45: - | AW45: - | AX45: -
A46: =A45+1 -> 45000036 | B46: 코그 레돈다_해적1 | C46: SK_Ship_CogBig_Body | D46: 코그레돈다적흑돛_해골 | E46: 600 | F46: 100 | G46: - | H46: - | I46: =IFERROR(INDEX(ShipPartShape!$A:$A,MATCH(D46,ShipPartShape!$B:$B,0)),"-") -> 46000037 | J46: 충각_기본 | K46: =IFERROR(INDEX(ShipPartShape!$A:$A,MATCH(J46,ShipPartShape!$B:$B,0)),"-") -> 46200001 | L46: 대포_기본 | M46: =IFERROR(INDEX(ShipPartShape!$A:$A,MATCH(L46,ShipPartShape!$B:$B,0)),"-") -> 46300001 | N46: 램프_기본 | O46: =IFERROR(INDEX(ShipPartShape!$A:$A,MATCH(N46,ShipPartShape!$B:$B,0)),"-") -> 46700001 | Q46: =IFERROR(INDEX(ShipPartShape!$A:$A,MATCH(P46,ShipPartShape!$B:$B,0)),"-") -> - | S46: =IFERROR(INDEX(ShipPartShape!$A:$A,MATCH(R46,ShipPartShape!$B:$B,0)),"-") -> - | U46: =IFERROR(INDEX(ShipPartShape!$A:$A,MATCH(T46,ShipPartShape!$B:$B,0)),"-") -> - | W46: =IFERROR(INDEX(ShipPartShape!$A:$A,MATCH(V46,ShipPartShape!$B:$B,0)),"-") -> - | Y46: =IFERROR(INDEX(ShipPartShape!$A:$A,MATCH(X46,ShipPartShape!$B:$B,0)),"-") -> - | AA46: =IFERROR(INDEX(ShipPartShape!$A:$A,MATCH(Z46,ShipPartShape!$B:$B,0)),"-") -> - | AC46: =IFERROR(INDEX(ShipPartShape!$A:$A,MATCH(AB46,ShipPartShape!$B:$B,0)),"-") -> - | AE46: =IFERROR(INDEX(ShipPartShape!$A:$A,MATCH(AD46,ShipPartShape!$B:$B,0)),"-") -> - | AG46: =IFERROR(INDEX(ShipPartShape!$A:$A,MATCH(AF46,ShipPartShape!$B:$B,0)),"-") -> - | AI46: =IFERROR(INDEX(ShipPartShape!$A:$A,MATCH(AH46,ShipPartShape!$B:$B,0)),"-") -> - | AJ46: - | AK46: - | AL46: - | AM46: - | AN46: - | AO46: - | AP46: - | AQ46: - | AR46: - | AS46: - | AT46: - | AU46: 47600015 | AV46: - | AW46: - | AX46: -
A47: =A46+1 -> 45000037 | B47: 대형 갤리온_왕실 | C47: SK_Ship_LargeGalleon_Body | D47: 대형갤리온돛 | E47: 500 | F47: 200 | G47: 20 | H47: -40 | I47: =IFERROR(INDEX(ShipPartShape!$A:$A,MATCH(D47,ShipPartShape!$B:$B,0)),"-") -> 46000038 | J47: 황금램프_대형갤리온 | K47: =IFERROR(INDEX(ShipPartShape!$A:$A,MATCH(J47,ShipPartShape!$B:$B,0)),"-") -> 46700002 | L47: 구명보트 | M47: =IFERROR(INDEX(ShipPartShape!$A:$A,MATCH(L47,ShipPartShape!$B:$B,0)),"-") -> 46550001 | N47: 대포_기본 | O47: =IFERROR(INDEX(ShipPartShape!$A:$A,MATCH(N47,ShipPartShape!$B:$B,0)),"-") -> 46300001 | Q47: =IFERROR(INDEX(ShipPartShape!$A:$A,MATCH(P47,ShipPartShape!$B:$B,0)),"-") -> - | S47: =IFERROR(INDEX(ShipPartShape!$A:$A,MATCH(R47,ShipPartShape!$B:$B,0)),"-") -> - | U47: =IFERROR(INDEX(ShipPartShape!$A:$A,MATCH(T47,ShipPartShape!$B:$B,0)),"-") -> - | W47: =IFERROR(INDEX(ShipPartShape!$A:$A,MATCH(V47,ShipPartShape!$B:$B,0)),"-") -> - | Y47: =IFERROR(INDEX(ShipPartShape!$A:$A,MATCH(X47,ShipPartShape!$B:$B,0)),"-") -> - | AA47: =IFERROR(INDEX(ShipPartShape!$A:$A,MATCH(Z47,ShipPartShape!$B:$B,0)),"-") -> - | AC47: =IFERROR(INDEX(ShipPartShape!$A:$A,MATCH(AB47,ShipPartShape!$B:$B,0)),"-") -> - | AE47: =IFERROR(INDEX(ShipPartShape!$A:$A,MATCH(AD47,ShipPartShape!$B:$B,0)),"-") -> - | AG47: =IFERROR(INDEX(ShipPartShape!$A:$A,MATCH(AF47,ShipPartShape!$B:$B,0)),"-") -> - | AI47: =IFERROR(INDEX(ShipPartShape!$A:$A,MATCH(AH47,ShipPartShape!$B:$B,0)),"-") -> - | AJ47: - | AK47: - | AL47: - | AM47: - | AN47: - | AO47: - | AP47: - | AQ47: - | AR47: - | AS47: - | AT47: - | AU47: 47600017 | AV47: - | AW47: - | AX47: -
A48: =A47+1 -> 45000038 | B48: 대형 갤리온 | C48: SK_Ship_Galleon_Body | D48: 대형갤리온돛 | E48: 500 | F48: 200 | G48: 20 | H48: -40 | I48: =IFERROR(INDEX(ShipPartShape!$A:$A,MATCH(D48,ShipPartShape!$B:$B,0)),"-") -> 46000038 | J48: 황금램프_대형갤리온 | K48: =IFERROR(INDEX(ShipPartShape!$A:$A,MATCH(J48,ShipPartShape!$B:$B,0)),"-") -> 46700002 | L48: 구명보트 | M48: =IFERROR(INDEX(ShipPartShape!$A:$A,MATCH(L48,ShipPartShape!$B:$B,0)),"-") -> 46550001 | N48: 대포_기본 | O48: =IFERROR(INDEX(ShipPartShape!$A:$A,MATCH(N48,ShipPartShape!$B:$B,0)),"-") -> 46300001 | Q48: =IFERROR(INDEX(ShipPartShape!$A:$A,MATCH(P48,ShipPartShape!$B:$B,0)),"-") -> - | S48: =IFERROR(INDEX(ShipPartShape!$A:$A,MATCH(R48,ShipPartShape!$B:$B,0)),"-") -> - | U48: =IFERROR(INDEX(ShipPartShape!$A:$A,MATCH(T48,ShipPartShape!$B:$B,0)),"-") -> - | W48: =IFERROR(INDEX(ShipPartShape!$A:$A,MATCH(V48,ShipPartShape!$B:$B,0)),"-") -> - | Y48: =IFERROR(INDEX(ShipPartShape!$A:$A,MATCH(X48,ShipPartShape!$B:$B,0)),"-") -> - | AA48: =IFERROR(INDEX(ShipPartShape!$A:$A,MATCH(Z48,ShipPartShape!$B:$B,0)),"-") -> - | AC48: =IFERROR(INDEX(ShipPartShape!$A:$A,MATCH(AB48,ShipPartShape!$B:$B,0)),"-") -> - | AE48: =IFERROR(INDEX(ShipPartShape!$A:$A,MATCH(AD48,ShipPartShape!$B:$B,0)),"-") -> - | AG48: =IFERROR(INDEX(ShipPartShape!$A:$A,MATCH(AF48,ShipPartShape!$B:$B,0)),"-") -> - | AI48: =IFERROR(INDEX(ShipPartShape!$A:$A,MATCH(AH48,ShipPartShape!$B:$B,0)),"-") -> - | AJ48: - | AK48: - | AL48: - | AM48: - | AN48: - | AO48: - | AP48: - | AQ48: - | AR48: - | AS48: - | AT48: - | AU48: 47600017 | AV48: - | AW48: - | AX48: -
A49: =A48+1 -> 45000039 | B49: 타렛테 | C49: SK_Ship_Talette_Body | D49: 바르카3흰색돛 | E49: 600 | F49: 100 | G49: 10 | H49: -10 | I49: =IFERROR(INDEX(ShipPartShape!$A:$A,MATCH(D49,ShipPartShape!$B:$B,0)),"-") -> 46000008 | J49: 램프_기본 | K49: =IFERROR(INDEX(ShipPartShape!$A:$A,MATCH(J49,ShipPartShape!$B:$B,0)),"-") -> 46700001 | L49: 대포_기본 | M49: =IFERROR(INDEX(ShipPartShape!$A:$A,MATCH(L49,ShipPartShape!$B:$B,0)),"-") -> 46300001 | O49: =IFERROR(INDEX(ShipPartShape!$A:$A,MATCH(N49,ShipPartShape!$B:$B,0)),"-") -> - | Q49: =IFERROR(INDEX(ShipPartShape!$A:$A,MATCH(P49,ShipPartShape!$B:$B,0)),"-") -> - | S49: =IFERROR(INDEX(ShipPartShape!$A:$A,MATCH(R49,ShipPartShape!$B:$B,0)),"-") -> - | T49: 선박외형장식_B | U49: =IFERROR(INDEX(ShipPartShape!$A:$A,MATCH(T49,ShipPartShape!$B:$B,0)),"-") -> 46600002 | V49: 선박외형장식_I | W49: =IFERROR(INDEX(ShipPartShape!$A:$A,MATCH(V49,ShipPartShape!$B:$B,0)),"-") -> 46600009 | X49: 선박외형장식_C | Y49: =IFERROR(INDEX(ShipPartShape!$A:$A,MATCH(X49,ShipPartShape!$B:$B,0)),"-") -> 46600003 | Z49: 선박외형장식_G | AA49: =IFERROR(INDEX(ShipPartShape!$A:$A,MATCH(Z49,ShipPartShape!$B:$B,0)),"-") -> 46600007 | AC49: =IFERROR(INDEX(ShipPartShape!$A:$A,MATCH(AB49,ShipPartShape!$B:$B,0)),"-") -> - | AE49: =IFERROR(INDEX(ShipPartShape!$A:$A,MATCH(AD49,ShipPartShape!$B:$B,0)),"-") -> - | AG49: =IFERROR(INDEX(ShipPartShape!$A:$A,MATCH(AF49,ShipPartShape!$B:$B,0)),"-") -> - | AI49: =IFERROR(INDEX(ShipPartShape!$A:$A,MATCH(AH49,ShipPartShape!$B:$B,0)),"-") -> - | AJ49: - | AK49: - | AL49: - | AM49: - | AN49: - | AO49: - | AP49: - | AQ49: - | AR49: - | AS49: - | AT49: - | AU49: 47600014 | AV49: - | AW49: - | AX49: -
A50: =A49+1 -> 45000040 | B50: 타렛테_삼각 | C50: SK_Ship_Talette_Body | D50: 바르카3흰색돛 | E50: 600 | F50: 100 | G50: - | H50: - | I50: =IFERROR(INDEX(ShipPartShape!$A:$A,MATCH(D50,ShipPartShape!$B:$B,0)),"-") -> 46000008 | J50: 램프_기본 | K50: =IFERROR(INDEX(ShipPartShape!$A:$A,MATCH(J50,ShipPartShape!$B:$B,0)),"-") -> 46700001 | L50: 대포_기본 | M50: =IFERROR(INDEX(ShipPartShape!$A:$A,MATCH(L50,ShipPartShape!$B:$B,0)),"-") -> 46300001 | O50: =IFERROR(INDEX(ShipPartShape!$A:$A,MATCH(N50,ShipPartShape!$B:$B,0)),"-") -> - | Q50: =IFERROR(INDEX(ShipPartShape!$A:$A,MATCH(P50,ShipPartShape!$B:$B,0)),"-") -> - | S50: =IFERROR(INDEX(ShipPartShape!$A:$A,MATCH(R50,ShipPartShape!$B:$B,0)),"-") -> - | U50: =IFERROR(INDEX(ShipPartShape!$A:$A,MATCH(T50,ShipPartShape!$B:$B,0)),"-") -> - | W50: =IFERROR(INDEX(ShipPartShape!$A:$A,MATCH(V50,ShipPartShape!$B:$B,0)),"-") -> - | Y50: =IFERROR(INDEX(ShipPartShape!$A:$A,MATCH(X50,ShipPartShape!$B:$B,0)),"-") -> - | AA50: =IFERROR(INDEX(ShipPartShape!$A:$A,MATCH(Z50,ShipPartShape!$B:$B,0)),"-") -> - | AC50: =IFERROR(INDEX(ShipPartShape!$A:$A,MATCH(AB50,ShipPartShape!$B:$B,0)),"-") -> - | AE50: =IFERROR(INDEX(ShipPartShape!$A:$A,MATCH(AD50,ShipPartShape!$B:$B,0)),"-") -> - | AG50: =IFERROR(INDEX(ShipPartShape!$A:$A,MATCH(AF50,ShipPartShape!$B:$B,0)),"-") -> - | AI50: =IFERROR(INDEX(ShipPartShape!$A:$A,MATCH(AH50,ShipPartShape!$B:$B,0)),"-") -> - | AJ50: - | AK50: - | AL50: - | AM50: - | AN50: - | AO50: - | AP50: - | AQ50: - | AR50: - | AS50: - | AT50: - | AU50: 47600014 | AV50: - | AW50: - | AX50: -
A51: =A50+1 -> 45000041 | B51: 타렛테_사각 | C51: SK_Ship_Talette_Body | D51: 바르카4흰색돛 | E51: 600 | F51: 100 | G51: - | H51: - | I51: =IFERROR(INDEX(ShipPartShape!$A:$A,MATCH(D51,ShipPartShape!$B:$B,0)),"-") -> 46000014 | J51: 램프_기본 | K51: =IFERROR(INDEX(ShipPartShape!$A:$A,MATCH(J51,ShipPartShape!$B:$B,0)),"-") -> 46700001 | L51: 대포_기본 | M51: =IFERROR(INDEX(ShipPartShape!$A:$A,MATCH(L51,ShipPartShape!$B:$B,0)),"-") -> 46300001 | O51: =IFERROR(INDEX(ShipPartShape!$A:$A,MATCH(N51,ShipPartShape!$B:$B,0)),"-") -> - | Q51: =IFERROR(INDEX(ShipPartShape!$A:$A,MATCH(P51,ShipPartShape!$B:$B,0)),"-") -> - | S51: =IFERROR(INDEX(ShipPartShape!$A:$A,MATCH(R51,ShipPartShape!$B:$B,0)),"-") -> - | U51: =IFERROR(INDEX(ShipPartShape!$A:$A,MATCH(T51,ShipPartShape!$B:$B,0)),"-") -> - | W51: =IFERROR(INDEX(ShipPartShape!$A:$A,MATCH(V51,ShipPartShape!$B:$B,0)),"-") -> - | Y51: =IFERROR(INDEX(ShipPartShape!$A:$A,MATCH(X51,ShipPartShape!$B:$B,0)),"-") -> - | AA51: =IFERROR(INDEX(ShipPartShape!$A:$A,MATCH(Z51,ShipPartShape!$B:$B,0)),"-") -> - | AC51: =IFERROR(INDEX(ShipPartShape!$A:$A,MATCH(AB51,ShipPartShape!$B:$B,0)),"-") -> - | AE51: =IFERROR(INDEX(ShipPartShape!$A:$A,MATCH(AD51,ShipPartShape!$B:$B,0)),"-") -> - | AG51: =IFERROR(INDEX(ShipPartShape!$A:$A,MATCH(AF51,ShipPartShape!$B:$B,0)),"-") -> - | AI51: =IFERROR(INDEX(ShipPartShape!$A:$A,MATCH(AH51,ShipPartShape!$B:$B,0)),"-") -> - | AJ51: - | AK51: - | AL51: - | AM51: - | AN51: - | AO51: - | AP51: - | AQ51: - | AR51: - | AS51: - | AT51: - | AU51: 47600014 | AV51: - | AW51: - | AX51: -
A52: =A51+1 -> 45000042 | B52: 캐러벨 라티나 | C52: SK_Ship_CaravelSmall_Body | D52: 소형캐러벨라티나돛 | E52: 700 | F52: 100 | G52: 10 | H52: -30 | I52: =IFERROR(INDEX(ShipPartShape!$A:$A,MATCH(D52,ShipPartShape!$B:$B,0)),"-") -> 46000039 | J52: 램프_기본 | K52: =IFERROR(INDEX(ShipPartShape!$A:$A,MATCH(J52,ShipPartShape!$B:$B,0)),"-") -> 46700001 | L52: 대포_기본 | M52: =IFERROR(INDEX(ShipPartShape!$A:$A,MATCH(L52,ShipPartShape!$B:$B,0)),"-") -> 46300001 | O52: =IFERROR(INDEX(ShipPartShape!$A:$A,MATCH(N52,ShipPartShape!$B:$B,0)),"-") -> - | Q52: =IFERROR(INDEX(ShipPartShape!$A:$A,MATCH(P52,ShipPartShape!$B:$B,0)),"-") -> - | S52: =IFERROR(INDEX(ShipPartShape!$A:$A,MATCH(R52,ShipPartShape!$B:$B,0)),"-") -> - | T52: 선박외형장식_B | U52: =IFERROR(INDEX(ShipPartShape!$A:$A,MATCH(T52,ShipPartShape!$B:$B,0)),"-") -> 46600002 | V52: 선박외형장식_C | W52: =IFERROR(INDEX(ShipPartShape!$A:$A,MATCH(V52,ShipPartShape!$B:$B,0)),"-") -> 46600003 | X52: 선박외형장식_E | Y52: =IFERROR(INDEX(ShipPartShape!$A:$A,MATCH(X52,ShipPartShape!$B:$B,0)),"-") -> 46600005 | Z52: 선박외형장식_K | AA52: =IFERROR(INDEX(ShipPartShape!$A:$A,MATCH(Z52,ShipPartShape!$B:$B,0)),"-") -> 46600011 | AC52: =IFERROR(INDEX(ShipPartShape!$A:$A,MATCH(AB52,ShipPartShape!$B:$B,0)),"-") -> - | AE52: =IFERROR(INDEX(ShipPartShape!$A:$A,MATCH(AD52,ShipPartShape!$B:$B,0)),"-") -> - | AG52: =IFERROR(INDEX(ShipPartShape!$A:$A,MATCH(AF52,ShipPartShape!$B:$B,0)),"-") -> - | AI52: =IFERROR(INDEX(ShipPartShape!$A:$A,MATCH(AH52,ShipPartShape!$B:$B,0)),"-") -> - | AJ52: - | AK52: - | AL52: - | AM52: - | AN52: - | AO52: - | AP52: - | AQ52: - | AR52: - | AS52: - | AT52: - | AU52: 47600015 | AV52: - | AW52: - | AX52: -
A53: =A52+1 -> 45000043 | B53: 캐러벨 레돈다 | C53: SK_Ship_CaravelSmall_Body | D53: 소형캐러벨레돈다돛 | E53: 700 | F53: 100 | G53: 10 | H53: -30 | I53: =IFERROR(INDEX(ShipPartShape!$A:$A,MATCH(D53,ShipPartShape!$B:$B,0)),"-") -> 46000040 | J53: 서양램프_유럽3 | K53: =IFERROR(INDEX(ShipPartShape!$A:$A,MATCH(J53,ShipPartShape!$B:$B,0)),"-") -> 46700014 | L53: 대포_기본 | M53: =IFERROR(INDEX(ShipPartShape!$A:$A,MATCH(L53,ShipPartShape!$B:$B,0)),"-") -> 46300001 | O53: =IFERROR(INDEX(ShipPartShape!$A:$A,MATCH(N53,ShipPartShape!$B:$B,0)),"-") -> - | Q53: =IFERROR(INDEX(ShipPartShape!$A:$A,MATCH(P53,ShipPartShape!$B:$B,0)),"-") -> - | S53: =IFERROR(INDEX(ShipPartShape!$A:$A,MATCH(R53,ShipPartShape!$B:$B,0)),"-") -> - | T53: 선박외형장식_B | U53: =IFERROR(INDEX(ShipPartShape!$A:$A,MATCH(T53,ShipPartShape!$B:$B,0)),"-") -> 46600002 | V53: 선박외형장식_C | W53: =IFERROR(INDEX(ShipPartShape!$A:$A,MATCH(V53,ShipPartShape!$B:$B,0)),"-") -> 46600003 | X53: 선박외형장식_E | Y53: =IFERROR(INDEX(ShipPartShape!$A:$A,MATCH(X53,ShipPartShape!$B:$B,0)),"-") -> 46600005 | Z53: 선박외형장식_K | AA53: =IFERROR(INDEX(ShipPartShape!$A:$A,MATCH(Z53,ShipPartShape!$B:$B,0)),"-") -> 46600011 | AC53: =IFERROR(INDEX(ShipPartShape!$A:$A,MATCH(AB53,ShipPartShape!$B:$B,0)),"-") -> - | AE53: =IFERROR(INDEX(ShipPartShape!$A:$A,MATCH(AD53,ShipPartShape!$B:$B,0)),"-") -> - | AG53: =IFERROR(INDEX(ShipPartShape!$A:$A,MATCH(AF53,ShipPartShape!$B:$B,0)),"-") -> - | AI53: =IFERROR(INDEX(ShipPartShape!$A:$A,MATCH(AH53,ShipPartShape!$B:$B,0)),"-") -> - | AJ53: - | AK53: - | AL53: - | AM53: - | AN53: - | AO53: - | AP53: - | AQ53: - | AR53: - | AS53: - | AT53: - | AU53: 47600015 | AV53: - | AW53: - | AX53: -
A54: =A53+1 -> 45000044 | B54: 슬루프 | C54: SK_Ship_Sloop_Body | D54: 슬로프돛 | E54: 600 | F54: 100 | G54: 20 | H54: -40 | I54: =IFERROR(INDEX(ShipPartShape!$A:$A,MATCH(D54,ShipPartShape!$B:$B,0)),"-") -> 46000041 | J54: 램프_기본 | K54: =IFERROR(INDEX(ShipPartShape!$A:$A,MATCH(J54,ShipPartShape!$B:$B,0)),"-") -> 46700001 | L54: 대포_기본 | M54: =IFERROR(INDEX(ShipPartShape!$A:$A,MATCH(L54,ShipPartShape!$B:$B,0)),"-") -> 46300001 | O54: =IFERROR(INDEX(ShipPartShape!$A:$A,MATCH(N54,ShipPartShape!$B:$B,0)),"-") -> - | Q54: =IFERROR(INDEX(ShipPartShape!$A:$A,MATCH(P54,ShipPartShape!$B:$B,0)),"-") -> - | S54: =IFERROR(INDEX(ShipPartShape!$A:$A,MATCH(R54,ShipPartShape!$B:$B,0)),"-") -> - | T54: 선박외형장식_D | U54: =IFERROR(INDEX(ShipPartShape!$A:$A,MATCH(T54,ShipPartShape!$B:$B,0)),"-") -> 46600004 | V54: 선박외형장식_G | W54: =IFERROR(INDEX(ShipPartShape!$A:$A,MATCH(V54,ShipPartShape!$B:$B,0)),"-") -> 46600007 | X54: 선박외형장식_J | Y54: =IFERROR(INDEX(ShipPartShape!$A:$A,MATCH(X54,ShipPartShape!$B:$B,0)),"-") -> 46600010 | AA54: =IFERROR(INDEX(ShipPartShape!$A:$A,MATCH(Z54,ShipPartShape!$B:$B,0)),"-") -> - | AC54: =IFERROR(INDEX(ShipPartShape!$A:$A,MATCH(AB54,ShipPartShape!$B:$B,0)),"-") -> - | AE54: =IFERROR(INDEX(ShipPartShape!$A:$A,MATCH(AD54,ShipPartShape!$B:$B,0)),"-") -> - | AG54: =IFERROR(INDEX(ShipPartShape!$A:$A,MATCH(AF54,ShipPartShape!$B:$B,0)),"-") -> - | AI54: =IFERROR(INDEX(ShipPartShape!$A:$A,MATCH(AH54,ShipPartShape!$B:$B,0)),"-") -> - | AJ54: - | AK54: - | AL54: - | AM54: - | AN54: - | AO54: - | AP54: - | AQ54: - | AR54: - | AS54: - | AT54: - | AU54: 47600015 | AV54: - | AW54: - | AX54: -
A55: =A54+1 -> 45000045 | B55: 커터 | C55: SK_Ship_Cutter_Body | D55: 커터돛 | E55: 600 | F55: 100 | G55: 20 | H55: -40 | I55: =IFERROR(INDEX(ShipPartShape!$A:$A,MATCH(D55,ShipPartShape!$B:$B,0)),"-") -> 46000042 | J55: 램프_기본 | K55: =IFERROR(INDEX(ShipPartShape!$A:$A,MATCH(J55,ShipPartShape!$B:$B,0)),"-") -> 46700001 | L55: 대포_기본 | M55: =IFERROR(INDEX(ShipPartShape!$A:$A,MATCH(L55,ShipPartShape!$B:$B,0)),"-") -> 46300001 | O55: =IFERROR(INDEX(ShipPartShape!$A:$A,MATCH(N55,ShipPartShape!$B:$B,0)),"-") -> - | Q55: =IFERROR(INDEX(ShipPartShape!$A:$A,MATCH(P55,ShipPartShape!$B:$B,0)),"-") -> - | S55: =IFERROR(INDEX(ShipPartShape!$A:$A,MATCH(R55,ShipPartShape!$B:$B,0)),"-") -> - | T55: 선박외형장식_A | U55: =IFERROR(INDEX(ShipPartShape!$A:$A,MATCH(T55,ShipPartShape!$B:$B,0)),"-") -> 46600001 | V55: 선박외형장식_B | W55: =IFERROR(INDEX(ShipPartShape!$A:$A,MATCH(V55,ShipPartShape!$B:$B,0)),"-") -> 46600002 | X55: 선박외형장식_E | Y55: =IFERROR(INDEX(ShipPartShape!$A:$A,MATCH(X55,ShipPartShape!$B:$B,0)),"-") -> 46600005 | Z55: 선박외형장식_K | AA55: =IFERROR(INDEX(ShipPartShape!$A:$A,MATCH(Z55,ShipPartShape!$B:$B,0)),"-") -> 46600011 | AC55: =IFERROR(INDEX(ShipPartShape!$A:$A,MATCH(AB55,ShipPartShape!$B:$B,0)),"-") -> - | AE55: =IFERROR(INDEX(ShipPartShape!$A:$A,MATCH(AD55,ShipPartShape!$B:$B,0)),"-") -> - | AG55: =IFERROR(INDEX(ShipPartShape!$A:$A,MATCH(AF55,ShipPartShape!$B:$B,0)),"-") -> - | AI55: =IFERROR(INDEX(ShipPartShape!$A:$A,MATCH(AH55,ShipPartShape!$B:$B,0)),"-") -> - | AJ55: - | AK55: - | AL55: - | AM55: - | AN55: - | AO55: - | AP55: - | AQ55: - | AR55: - | AS55: - | AT55: - | AU55: 47600015 | AV55: - | AW55: - | AX55: -
A56: =A55+1 -> 45000046 | B56: 브리간틴 | C56: SK_Ship_Bergantin_Body | D56: 브리간틴돛 | E56: 600 | F56: 100 | G56: 20 | H56: -40 | I56: =IFERROR(INDEX(ShipPartShape!$A:$A,MATCH(D56,ShipPartShape!$B:$B,0)),"-") -> 46000043 | J56: 램프_기본 | K56: =IFERROR(INDEX(ShipPartShape!$A:$A,MATCH(J56,ShipPartShape!$B:$B,0)),"-") -> 46700001 | L56: 대포_기본 | M56: =IFERROR(INDEX(ShipPartShape!$A:$A,MATCH(L56,ShipPartShape!$B:$B,0)),"-") -> 46300001 | O56: =IFERROR(INDEX(ShipPartShape!$A:$A,MATCH(N56,ShipPartShape!$B:$B,0)),"-") -> - | Q56: =IFERROR(INDEX(ShipPartShape!$A:$A,MATCH(P56,ShipPartShape!$B:$B,0)),"-") -> - | S56: =IFERROR(INDEX(ShipPartShape!$A:$A,MATCH(R56,ShipPartShape!$B:$B,0)),"-") -> - | T56: 선박외형장식_B | U56: =IFERROR(INDEX(ShipPartShape!$A:$A,MATCH(T56,ShipPartShape!$B:$B,0)),"-") -> 46600002 | V56: 선박외형장식_C | W56: =IFERROR(INDEX(ShipPartShape!$A:$A,MATCH(V56,ShipPartShape!$B:$B,0)),"-") -> 46600003 | X56: 선박외형장식_F | Y56: =IFERROR(INDEX(ShipPartShape!$A:$A,MATCH(X56,ShipPartShape!$B:$B,0)),"-") -> 46600006 | Z56: 선박외형장식_G | AA56: =IFERROR(INDEX(ShipPartShape!$A:$A,MATCH(Z56,ShipPartShape!$B:$B,0)),"-") -> 46600007 | AC56: =IFERROR(INDEX(ShipPartShape!$A:$A,MATCH(AB56,ShipPartShape!$B:$B,0)),"-") -> - | AE56: =IFERROR(INDEX(ShipPartShape!$A:$A,MATCH(AD56,ShipPartShape!$B:$B,0)),"-") -> - | AG56: =IFERROR(INDEX(ShipPartShape!$A:$A,MATCH(AF56,ShipPartShape!$B:$B,0)),"-") -> - | AI56: =IFERROR(INDEX(ShipPartShape!$A:$A,MATCH(AH56,ShipPartShape!$B:$B,0)),"-") -> - | AJ56: - | AK56: - | AL56: - | AM56: - | AN56: - | AO56: - | AP56: - | AQ56: - | AR56: - | AS56: - | AT56: - | AU56: 47600015 | AV56: - | AW56: - | AX56: -
A57: =A56+1 -> 45000047 | B57: 나오 | C57: SK_Ship_Nao_body | D57: 나오돛 | E57: 600 | F57: 100 | G57: 20 | H57: -40 | I57: =IFERROR(INDEX(ShipPartShape!$A:$A,MATCH(D57,ShipPartShape!$B:$B,0)),"-") -> 46000044 | J57: 서양램프_유럽3 | K57: =IFERROR(INDEX(ShipPartShape!$A:$A,MATCH(J57,ShipPartShape!$B:$B,0)),"-") -> 46700014 | L57: 대포_기본 | M57: =IFERROR(INDEX(ShipPartShape!$A:$A,MATCH(L57,ShipPartShape!$B:$B,0)),"-") -> 46300001 | O57: =IFERROR(INDEX(ShipPartShape!$A:$A,MATCH(N57,ShipPartShape!$B:$B,0)),"-") -> - | Q57: =IFERROR(INDEX(ShipPartShape!$A:$A,MATCH(P57,ShipPartShape!$B:$B,0)),"-") -> - | S57: =IFERROR(INDEX(ShipPartShape!$A:$A,MATCH(R57,ShipPartShape!$B:$B,0)),"-") -> - | T57: 선박외형장식_B | U57: =IFERROR(INDEX(ShipPartShape!$A:$A,MATCH(T57,ShipPartShape!$B:$B,0)),"-") -> 46600002 | V57: 선박외형장식_E | W57: =IFERROR(INDEX(ShipPartShape!$A:$A,MATCH(V57,ShipPartShape!$B:$B,0)),"-") -> 46600005 | X57: 선박외형장식_D | Y57: =IFERROR(INDEX(ShipPartShape!$A:$A,MATCH(X57,ShipPartShape!$B:$B,0)),"-") -> 46600004 | Z57: 선박외형장식_I | AA57: =IFERROR(INDEX(ShipPartShape!$A:$A,MATCH(Z57,ShipPartShape!$B:$B,0)),"-") -> 46600009 | AB57: 선박외형장식_F | AC57: =IFERROR(INDEX(ShipPartShape!$A:$A,MATCH(AB57,ShipPartShape!$B:$B,0)),"-") -> 46600006 | AE57: =IFERROR(INDEX(ShipPartShape!$A:$A,MATCH(AD57,ShipPartShape!$B:$B,0)),"-") -> - | AG57: =IFERROR(INDEX(ShipPartShape!$A:$A,MATCH(AF57,ShipPartShape!$B:$B,0)),"-") -> - | AI57: =IFERROR(INDEX(ShipPartShape!$A:$A,MATCH(AH57,ShipPartShape!$B:$B,0)),"-") -> - | AJ57: - | AK57: - | AL57: - | AM57: - | AN57: - | AO57: - | AP57: - | AQ57: - | AR57: - | AS57: - | AT57: - | AU57: 47600016 | AV57: - | AW57: - | AX57: -
A58: =A57+1 -> 45000048 | B58: 바스 | C58: SK_Ship_Buss_body | D58: 바스돛 | E58: 600 | F58: 100 | G58: 20 | H58: -40 | I58: =IFERROR(INDEX(ShipPartShape!$A:$A,MATCH(D58,ShipPartShape!$B:$B,0)),"-") -> 46000045 | J58: 램프_기본 | K58: =IFERROR(INDEX(ShipPartShape!$A:$A,MATCH(J58,ShipPartShape!$B:$B,0)),"-") -> 46700001 | L58: 대포_기본 | M58: =IFERROR(INDEX(ShipPartShape!$A:$A,MATCH(L58,ShipPartShape!$B:$B,0)),"-") -> 46300001 | O58: =IFERROR(INDEX(ShipPartShape!$A:$A,MATCH(N58,ShipPartShape!$B:$B,0)),"-") -> - | Q58: =IFERROR(INDEX(ShipPartShape!$A:$A,MATCH(P58,ShipPartShape!$B:$B,0)),"-") -> - | S58: =IFERROR(INDEX(ShipPartShape!$A:$A,MATCH(R58,ShipPartShape!$B:$B,0)),"-") -> - | T58: 선박외형장식_B | U58: =IFERROR(INDEX(ShipPartShape!$A:$A,MATCH(T58,ShipPartShape!$B:$B,0)),"-") -> 46600002 | V58: 선박외형장식_D | W58: =IFERROR(INDEX(ShipPartShape!$A:$A,MATCH(V58,ShipPartShape!$B:$B,0)),"-") -> 46600004 | X58: 선박외형장식_J | Y58: =IFERROR(INDEX(ShipPartShape!$A:$A,MATCH(X58,ShipPartShape!$B:$B,0)),"-") -> 46600010 | Z58: 선박외형장식_I | AA58: =IFERROR(INDEX(ShipPartShape!$A:$A,MATCH(Z58,ShipPartShape!$B:$B,0)),"-") -> 46600009 | AC58: =IFERROR(INDEX(ShipPartShape!$A:$A,MATCH(AB58,ShipPartShape!$B:$B,0)),"-") -> - | AE58: =IFERROR(INDEX(ShipPartShape!$A:$A,MATCH(AD58,ShipPartShape!$B:$B,0)),"-") -> - | AG58: =IFERROR(INDEX(ShipPartShape!$A:$A,MATCH(AF58,ShipPartShape!$B:$B,0)),"-") -> - | AI58: =IFERROR(INDEX(ShipPartShape!$A:$A,MATCH(AH58,ShipPartShape!$B:$B,0)),"-") -> - | AJ58: - | AK58: - | AL58: - | AM58: - | AN58: - | AO58: - | AP58: - | AQ58: - | AR58: - | AS58: - | AT58: - | AU58: 47600016 | AV58: - | AW58: - | AX58: -
A59: =A58+1 -> 45000049 | B59: 오스만 갤리 | C59: SK_Ship_Osmangalley_Body | D59: 오스만겔리돛 | E59: 600 | F59: 100 | G59: 20 | H59: -20 | I59: =IFERROR(INDEX(ShipPartShape!$A:$A,MATCH(D59,ShipPartShape!$B:$B,0)),"-") -> 46000046 | J59: 서양램프_이슬람3 | K59: =IFERROR(INDEX(ShipPartShape!$A:$A,MATCH(J59,ShipPartShape!$B:$B,0)),"-") -> 46700017 | L59: 오스만겔리노 | M59: =IFERROR(INDEX(ShipPartShape!$A:$A,MATCH(L59,ShipPartShape!$B:$B,0)),"-") -> 46500001 | O59: =IFERROR(INDEX(ShipPartShape!$A:$A,MATCH(N59,ShipPartShape!$B:$B,0)),"-") -> - | Q59: =IFERROR(INDEX(ShipPartShape!$A:$A,MATCH(P59,ShipPartShape!$B:$B,0)),"-") -> - | S59: =IFERROR(INDEX(ShipPartShape!$A:$A,MATCH(R59,ShipPartShape!$B:$B,0)),"-") -> - | T59: 선박외형장식_A | U59: =IFERROR(INDEX(ShipPartShape!$A:$A,MATCH(T59,ShipPartShape!$B:$B,0)),"-") -> 46600001 | V59: 선박외형장식_D | W59: =IFERROR(INDEX(ShipPartShape!$A:$A,MATCH(V59,ShipPartShape!$B:$B,0)),"-") -> 46600004 | X59: 선박외형장식_K | Y59: =IFERROR(INDEX(ShipPartShape!$A:$A,MATCH(X59,ShipPartShape!$B:$B,0)),"-") -> 46600011 | AA59: =IFERROR(INDEX(ShipPartShape!$A:$A,MATCH(Z59,ShipPartShape!$B:$B,0)),"-") -> - | AC59: =IFERROR(INDEX(ShipPartShape!$A:$A,MATCH(AB59,ShipPartShape!$B:$B,0)),"-") -> - | AE59: =IFERROR(INDEX(ShipPartShape!$A:$A,MATCH(AD59,ShipPartShape!$B:$B,0)),"-") -> - | AG59: =IFERROR(INDEX(ShipPartShape!$A:$A,MATCH(AF59,ShipPartShape!$B:$B,0)),"-") -> - | AI59: =IFERROR(INDEX(ShipPartShape!$A:$A,MATCH(AH59,ShipPartShape!$B:$B,0)),"-") -> - | AJ59: - | AK59: - | AL59: - | AM59: - | AN59: - | AO59: - | AP59: - | AQ59: - | AR59: - | AS59: - | AT59: - | AU59: 47600016 | AV59: - | AW59: - | AX59: -
A60: =A59+1 -> 45000050 | B60: 판옥선 | C60: SK_Ship_PanOkSeon_Body | D60: 판옥선돛 | E60: 700 | F60: 150 | G60: 20 | H60: -40 | I60: =IFERROR(INDEX(ShipPartShape!$A:$A,MATCH(D60,ShipPartShape!$B:$B,0)),"-") -> 46000047 | J60: 동양램프_한국1 | K60: =IFERROR(INDEX(ShipPartShape!$A:$A,MATCH(J60,ShipPartShape!$B:$B,0)),"-") -> 46700004 | L60: 판옥선노 | M60: =IFERROR(INDEX(ShipPartShape!$A:$A,MATCH(L60,ShipPartShape!$B:$B,0)),"-") -> 46500002 | N60: 대포_기본 | O60: =IFERROR(INDEX(ShipPartShape!$A:$A,MATCH(N60,ShipPartShape!$B:$B,0)),"-") -> 46300001 | Q60: =IFERROR(INDEX(ShipPartShape!$A:$A,MATCH(P60,ShipPartShape!$B:$B,0)),"-") -> - | S60: =IFERROR(INDEX(ShipPartShape!$A:$A,MATCH(R60,ShipPartShape!$B:$B,0)),"-") -> - | U60: =IFERROR(INDEX(ShipPartShape!$A:$A,MATCH(T60,ShipPartShape!$B:$B,0)),"-") -> - | W60: =IFERROR(INDEX(ShipPartShape!$A:$A,MATCH(V60,ShipPartShape!$B:$B,0)),"-") -> - | Y60: =IFERROR(INDEX(ShipPartShape!$A:$A,MATCH(X60,ShipPartShape!$B:$B,0)),"-") -> - | AA60: =IFERROR(INDEX(ShipPartShape!$A:$A,MATCH(Z60,ShipPartShape!$B:$B,0)),"-") -> - | AC60: =IFERROR(INDEX(ShipPartShape!$A:$A,MATCH(AB60,ShipPartShape!$B:$B,0)),"-") -> - | AE60: =IFERROR(INDEX(ShipPartShape!$A:$A,MATCH(AD60,ShipPartShape!$B:$B,0)),"-") -> - | AG60: =IFERROR(INDEX(ShipPartShape!$A:$A,MATCH(AF60,ShipPartShape!$B:$B,0)),"-") -> - | AI60: =IFERROR(INDEX(ShipPartShape!$A:$A,MATCH(AH60,ShipPartShape!$B:$B,0)),"-") -> - | AJ60: - | AK60: - | AL60: - | AM60: - | AN60: - | AO60: - | AP60: - | AQ60: - | AR60: - | AS60: - | AT60: - | AU60: 47600018 | AV60: - | AW60: - | AX60: -
A61: =A60+1 -> 45000051 | B61: 거북선 | C61: SK_Ship_TurtleShip_Body | D61: 거북선돛 | E61: 700 | F61: 150 | G61: 20 | H61: -40 | I61: =IFERROR(INDEX(ShipPartShape!$A:$A,MATCH(D61,ShipPartShape!$B:$B,0)),"-") -> 46000048 | J61: 동양램프_한국2 | K61: =IFERROR(INDEX(ShipPartShape!$A:$A,MATCH(J61,ShipPartShape!$B:$B,0)),"-") -> 46700005 | L61: 거북선노 | M61: =IFERROR(INDEX(ShipPartShape!$A:$A,MATCH(L61,ShipPartShape!$B:$B,0)),"-") -> 46500003 | O61: =IFERROR(INDEX(ShipPartShape!$A:$A,MATCH(N61,ShipPartShape!$B:$B,0)),"-") -> - | Q61: =IFERROR(INDEX(ShipPartShape!$A:$A,MATCH(P61,ShipPartShape!$B:$B,0)),"-") -> - | S61: =IFERROR(INDEX(ShipPartShape!$A:$A,MATCH(R61,ShipPartShape!$B:$B,0)),"-") -> - | U61: =IFERROR(INDEX(ShipPartShape!$A:$A,MATCH(T61,ShipPartShape!$B:$B,0)),"-") -> - | W61: =IFERROR(INDEX(ShipPartShape!$A:$A,MATCH(V61,ShipPartShape!$B:$B,0)),"-") -> - | Y61: =IFERROR(INDEX(ShipPartShape!$A:$A,MATCH(X61,ShipPartShape!$B:$B,0)),"-") -> - | AA61: =IFERROR(INDEX(ShipPartShape!$A:$A,MATCH(Z61,ShipPartShape!$B:$B,0)),"-") -> - | AC61: =IFERROR(INDEX(ShipPartShape!$A:$A,MATCH(AB61,ShipPartShape!$B:$B,0)),"-") -> - | AE61: =IFERROR(INDEX(ShipPartShape!$A:$A,MATCH(AD61,ShipPartShape!$B:$B,0)),"-") -> - | AG61: =IFERROR(INDEX(ShipPartShape!$A:$A,MATCH(AF61,ShipPartShape!$B:$B,0)),"-") -> - | AI61: =IFERROR(INDEX(ShipPartShape!$A:$A,MATCH(AH61,ShipPartShape!$B:$B,0)),"-") -> - | AJ61: - | AK61: - | AL61: - | AM61: - | AN61: - | AO61: - | AP61: - | AQ61: - | AR61: - | AS61: - | AT61: - | AU61: 47600017 | AV61: - | AW61: - | AX61: -
A62: =A61+1 -> 45000052 | B62: 전열함 | C62: SK_Ship_Vaisseau_Body | D62: 전열함돛 | E62: 700 | F62: 150 | G62: 20 | H62: -40 | I62: =IFERROR(INDEX(ShipPartShape!$A:$A,MATCH(D62,ShipPartShape!$B:$B,0)),"-") -> 46000049 | J62: 서양램프_유럽1 | K62: =IFERROR(INDEX(ShipPartShape!$A:$A,MATCH(J62,ShipPartShape!$B:$B,0)),"-") -> 46700012 | M62: =IFERROR(INDEX(ShipPartShape!$A:$A,MATCH(L62,ShipPartShape!$B:$B,0)),"-") -> - | O62: =IFERROR(INDEX(ShipPartShape!$A:$A,MATCH(N62,ShipPartShape!$B:$B,0)),"-") -> - | Q62: =IFERROR(INDEX(ShipPartShape!$A:$A,MATCH(P62,ShipPartShape!$B:$B,0)),"-") -> - | S62: =IFERROR(INDEX(ShipPartShape!$A:$A,MATCH(R62,ShipPartShape!$B:$B,0)),"-") -> - | T62: 선박외형장식_E | U62: =IFERROR(INDEX(ShipPartShape!$A:$A,MATCH(T62,ShipPartShape!$B:$B,0)),"-") -> 46600005 | V62: 선박외형장식_J | W62: =IFERROR(INDEX(ShipPartShape!$A:$A,MATCH(V62,ShipPartShape!$B:$B,0)),"-") -> 46600010 | Y62: =IFERROR(INDEX(ShipPartShape!$A:$A,MATCH(X62,ShipPartShape!$B:$B,0)),"-") -> - | AA62: =IFERROR(INDEX(ShipPartShape!$A:$A,MATCH(Z62,ShipPartShape!$B:$B,0)),"-") -> - | AC62: =IFERROR(INDEX(ShipPartShape!$A:$A,MATCH(AB62,ShipPartShape!$B:$B,0)),"-") -> - | AE62: =IFERROR(INDEX(ShipPartShape!$A:$A,MATCH(AD62,ShipPartShape!$B:$B,0)),"-") -> - | AG62: =IFERROR(INDEX(ShipPartShape!$A:$A,MATCH(AF62,ShipPartShape!$B:$B,0)),"-") -> - | AI62: =IFERROR(INDEX(ShipPartShape!$A:$A,MATCH(AH62,ShipPartShape!$B:$B,0)),"-") -> - | AJ62: - | AK62: - | AL62: - | AM62: - | AN62: - | AO62: - | AP62: - | AQ62: - | AR62: - | AS62: - | AT62: - | AU62: 47600018 | AV62: - | AW62: - | AX62: -
A63: =A62+1 -> 45000053 | B63: 코르벳 | C63: SK_Ship_Corvette_Body | D63: 콜벳돛 | E63: 700 | F63: 100 | G63: 20 | H63: -40 | I63: =IFERROR(INDEX(ShipPartShape!$A:$A,MATCH(D63,ShipPartShape!$B:$B,0)),"-") -> 46000050 | J63: 서양램프_유럽2 | K63: =IFERROR(INDEX(ShipPartShape!$A:$A,MATCH(J63,ShipPartShape!$B:$B,0)),"-") -> 46700013 | M63: =IFERROR(INDEX(ShipPartShape!$A:$A,MATCH(L63,ShipPartShape!$B:$B,0)),"-") -> - | O63: =IFERROR(INDEX(ShipPartShape!$A:$A,MATCH(N63,ShipPartShape!$B:$B,0)),"-") -> - | Q63: =IFERROR(INDEX(ShipPartShape!$A:$A,MATCH(P63,ShipPartShape!$B:$B,0)),"-") -> - | S63: =IFERROR(INDEX(ShipPartShape!$A:$A,MATCH(R63,ShipPartShape!$B:$B,0)),"-") -> - | T63: 선박외형장식_E | U63: =IFERROR(INDEX(ShipPartShape!$A:$A,MATCH(T63,ShipPartShape!$B:$B,0)),"-") -> 46600005 | V63: 선박외형장식_G | W63: =IFERROR(INDEX(ShipPartShape!$A:$A,MATCH(V63,ShipPartShape!$B:$B,0)),"-") -> 46600007 | X63: 선박외형장식_K | Y63: =IFERROR(INDEX(ShipPartShape!$A:$A,MATCH(X63,ShipPartShape!$B:$B,0)),"-") -> 46600011 | Z63: 선박외형장식_I | AA63: =IFERROR(INDEX(ShipPartShape!$A:$A,MATCH(Z63,ShipPartShape!$B:$B,0)),"-") -> 46600009 | AC63: =IFERROR(INDEX(ShipPartShape!$A:$A,MATCH(AB63,ShipPartShape!$B:$B,0)),"-") -> - | AE63: =IFERROR(INDEX(ShipPartShape!$A:$A,MATCH(AD63,ShipPartShape!$B:$B,0)),"-") -> - | AG63: =IFERROR(INDEX(ShipPartShape!$A:$A,MATCH(AF63,ShipPartShape!$B:$B,0)),"-") -> - | AI63: =IFERROR(INDEX(ShipPartShape!$A:$A,MATCH(AH63,ShipPartShape!$B:$B,0)),"-") -> - | AJ63: - | AK63: - | AL63: - | AM63: - | AN63: - | AO63: - | AP63: - | AQ63: - | AR63: - | AS63: - | AT63: - | AU63: 47600016 | AV63: - | AW63: - | AX63: -
A64: =A63+1 -> 45000054 | B64: 프리깃 | C64: Sk_Ship_Frigate_Body | D64: 중형프리킷돛 | E64: 700 | F64: 100 | G64: 20 | H64: -40 | I64: =IFERROR(INDEX(ShipPartShape!$A:$A,MATCH(D64,ShipPartShape!$B:$B,0)),"-") -> 46000051 | J64: 서양램프_유럽2 | K64: =IFERROR(INDEX(ShipPartShape!$A:$A,MATCH(J64,ShipPartShape!$B:$B,0)),"-") -> 46700013 | M64: =IFERROR(INDEX(ShipPartShape!$A:$A,MATCH(L64,ShipPartShape!$B:$B,0)),"-") -> - | O64: =IFERROR(INDEX(ShipPartShape!$A:$A,MATCH(N64,ShipPartShape!$B:$B,0)),"-") -> - | Q64: =IFERROR(INDEX(ShipPartShape!$A:$A,MATCH(P64,ShipPartShape!$B:$B,0)),"-") -> - | S64: =IFERROR(INDEX(ShipPartShape!$A:$A,MATCH(R64,ShipPartShape!$B:$B,0)),"-") -> - | T64: 선박외형장식_A | U64: =IFERROR(INDEX(ShipPartShape!$A:$A,MATCH(T64,ShipPartShape!$B:$B,0)),"-") -> 46600001 | V64: 선박외형장식_G | W64: =IFERROR(INDEX(ShipPartShape!$A:$A,MATCH(V64,ShipPartShape!$B:$B,0)),"-") -> 46600007 | X64: 선박외형장식_K | Y64: =IFERROR(INDEX(ShipPartShape!$A:$A,MATCH(X64,ShipPartShape!$B:$B,0)),"-") -> 46600011 | Z64: 선박외형장식_J | AA64: =IFERROR(INDEX(ShipPartShape!$A:$A,MATCH(Z64,ShipPartShape!$B:$B,0)),"-") -> 46600010 | AB64: 선박외형장식_I | AC64: =IFERROR(INDEX(ShipPartShape!$A:$A,MATCH(AB64,ShipPartShape!$B:$B,0)),"-") -> 46600009 | AE64: =IFERROR(INDEX(ShipPartShape!$A:$A,MATCH(AD64,ShipPartShape!$B:$B,0)),"-") -> - | AG64: =IFERROR(INDEX(ShipPartShape!$A:$A,MATCH(AF64,ShipPartShape!$B:$B,0)),"-") -> - | AI64: =IFERROR(INDEX(ShipPartShape!$A:$A,MATCH(AH64,ShipPartShape!$B:$B,0)),"-") -> - | AJ64: - | AK64: - | AL64: - | AM64: - | AN64: - | AO64: - | AP64: - | AQ64: - | AR64: - | AS64: - | AT64: - | AU64: 47600016 | AV64: - | AW64: - | AX64: -
A65: =A64+1 -> 45000055 | B65: 대형 프리깃 | C65: Sk_Ship_LargeFrigate_Body | D65: 대형프리킷돛 | E65: 700 | F65: 150 | G65: 20 | H65: -40 | I65: =IFERROR(INDEX(ShipPartShape!$A:$A,MATCH(D65,ShipPartShape!$B:$B,0)),"-") -> 46000052 | J65: 서양램프_유럽1 | K65: =IFERROR(INDEX(ShipPartShape!$A:$A,MATCH(J65,ShipPartShape!$B:$B,0)),"-") -> 46700012 | M65: =IFERROR(INDEX(ShipPartShape!$A:$A,MATCH(L65,ShipPartShape!$B:$B,0)),"-") -> - | O65: =IFERROR(INDEX(ShipPartShape!$A:$A,MATCH(N65,ShipPartShape!$B:$B,0)),"-") -> - | Q65: =IFERROR(INDEX(ShipPartShape!$A:$A,MATCH(P65,ShipPartShape!$B:$B,0)),"-") -> - | S65: =IFERROR(INDEX(ShipPartShape!$A:$A,MATCH(R65,ShipPartShape!$B:$B,0)),"-") -> - | T65: 선박외형장식_A | U65: =IFERROR(INDEX(ShipPartShape!$A:$A,MATCH(T65,ShipPartShape!$B:$B,0)),"-") -> 46600001 | W65: =IFERROR(INDEX(ShipPartShape!$A:$A,MATCH(V65,ShipPartShape!$B:$B,0)),"-") -> - | Y65: =IFERROR(INDEX(ShipPartShape!$A:$A,MATCH(X65,ShipPartShape!$B:$B,0)),"-") -> - | AA65: =IFERROR(INDEX(ShipPartShape!$A:$A,MATCH(Z65,ShipPartShape!$B:$B,0)),"-") -> - | AC65: =IFERROR(INDEX(ShipPartShape!$A:$A,MATCH(AB65,ShipPartShape!$B:$B,0)),"-") -> - | AE65: =IFERROR(INDEX(ShipPartShape!$A:$A,MATCH(AD65,ShipPartShape!$B:$B,0)),"-") -> - | AG65: =IFERROR(INDEX(ShipPartShape!$A:$A,MATCH(AF65,ShipPartShape!$B:$B,0)),"-") -> - | AI65: =IFERROR(INDEX(ShipPartShape!$A:$A,MATCH(AH65,ShipPartShape!$B:$B,0)),"-") -> - | AJ65: - | AK65: - | AL65: - | AM65: - | AN65: - | AO65: - | AP65: - | AQ65: - | AR65: - | AS65: - | AT65: - | AU65: 47600017 | AV65: - | AW65: - | AX65: -
A66: =A65+1 -> 45000056 | B66: 갤리 | C66: SK_Ship_Galley_Body | D66: 갤리돛 | E66: 700 | F66: 100 | G66: 20 | H66: -40 | I66: =IFERROR(INDEX(ShipPartShape!$A:$A,MATCH(D66,ShipPartShape!$B:$B,0)),"-") -> 46000053 | J66: 서양램프_이슬람2 | K66: =IFERROR(INDEX(ShipPartShape!$A:$A,MATCH(J66,ShipPartShape!$B:$B,0)),"-") -> 46700016 | L66: 갤리노 | M66: =IFERROR(INDEX(ShipPartShape!$A:$A,MATCH(L66,ShipPartShape!$B:$B,0)),"-") -> 46500004 | O66: =IFERROR(INDEX(ShipPartShape!$A:$A,MATCH(N66,ShipPartShape!$B:$B,0)),"-") -> - | Q66: =IFERROR(INDEX(ShipPartShape!$A:$A,MATCH(P66,ShipPartShape!$B:$B,0)),"-") -> - | S66: =IFERROR(INDEX(ShipPartShape!$A:$A,MATCH(R66,ShipPartShape!$B:$B,0)),"-") -> - | T66: 선박외형장식_B | U66: =IFERROR(INDEX(ShipPartShape!$A:$A,MATCH(T66,ShipPartShape!$B:$B,0)),"-") -> 46600002 | V66: 선박외형장식_C | W66: =IFERROR(INDEX(ShipPartShape!$A:$A,MATCH(V66,ShipPartShape!$B:$B,0)),"-") -> 46600003 | X66: 선박외형장식_I | Y66: =IFERROR(INDEX(ShipPartShape!$A:$A,MATCH(X66,ShipPartShape!$B:$B,0)),"-") -> 46600009 | Z66: 선박외형장식_J | AA66: =IFERROR(INDEX(ShipPartShape!$A:$A,MATCH(Z66,ShipPartShape!$B:$B,0)),"-") -> 46600010 | AC66: =IFERROR(INDEX(ShipPartShape!$A:$A,MATCH(AB66,ShipPartShape!$B:$B,0)),"-") -> - | AE66: =IFERROR(INDEX(ShipPartShape!$A:$A,MATCH(AD66,ShipPartShape!$B:$B,0)),"-") -> - | AG66: =IFERROR(INDEX(ShipPartShape!$A:$A,MATCH(AF66,ShipPartShape!$B:$B,0)),"-") -> - | AI66: =IFERROR(INDEX(ShipPartShape!$A:$A,MATCH(AH66,ShipPartShape!$B:$B,0)),"-") -> - | AJ66: - | AK66: - | AL66: - | AM66: - | AN66: - | AO66: - | AP66: - | AQ66: - | AR66: - | AS66: - | AT66: - | AU66: 47600016 | AV66: - | AW66: - | AX66: -
A67: =A66+1 -> 45000057 | B67: 경량형 갤리 | C67: SK_Ship_LightGalley_Body | D67: 경량형갤리돛 | E67: 700 | F67: 100 | G67: 20 | H67: -40 | I67: =IFERROR(INDEX(ShipPartShape!$A:$A,MATCH(D67,ShipPartShape!$B:$B,0)),"-") -> 46000054 | J67: 서양램프_이슬람2 | K67: =IFERROR(INDEX(ShipPartShape!$A:$A,MATCH(J67,ShipPartShape!$B:$B,0)),"-") -> 46700016 | L67: 경량형갤리노 | M67: =IFERROR(INDEX(ShipPartShape!$A:$A,MATCH(L67,ShipPartShape!$B:$B,0)),"-") -> 46500005 | O67: =IFERROR(INDEX(ShipPartShape!$A:$A,MATCH(N67,ShipPartShape!$B:$B,0)),"-") -> - | Q67: =IFERROR(INDEX(ShipPartShape!$A:$A,MATCH(P67,ShipPartShape!$B:$B,0)),"-") -> - | S67: =IFERROR(INDEX(ShipPartShape!$A:$A,MATCH(R67,ShipPartShape!$B:$B,0)),"-") -> - | T67: 선박외형장식_D | U67: =IFERROR(INDEX(ShipPartShape!$A:$A,MATCH(T67,ShipPartShape!$B:$B,0)),"-") -> 46600004 | V67: 선박외형장식_F | W67: =IFERROR(INDEX(ShipPartShape!$A:$A,MATCH(V67,ShipPartShape!$B:$B,0)),"-") -> 46600006 | X67: 선박외형장식_I | Y67: =IFERROR(INDEX(ShipPartShape!$A:$A,MATCH(X67,ShipPartShape!$B:$B,0)),"-") -> 46600009 | Z67: 선박외형장식_J | AA67: =IFERROR(INDEX(ShipPartShape!$A:$A,MATCH(Z67,ShipPartShape!$B:$B,0)),"-") -> 46600010 | AC67: =IFERROR(INDEX(ShipPartShape!$A:$A,MATCH(AB67,ShipPartShape!$B:$B,0)),"-") -> - | AE67: =IFERROR(INDEX(ShipPartShape!$A:$A,MATCH(AD67,ShipPartShape!$B:$B,0)),"-") -> - | AG67: =IFERROR(INDEX(ShipPartShape!$A:$A,MATCH(AF67,ShipPartShape!$B:$B,0)),"-") -> - | AI67: =IFERROR(INDEX(ShipPartShape!$A:$A,MATCH(AH67,ShipPartShape!$B:$B,0)),"-") -> - | AJ67: - | AK67: - | AL67: - | AM67: - | AN67: - | AO67: - | AP67: - | AQ67: - | AR67: - | AS67: - | AT67: - | AU67: 47600015 | AV67: - | AW67: - | AX67: -
A68: =A67+1 -> 45000058 | B68: 중 갤리 | C68: SK_Ship_HeavyGalley_Body | D68: 중갤리돛 | E68: 700 | F68: 100 | G68: 20 | H68: -40 | I68: =IFERROR(INDEX(ShipPartShape!$A:$A,MATCH(D68,ShipPartShape!$B:$B,0)),"-") -> 46000055 | J68: 서양램프_이슬람2 | K68: =IFERROR(INDEX(ShipPartShape!$A:$A,MATCH(J68,ShipPartShape!$B:$B,0)),"-") -> 46700016 | L68: 중갤리노 | M68: =IFERROR(INDEX(ShipPartShape!$A:$A,MATCH(L68,ShipPartShape!$B:$B,0)),"-") -> 46500006 | O68: =IFERROR(INDEX(ShipPartShape!$A:$A,MATCH(N68,ShipPartShape!$B:$B,0)),"-") -> - | Q68: =IFERROR(INDEX(ShipPartShape!$A:$A,MATCH(P68,ShipPartShape!$B:$B,0)),"-") -> - | S68: =IFERROR(INDEX(ShipPartShape!$A:$A,MATCH(R68,ShipPartShape!$B:$B,0)),"-") -> - | T68: 선박외형장식_B | U68: =IFERROR(INDEX(ShipPartShape!$A:$A,MATCH(T68,ShipPartShape!$B:$B,0)),"-") -> 46600002 | V68: 선박외형장식_D | W68: =IFERROR(INDEX(ShipPartShape!$A:$A,MATCH(V68,ShipPartShape!$B:$B,0)),"-") -> 46600004 | X68: 선박외형장식_E | Y68: =IFERROR(INDEX(ShipPartShape!$A:$A,MATCH(X68,ShipPartShape!$B:$B,0)),"-") -> 46600005 | Z68: 선박외형장식_G | AA68: =IFERROR(INDEX(ShipPartShape!$A:$A,MATCH(Z68,ShipPartShape!$B:$B,0)),"-") -> 46600007 | AC68: =IFERROR(INDEX(ShipPartShape!$A:$A,MATCH(AB68,ShipPartShape!$B:$B,0)),"-") -> - | AE68: =IFERROR(INDEX(ShipPartShape!$A:$A,MATCH(AD68,ShipPartShape!$B:$B,0)),"-") -> - | AG68: =IFERROR(INDEX(ShipPartShape!$A:$A,MATCH(AF68,ShipPartShape!$B:$B,0)),"-") -> - | AI68: =IFERROR(INDEX(ShipPartShape!$A:$A,MATCH(AH68,ShipPartShape!$B:$B,0)),"-") -> - | AJ68: - | AK68: - | AL68: - | AM68: - | AN68: - | AO68: - | AP68: - | AQ68: - | AR68: - | AS68: - | AT68: - | AU68: 47600016 | AV68: - | AW68: - | AX68: -
A69: =A68+1 -> 45000059 | B69: 정화의 보선 | C69: SK_Ship_Treasure_Body | D69: 정화의보선돛 | E69: 700 | F69: 150 | G69: 20 | H69: -40 | I69: =IFERROR(INDEX(ShipPartShape!$A:$A,MATCH(D69,ShipPartShape!$B:$B,0)),"-") -> 46000056 | J69: 동양램프_한국1 | K69: =IFERROR(INDEX(ShipPartShape!$A:$A,MATCH(J69,ShipPartShape!$B:$B,0)),"-") -> 46700004 | L69: 대포_기본 | M69: =IFERROR(INDEX(ShipPartShape!$A:$A,MATCH(L69,ShipPartShape!$B:$B,0)),"-") -> 46300001 | O69: =IFERROR(INDEX(ShipPartShape!$A:$A,MATCH(N69,ShipPartShape!$B:$B,0)),"-") -> - | Q69: =IFERROR(INDEX(ShipPartShape!$A:$A,MATCH(P69,ShipPartShape!$B:$B,0)),"-") -> - | S69: =IFERROR(INDEX(ShipPartShape!$A:$A,MATCH(R69,ShipPartShape!$B:$B,0)),"-") -> - | U69: =IFERROR(INDEX(ShipPartShape!$A:$A,MATCH(T69,ShipPartShape!$B:$B,0)),"-") -> - | W69: =IFERROR(INDEX(ShipPartShape!$A:$A,MATCH(V69,ShipPartShape!$B:$B,0)),"-") -> - | Y69: =IFERROR(INDEX(ShipPartShape!$A:$A,MATCH(X69,ShipPartShape!$B:$B,0)),"-") -> - | AA69: =IFERROR(INDEX(ShipPartShape!$A:$A,MATCH(Z69,ShipPartShape!$B:$B,0)),"-") -> - | AC69: =IFERROR(INDEX(ShipPartShape!$A:$A,MATCH(AB69,ShipPartShape!$B:$B,0)),"-") -> - | AE69: =IFERROR(INDEX(ShipPartShape!$A:$A,MATCH(AD69,ShipPartShape!$B:$B,0)),"-") -> - | AG69: =IFERROR(INDEX(ShipPartShape!$A:$A,MATCH(AF69,ShipPartShape!$B:$B,0)),"-") -> - | AI69: =IFERROR(INDEX(ShipPartShape!$A:$A,MATCH(AH69,ShipPartShape!$B:$B,0)),"-") -> - | AJ69: - | AK69: - | AL69: - | AM69: - | AN69: - | AO69: - | AP69: - | AQ69: - | AR69: - | AS69: - | AT69: - | AU69: 47600018 | AV69: - | AW69: - | AX69: -
A70: =A69+1 -> 45000060 | B70: 판호_대형 갤리온_왕실 | C70: SK_Ship_LargeGalleon_Body | D70: 대형갤리온돛 | E70: 700 | F70: 100 | G70: - | H70: - | I70: =IFERROR(INDEX(ShipPartShape!$A:$A,MATCH(D70,ShipPartShape!$B:$B,0)),"-") -> 46000038 | J70: 황금램프_대형갤리온 | K70: =IFERROR(INDEX(ShipPartShape!$A:$A,MATCH(J70,ShipPartShape!$B:$B,0)),"-") -> 46700002 | L70: 구명보트 | M70: =IFERROR(INDEX(ShipPartShape!$A:$A,MATCH(L70,ShipPartShape!$B:$B,0)),"-") -> 46550001 | N70: 대포_기본 | O70: =IFERROR(INDEX(ShipPartShape!$A:$A,MATCH(N70,ShipPartShape!$B:$B,0)),"-") -> 46300001 | Q70: =IFERROR(INDEX(ShipPartShape!$A:$A,MATCH(P70,ShipPartShape!$B:$B,0)),"-") -> - | S70: =IFERROR(INDEX(ShipPartShape!$A:$A,MATCH(R70,ShipPartShape!$B:$B,0)),"-") -> - | U70: =IFERROR(INDEX(ShipPartShape!$A:$A,MATCH(T70,ShipPartShape!$B:$B,0)),"-") -> - | W70: =IFERROR(INDEX(ShipPartShape!$A:$A,MATCH(V70,ShipPartShape!$B:$B,0)),"-") -> - | Y70: =IFERROR(INDEX(ShipPartShape!$A:$A,MATCH(X70,ShipPartShape!$B:$B,0)),"-") -> - | AA70: =IFERROR(INDEX(ShipPartShape!$A:$A,MATCH(Z70,ShipPartShape!$B:$B,0)),"-") -> - | AC70: =IFERROR(INDEX(ShipPartShape!$A:$A,MATCH(AB70,ShipPartShape!$B:$B,0)),"-") -> - | AE70: =IFERROR(INDEX(ShipPartShape!$A:$A,MATCH(AD70,ShipPartShape!$B:$B,0)),"-") -> - | AG70: =IFERROR(INDEX(ShipPartShape!$A:$A,MATCH(AF70,ShipPartShape!$B:$B,0)),"-") -> - | AI70: =IFERROR(INDEX(ShipPartShape!$A:$A,MATCH(AH70,ShipPartShape!$B:$B,0)),"-") -> - | AJ70: - | AK70: - | AL70: - | AM70: - | AN70: - | AO70: - | AP70: - | AQ70: - | AR70: - | AS70: - | AT70: - | AU70: - | AV70: - | AW70: 47600005 | AX70: -
A71: =A70+1 -> 45000061 | B71: 판호_아군대형 갤리온 | C71: SK_Ship_Galleon_Body | D71: 판호용_대형갤리온돛 | E71: 700 | F71: 100 | G71: - | H71: - | I71: =IFERROR(INDEX(ShipPartShape!$A:$A,MATCH(D71,ShipPartShape!$B:$B,0)),"-") -> 46000057 | J71: 기본램프_대형갤리온 | K71: =IFERROR(INDEX(ShipPartShape!$A:$A,MATCH(J71,ShipPartShape!$B:$B,0)),"-") -> 46700003 | L71: 구명보트 | M71: =IFERROR(INDEX(ShipPartShape!$A:$A,MATCH(L71,ShipPartShape!$B:$B,0)),"-") -> 46550001 | N71: 대포_기본 | O71: =IFERROR(INDEX(ShipPartShape!$A:$A,MATCH(N71,ShipPartShape!$B:$B,0)),"-") -> 46300001 | Q71: =IFERROR(INDEX(ShipPartShape!$A:$A,MATCH(P71,ShipPartShape!$B:$B,0)),"-") -> - | R71: 해신상 | S71: =IFERROR(INDEX(ShipPartShape!$A:$A,MATCH(R71,ShipPartShape!$B:$B,0)),"-") -> 46100003 | U71: =IFERROR(INDEX(ShipPartShape!$A:$A,MATCH(T71,ShipPartShape!$B:$B,0)),"-") -> - | W71: =IFERROR(INDEX(ShipPartShape!$A:$A,MATCH(V71,ShipPartShape!$B:$B,0)),"-") -> - | Y71: =IFERROR(INDEX(ShipPartShape!$A:$A,MATCH(X71,ShipPartShape!$B:$B,0)),"-") -> - | AA71: =IFERROR(INDEX(ShipPartShape!$A:$A,MATCH(Z71,ShipPartShape!$B:$B,0)),"-") -> - | AC71: =IFERROR(INDEX(ShipPartShape!$A:$A,MATCH(AB71,ShipPartShape!$B:$B,0)),"-") -> - | AE71: =IFERROR(INDEX(ShipPartShape!$A:$A,MATCH(AD71,ShipPartShape!$B:$B,0)),"-") -> - | AG71: =IFERROR(INDEX(ShipPartShape!$A:$A,MATCH(AF71,ShipPartShape!$B:$B,0)),"-") -> - | AI71: =IFERROR(INDEX(ShipPartShape!$A:$A,MATCH(AH71,ShipPartShape!$B:$B,0)),"-") -> - | AJ71: - | AK71: - | AL71: - | AM71: - | AN71: - | AO71: - | AP71: - | AQ71: - | AR71: - | AS71: - | AT71: - | AU71: - | AV71: - | AW71: 47600005 | AX71: -
A72: =A71+1 -> 45000062 | B72: 판호_아군슬루프 | C72: SK_Ship_Sloop_Body | D72: 판호용_슬로프돛 | E72: 700 | F72: 100 | G72: - | H72: - | I72: =IFERROR(INDEX(ShipPartShape!$A:$A,MATCH(D72,ShipPartShape!$B:$B,0)),"-") -> 46000058 | J72: 램프_기본 | K72: =IFERROR(INDEX(ShipPartShape!$A:$A,MATCH(J72,ShipPartShape!$B:$B,0)),"-") -> 46700001 | L72: 이단노선형 쐐기 | M72: =IFERROR(INDEX(ShipPartShape!$A:$A,MATCH(L72,ShipPartShape!$B:$B,0)),"-") -> 46200005 | N72: 흰머리 독수리상 | O72: =IFERROR(INDEX(ShipPartShape!$A:$A,MATCH(N72,ShipPartShape!$B:$B,0)),"-") -> 46100005 | Q72: =IFERROR(INDEX(ShipPartShape!$A:$A,MATCH(P72,ShipPartShape!$B:$B,0)),"-") -> - | S72: =IFERROR(INDEX(ShipPartShape!$A:$A,MATCH(R72,ShipPartShape!$B:$B,0)),"-") -> - | U72: =IFERROR(INDEX(ShipPartShape!$A:$A,MATCH(T72,ShipPartShape!$B:$B,0)),"-") -> - | W72: =IFERROR(INDEX(ShipPartShape!$A:$A,MATCH(V72,ShipPartShape!$B:$B,0)),"-") -> - | Y72: =IFERROR(INDEX(ShipPartShape!$A:$A,MATCH(X72,ShipPartShape!$B:$B,0)),"-") -> - | AA72: =IFERROR(INDEX(ShipPartShape!$A:$A,MATCH(Z72,ShipPartShape!$B:$B,0)),"-") -> - | AC72: =IFERROR(INDEX(ShipPartShape!$A:$A,MATCH(AB72,ShipPartShape!$B:$B,0)),"-") -> - | AE72: =IFERROR(INDEX(ShipPartShape!$A:$A,MATCH(AD72,ShipPartShape!$B:$B,0)),"-") -> - | AG72: =IFERROR(INDEX(ShipPartShape!$A:$A,MATCH(AF72,ShipPartShape!$B:$B,0)),"-") -> - | AI72: =IFERROR(INDEX(ShipPartShape!$A:$A,MATCH(AH72,ShipPartShape!$B:$B,0)),"-") -> - | AJ72: - | AK72: - | AL72: - | AM72: - | AN72: - | AO72: - | AP72: - | AQ72: - | AR72: - | AS72: - | AT72: - | AU72: - | AV72: - | AW72: 47600005 | AX72: -
A73: =A72+1 -> 45000063 | B73: 판호_적군브리간틴 | C73: SK_Ship_Bergantin_Body | D73: 판호용_브리간틴돛 | E73: 700 | F73: 100 | G73: - | H73: - | I73: =IFERROR(INDEX(ShipPartShape!$A:$A,MATCH(D73,ShipPartShape!$B:$B,0)),"-") -> 46000059 | J73: 램프_기본 | K73: =IFERROR(INDEX(ShipPartShape!$A:$A,MATCH(J73,ShipPartShape!$B:$B,0)),"-") -> 46700001 | L73: 대포_기본 | M73: =IFERROR(INDEX(ShipPartShape!$A:$A,MATCH(L73,ShipPartShape!$B:$B,0)),"-") -> 46300001 | N73: 나무 기둥 쐐기 | O73: =IFERROR(INDEX(ShipPartShape!$A:$A,MATCH(N73,ShipPartShape!$B:$B,0)),"-") -> 46200003 | P73: 벌쳐상(콘도르) | Q73: =IFERROR(INDEX(ShipPartShape!$A:$A,MATCH(P73,ShipPartShape!$B:$B,0)),"-") -> - | S73: =IFERROR(INDEX(ShipPartShape!$A:$A,MATCH(R73,ShipPartShape!$B:$B,0)),"-") -> - | U73: =IFERROR(INDEX(ShipPartShape!$A:$A,MATCH(T73,ShipPartShape!$B:$B,0)),"-") -> - | W73: =IFERROR(INDEX(ShipPartShape!$A:$A,MATCH(V73,ShipPartShape!$B:$B,0)),"-") -> - | Y73: =IFERROR(INDEX(ShipPartShape!$A:$A,MATCH(X73,ShipPartShape!$B:$B,0)),"-") -> - | AA73: =IFERROR(INDEX(ShipPartShape!$A:$A,MATCH(Z73,ShipPartShape!$B:$B,0)),"-") -> - | AC73: =IFERROR(INDEX(ShipPartShape!$A:$A,MATCH(AB73,ShipPartShape!$B:$B,0)),"-") -> - | AE73: =IFERROR(INDEX(ShipPartShape!$A:$A,MATCH(AD73,ShipPartShape!$B:$B,0)),"-") -> - | AG73: =IFERROR(INDEX(ShipPartShape!$A:$A,MATCH(AF73,ShipPartShape!$B:$B,0)),"-") -> - | AI73: =IFERROR(INDEX(ShipPartShape!$A:$A,MATCH(AH73,ShipPartShape!$B:$B,0)),"-") -> - | AJ73: - | AK73: - | AL73: - | AM73: - | AN73: - | AO73: - | AP73: - | AQ73: - | AR73: - | AS73: - | AT73: - | AU73: - | AV73: - | AW73: 47600005 | AX73: -
A74: =A73+1 -> 45000064 | B74: 판호_적군오스만 갤리 | C74: SK_Ship_Osmangalley_Body | D74: 판호용_오스만겔리돛 | E74: 700 | F74: 100 | G74: - | H74: - | I74: =IFERROR(INDEX(ShipPartShape!$A:$A,MATCH(D74,ShipPartShape!$B:$B,0)),"-") -> 46000060 | J74: 램프_기본 | K74: =IFERROR(INDEX(ShipPartShape!$A:$A,MATCH(J74,ShipPartShape!$B:$B,0)),"-") -> 46700001 | L74: 오스만겔리노 | M74: =IFERROR(INDEX(ShipPartShape!$A:$A,MATCH(L74,ShipPartShape!$B:$B,0)),"-") -> 46500001 | N74: 드로몬형 충각 | O74: =IFERROR(INDEX(ShipPartShape!$A:$A,MATCH(N74,ShipPartShape!$B:$B,0)),"-") -> 46200007 | P74: 벌쳐상(콘도르) | Q74: =IFERROR(INDEX(ShipPartShape!$A:$A,MATCH(P74,ShipPartShape!$B:$B,0)),"-") -> - | S74: =IFERROR(INDEX(ShipPartShape!$A:$A,MATCH(R74,ShipPartShape!$B:$B,0)),"-") -> - | U74: =IFERROR(INDEX(ShipPartShape!$A:$A,MATCH(T74,ShipPartShape!$B:$B,0)),"-") -> - | W74: =IFERROR(INDEX(ShipPartShape!$A:$A,MATCH(V74,ShipPartShape!$B:$B,0)),"-") -> - | Y74: =IFERROR(INDEX(ShipPartShape!$A:$A,MATCH(X74,ShipPartShape!$B:$B,0)),"-") -> - | AA74: =IFERROR(INDEX(ShipPartShape!$A:$A,MATCH(Z74,ShipPartShape!$B:$B,0)),"-") -> - | AC74: =IFERROR(INDEX(ShipPartShape!$A:$A,MATCH(AB74,ShipPartShape!$B:$B,0)),"-") -> - | AE74: =IFERROR(INDEX(ShipPartShape!$A:$A,MATCH(AD74,ShipPartShape!$B:$B,0)),"-") -> - | AG74: =IFERROR(INDEX(ShipPartShape!$A:$A,MATCH(AF74,ShipPartShape!$B:$B,0)),"-") -> - | AI74: =IFERROR(INDEX(ShipPartShape!$A:$A,MATCH(AH74,ShipPartShape!$B:$B,0)),"-") -> - | AJ74: - | AK74: - | AL74: - | AM74: - | AN74: - | AO74: - | AP74: - | AQ74: - | AR74: - | AS74: - | AT74: - | AU74: - | AV74: - | AW74: 47600005 | AX74: -
A75: =A74+1 -> 45000065 | B75: 판호_보스오스만 갤리 | C75: SK_Ship_Osmangalley_Body | D75: 판호용_보스오스만겔리돛 | E75: 700 | F75: 100 | G75: - | H75: - | I75: =IFERROR(INDEX(ShipPartShape!$A:$A,MATCH(D75,ShipPartShape!$B:$B,0)),"-") -> 46000061 | J75: 램프_기본 | K75: =IFERROR(INDEX(ShipPartShape!$A:$A,MATCH(J75,ShipPartShape!$B:$B,0)),"-") -> 46700001 | L75: 오스만겔리노 | M75: =IFERROR(INDEX(ShipPartShape!$A:$A,MATCH(L75,ShipPartShape!$B:$B,0)),"-") -> 46500001 | N75: 드로몬형 충각 | O75: =IFERROR(INDEX(ShipPartShape!$A:$A,MATCH(N75,ShipPartShape!$B:$B,0)),"-") -> 46200007 | Q75: =IFERROR(INDEX(ShipPartShape!$A:$A,MATCH(P75,ShipPartShape!$B:$B,0)),"-") -> - | S75: =IFERROR(INDEX(ShipPartShape!$A:$A,MATCH(R75,ShipPartShape!$B:$B,0)),"-") -> - | U75: =IFERROR(INDEX(ShipPartShape!$A:$A,MATCH(T75,ShipPartShape!$B:$B,0)),"-") -> - | W75: =IFERROR(INDEX(ShipPartShape!$A:$A,MATCH(V75,ShipPartShape!$B:$B,0)),"-") -> - | Y75: =IFERROR(INDEX(ShipPartShape!$A:$A,MATCH(X75,ShipPartShape!$B:$B,0)),"-") -> - | AA75: =IFERROR(INDEX(ShipPartShape!$A:$A,MATCH(Z75,ShipPartShape!$B:$B,0)),"-") -> - | AC75: =IFERROR(INDEX(ShipPartShape!$A:$A,MATCH(AB75,ShipPartShape!$B:$B,0)),"-") -> - | AE75: =IFERROR(INDEX(ShipPartShape!$A:$A,MATCH(AD75,ShipPartShape!$B:$B,0)),"-") -> - | AG75: =IFERROR(INDEX(ShipPartShape!$A:$A,MATCH(AF75,ShipPartShape!$B:$B,0)),"-") -> - | AI75: =IFERROR(INDEX(ShipPartShape!$A:$A,MATCH(AH75,ShipPartShape!$B:$B,0)),"-") -> - | AJ75: - | AK75: - | AL75: - | AM75: - | AN75: - | AO75: - | AP75: - | AQ75: - | AR75: - | AS75: - | AT75: - | AU75: - | AV75: - | AW75: 47600005 | AX75: -
A76: =A75+1 -> 45000066 | B76: 판호_보스전열함 | C76: SK_Ship_VaisseauBoss_Body | D76: 판호_보스전열함돛 | E76: 700 | F76: 100 | G76: - | H76: - | I76: =IFERROR(INDEX(ShipPartShape!$A:$A,MATCH(D76,ShipPartShape!$B:$B,0)),"-") -> 46000062 | J76: 램프_기본 | K76: =IFERROR(INDEX(ShipPartShape!$A:$A,MATCH(J76,ShipPartShape!$B:$B,0)),"-") -> 46700001 | L76: 세락 파각 | M76: =IFERROR(INDEX(ShipPartShape!$A:$A,MATCH(L76,ShipPartShape!$B:$B,0)),"-") -> 46200010 | N76: 맨티코어상 | O76: =IFERROR(INDEX(ShipPartShape!$A:$A,MATCH(N76,ShipPartShape!$B:$B,0)),"-") -> 46100004 | P76: 대포_기본 | Q76: =IFERROR(INDEX(ShipPartShape!$A:$A,MATCH(P76,ShipPartShape!$B:$B,0)),"-") -> 46300001 | S76: =IFERROR(INDEX(ShipPartShape!$A:$A,MATCH(R76,ShipPartShape!$B:$B,0)),"-") -> - | U76: =IFERROR(INDEX(ShipPartShape!$A:$A,MATCH(T76,ShipPartShape!$B:$B,0)),"-") -> - | W76: =IFERROR(INDEX(ShipPartShape!$A:$A,MATCH(V76,ShipPartShape!$B:$B,0)),"-") -> - | Y76: =IFERROR(INDEX(ShipPartShape!$A:$A,MATCH(X76,ShipPartShape!$B:$B,0)),"-") -> - | AA76: =IFERROR(INDEX(ShipPartShape!$A:$A,MATCH(Z76,ShipPartShape!$B:$B,0)),"-") -> - | AC76: =IFERROR(INDEX(ShipPartShape!$A:$A,MATCH(AB76,ShipPartShape!$B:$B,0)),"-") -> - | AE76: =IFERROR(INDEX(ShipPartShape!$A:$A,MATCH(AD76,ShipPartShape!$B:$B,0)),"-") -> - | AG76: =IFERROR(INDEX(ShipPartShape!$A:$A,MATCH(AF76,ShipPartShape!$B:$B,0)),"-") -> - | AI76: =IFERROR(INDEX(ShipPartShape!$A:$A,MATCH(AH76,ShipPartShape!$B:$B,0)),"-") -> - | AJ76: - | AK76: - | AL76: - | AM76: - | AN76: - | AO76: - | AP76: - | AQ76: - | AR76: - | AS76: - | AT76: - | AU76: - | AV76: - | AW76: 47600005 | AX76: -
A77: =A76+1 -> 45000067 | B77: 튜토_나오_엑스트라 선박1 | C77: SK_Ship_Nao_body | D77: 나오돛 | E77: 700 | F77: 100 | G77: - | H77: - | I77: =IFERROR(INDEX(ShipPartShape!$A:$A,MATCH(D77,ShipPartShape!$B:$B,0)),"-") -> 46000044 | J77: 램프_기본 | K77: =IFERROR(INDEX(ShipPartShape!$A:$A,MATCH(J77,ShipPartShape!$B:$B,0)),"-") -> 46700001 | L77: 벌쳐상(콘도르) | M77: =IFERROR(INDEX(ShipPartShape!$A:$A,MATCH(L77,ShipPartShape!$B:$B,0)),"-") -> - | N77: 나무 기둥 쐐기 | O77: =IFERROR(INDEX(ShipPartShape!$A:$A,MATCH(N77,ShipPartShape!$B:$B,0)),"-") -> 46200003 | P77: 대포_기본 | Q77: =IFERROR(INDEX(ShipPartShape!$A:$A,MATCH(P77,ShipPartShape!$B:$B,0)),"-") -> 46300001 | R77: 목재닻 | S77: =IFERROR(INDEX(ShipPartShape!$A:$A,MATCH(R77,ShipPartShape!$B:$B,0)),"-") -> - | U77: =IFERROR(INDEX(ShipPartShape!$A:$A,MATCH(T77,ShipPartShape!$B:$B,0)),"-") -> - | W77: =IFERROR(INDEX(ShipPartShape!$A:$A,MATCH(V77,ShipPartShape!$B:$B,0)),"-") -> - | Y77: =IFERROR(INDEX(ShipPartShape!$A:$A,MATCH(X77,ShipPartShape!$B:$B,0)),"-") -> - | AA77: =IFERROR(INDEX(ShipPartShape!$A:$A,MATCH(Z77,ShipPartShape!$B:$B,0)),"-") -> - | AC77: =IFERROR(INDEX(ShipPartShape!$A:$A,MATCH(AB77,ShipPartShape!$B:$B,0)),"-") -> - | AE77: =IFERROR(INDEX(ShipPartShape!$A:$A,MATCH(AD77,ShipPartShape!$B:$B,0)),"-") -> - | AG77: =IFERROR(INDEX(ShipPartShape!$A:$A,MATCH(AF77,ShipPartShape!$B:$B,0)),"-") -> - | AI77: =IFERROR(INDEX(ShipPartShape!$A:$A,MATCH(AH77,ShipPartShape!$B:$B,0)),"-") -> - | AJ77: - | AK77: - | AL77: - | AM77: - | AN77: - | AO77: - | AP77: - | AQ77: - | AR77: - | AS77: - | AT77: - | AU77: - | AV77: - | AW77: 47600005 | AX77: -
A78: =A77+1 -> 45000068 | B78: 튜토_나오_엑스트라 선박2 | C78: SK_Ship_Nao_body | D78: 프롤로그_나오돛 | E78: 700 | F78: 100 | G78: - | H78: - | I78: =IFERROR(INDEX(ShipPartShape!$A:$A,MATCH(D78,ShipPartShape!$B:$B,0)),"-") -> 46000063 | J78: 램프_기본 | K78: =IFERROR(INDEX(ShipPartShape!$A:$A,MATCH(J78,ShipPartShape!$B:$B,0)),"-") -> 46700001 | L78: 흰머리독수리상 | M78: =IFERROR(INDEX(ShipPartShape!$A:$A,MATCH(L78,ShipPartShape!$B:$B,0)),"-") -> - | N78: 리부르나형 쐐기 | O78: =IFERROR(INDEX(ShipPartShape!$A:$A,MATCH(N78,ShipPartShape!$B:$B,0)),"-") -> 46200004 | P78: 대포_기본 | Q78: =IFERROR(INDEX(ShipPartShape!$A:$A,MATCH(P78,ShipPartShape!$B:$B,0)),"-") -> 46300001 | R78: 인어닻 | S78: =IFERROR(INDEX(ShipPartShape!$A:$A,MATCH(R78,ShipPartShape!$B:$B,0)),"-") -> - | U78: =IFERROR(INDEX(ShipPartShape!$A:$A,MATCH(T78,ShipPartShape!$B:$B,0)),"-") -> - | W78: =IFERROR(INDEX(ShipPartShape!$A:$A,MATCH(V78,ShipPartShape!$B:$B,0)),"-") -> - | Y78: =IFERROR(INDEX(ShipPartShape!$A:$A,MATCH(X78,ShipPartShape!$B:$B,0)),"-") -> - | AA78: =IFERROR(INDEX(ShipPartShape!$A:$A,MATCH(Z78,ShipPartShape!$B:$B,0)),"-") -> - | AC78: =IFERROR(INDEX(ShipPartShape!$A:$A,MATCH(AB78,ShipPartShape!$B:$B,0)),"-") -> - | AE78: =IFERROR(INDEX(ShipPartShape!$A:$A,MATCH(AD78,ShipPartShape!$B:$B,0)),"-") -> - | AG78: =IFERROR(INDEX(ShipPartShape!$A:$A,MATCH(AF78,ShipPartShape!$B:$B,0)),"-") -> - | AI78: =IFERROR(INDEX(ShipPartShape!$A:$A,MATCH(AH78,ShipPartShape!$B:$B,0)),"-") -> - | AJ78: - | AK78: - | AL78: - | AM78: - | AN78: - | AO78: - | AP78: - | AQ78: - | AR78: - | AS78: - | AT78: - | AU78: - | AV78: - | AW78: 47600005 | AX78: -
A79: =A78+1 -> 45000069 | B79: 튜토_바스_엑스트라 선박1 | C79: SK_Ship_Buss_body | D79: 바스돛 | E79: 700 | F79: 100 | G79: - | H79: - | I79: =IFERROR(INDEX(ShipPartShape!$A:$A,MATCH(D79,ShipPartShape!$B:$B,0)),"-") -> 46000045 | J79: 램프_기본 | K79: =IFERROR(INDEX(ShipPartShape!$A:$A,MATCH(J79,ShipPartShape!$B:$B,0)),"-") -> 46700001 | L79: 벌쳐상(콘도르) | M79: =IFERROR(INDEX(ShipPartShape!$A:$A,MATCH(L79,ShipPartShape!$B:$B,0)),"-") -> - | N79: 이단노선형 쐐기 | O79: =IFERROR(INDEX(ShipPartShape!$A:$A,MATCH(N79,ShipPartShape!$B:$B,0)),"-") -> 46200005 | P79: 대포_기본 | Q79: =IFERROR(INDEX(ShipPartShape!$A:$A,MATCH(P79,ShipPartShape!$B:$B,0)),"-") -> 46300001 | R79: 사신닻 | S79: =IFERROR(INDEX(ShipPartShape!$A:$A,MATCH(R79,ShipPartShape!$B:$B,0)),"-") -> - | U79: =IFERROR(INDEX(ShipPartShape!$A:$A,MATCH(T79,ShipPartShape!$B:$B,0)),"-") -> - | W79: =IFERROR(INDEX(ShipPartShape!$A:$A,MATCH(V79,ShipPartShape!$B:$B,0)),"-") -> - | Y79: =IFERROR(INDEX(ShipPartShape!$A:$A,MATCH(X79,ShipPartShape!$B:$B,0)),"-") -> - | AA79: =IFERROR(INDEX(ShipPartShape!$A:$A,MATCH(Z79,ShipPartShape!$B:$B,0)),"-") -> - | AC79: =IFERROR(INDEX(ShipPartShape!$A:$A,MATCH(AB79,ShipPartShape!$B:$B,0)),"-") -> - | AE79: =IFERROR(INDEX(ShipPartShape!$A:$A,MATCH(AD79,ShipPartShape!$B:$B,0)),"-") -> - | AG79: =IFERROR(INDEX(ShipPartShape!$A:$A,MATCH(AF79,ShipPartShape!$B:$B,0)),"-") -> - | AI79: =IFERROR(INDEX(ShipPartShape!$A:$A,MATCH(AH79,ShipPartShape!$B:$B,0)),"-") -> - | AJ79: - | AK79: - | AL79: - | AM79: - | AN79: - | AO79: - | AP79: - | AQ79: - | AR79: - | AS79: - | AT79: - | AU79: - | AV79: - | AW79: 47600005 | AX79: -
A80: =A79+1 -> 45000070 | B80: 튜토_바스_엑스트라 선박2 | C80: SK_Ship_Buss_body | D80: 프롤로그_바스돛 | E80: 700 | F80: 100 | G80: - | H80: - | I80: =IFERROR(INDEX(ShipPartShape!$A:$A,MATCH(D80,ShipPartShape!$B:$B,0)),"-") -> 46000064 | J80: 램프_기본 | K80: =IFERROR(INDEX(ShipPartShape!$A:$A,MATCH(J80,ShipPartShape!$B:$B,0)),"-") -> 46700001 | L80: 흰머리독수리상 | M80: =IFERROR(INDEX(ShipPartShape!$A:$A,MATCH(L80,ShipPartShape!$B:$B,0)),"-") -> - | N80: 삼단노선형 쐐기 | O80: =IFERROR(INDEX(ShipPartShape!$A:$A,MATCH(N80,ShipPartShape!$B:$B,0)),"-") -> 46200006 | P80: 대포_기본 | Q80: =IFERROR(INDEX(ShipPartShape!$A:$A,MATCH(P80,ShipPartShape!$B:$B,0)),"-") -> 46300001 | R80: 쌍둥이뱀닻 | S80: =IFERROR(INDEX(ShipPartShape!$A:$A,MATCH(R80,ShipPartShape!$B:$B,0)),"-") -> - | U80: =IFERROR(INDEX(ShipPartShape!$A:$A,MATCH(T80,ShipPartShape!$B:$B,0)),"-") -> - | W80: =IFERROR(INDEX(ShipPartShape!$A:$A,MATCH(V80,ShipPartShape!$B:$B,0)),"-") -> - | Y80: =IFERROR(INDEX(ShipPartShape!$A:$A,MATCH(X80,ShipPartShape!$B:$B,0)),"-") -> - | AA80: =IFERROR(INDEX(ShipPartShape!$A:$A,MATCH(Z80,ShipPartShape!$B:$B,0)),"-") -> - | AC80: =IFERROR(INDEX(ShipPartShape!$A:$A,MATCH(AB80,ShipPartShape!$B:$B,0)),"-") -> - | AE80: =IFERROR(INDEX(ShipPartShape!$A:$A,MATCH(AD80,ShipPartShape!$B:$B,0)),"-") -> - | AG80: =IFERROR(INDEX(ShipPartShape!$A:$A,MATCH(AF80,ShipPartShape!$B:$B,0)),"-") -> - | AI80: =IFERROR(INDEX(ShipPartShape!$A:$A,MATCH(AH80,ShipPartShape!$B:$B,0)),"-") -> - | AJ80: - | AK80: - | AL80: - | AM80: - | AN80: - | AO80: - | AP80: - | AQ80: - | AR80: - | AS80: - | AT80: - | AU80: - | AV80: - | AW80: 47600005 | AX80: -
A81: =A80+1 -> 45000071 | B81: 튜토_바르카_엑스트라 선박1 | C81: SK_Ship_Barca_Body | D81: 바르카3흰색돛 | E81: 700 | F81: 100 | G81: - | H81: - | I81: =IFERROR(INDEX(ShipPartShape!$A:$A,MATCH(D81,ShipPartShape!$B:$B,0)),"-") -> 46000008 | J81: 램프_기본 | K81: =IFERROR(INDEX(ShipPartShape!$A:$A,MATCH(J81,ShipPartShape!$B:$B,0)),"-") -> 46700001 | L81: 벌쳐상(콘도르) | M81: =IFERROR(INDEX(ShipPartShape!$A:$A,MATCH(L81,ShipPartShape!$B:$B,0)),"-") -> - | N81: 드로몬형 충각 | O81: =IFERROR(INDEX(ShipPartShape!$A:$A,MATCH(N81,ShipPartShape!$B:$B,0)),"-") -> 46200007 | P81: 대포_기본 | Q81: =IFERROR(INDEX(ShipPartShape!$A:$A,MATCH(P81,ShipPartShape!$B:$B,0)),"-") -> 46300001 | R81: 목재닻 | S81: =IFERROR(INDEX(ShipPartShape!$A:$A,MATCH(R81,ShipPartShape!$B:$B,0)),"-") -> - | U81: =IFERROR(INDEX(ShipPartShape!$A:$A,MATCH(T81,ShipPartShape!$B:$B,0)),"-") -> - | W81: =IFERROR(INDEX(ShipPartShape!$A:$A,MATCH(V81,ShipPartShape!$B:$B,0)),"-") -> - | Y81: =IFERROR(INDEX(ShipPartShape!$A:$A,MATCH(X81,ShipPartShape!$B:$B,0)),"-") -> - | AA81: =IFERROR(INDEX(ShipPartShape!$A:$A,MATCH(Z81,ShipPartShape!$B:$B,0)),"-") -> - | AC81: =IFERROR(INDEX(ShipPartShape!$A:$A,MATCH(AB81,ShipPartShape!$B:$B,0)),"-") -> - | AE81: =IFERROR(INDEX(ShipPartShape!$A:$A,MATCH(AD81,ShipPartShape!$B:$B,0)),"-") -> - | AG81: =IFERROR(INDEX(ShipPartShape!$A:$A,MATCH(AF81,ShipPartShape!$B:$B,0)),"-") -> - | AI81: =IFERROR(INDEX(ShipPartShape!$A:$A,MATCH(AH81,ShipPartShape!$B:$B,0)),"-") -> - | AJ81: - | AK81: - | AL81: - | AM81: - | AN81: - | AO81: - | AP81: - | AQ81: - | AR81: - | AS81: - | AT81: - | AU81: - | AV81: - | AW81: 47600005 | AX81: -
A82: =A81+1 -> 45000072 | B82: 튜토_바르카_엑스트라 선박2 | C82: SK_Ship_Barca_Body | D82: 프롤로그_바르카3돛 | E82: 700 | F82: 100 | G82: - | H82: - | I82: =IFERROR(INDEX(ShipPartShape!$A:$A,MATCH(D82,ShipPartShape!$B:$B,0)),"-") -> 46000065 | J82: 램프_기본 | K82: =IFERROR(INDEX(ShipPartShape!$A:$A,MATCH(J82,ShipPartShape!$B:$B,0)),"-") -> 46700001 | L82: 흰머리독수리상 | M82: =IFERROR(INDEX(ShipPartShape!$A:$A,MATCH(L82,ShipPartShape!$B:$B,0)),"-") -> - | N82: 삼단 대형 충각 | O82: =IFERROR(INDEX(ShipPartShape!$A:$A,MATCH(N82,ShipPartShape!$B:$B,0)),"-") -> 46200008 | P82: 대포_기본 | Q82: =IFERROR(INDEX(ShipPartShape!$A:$A,MATCH(P82,ShipPartShape!$B:$B,0)),"-") -> 46300001 | R82: 인어닻 | S82: =IFERROR(INDEX(ShipPartShape!$A:$A,MATCH(R82,ShipPartShape!$B:$B,0)),"-") -> - | U82: =IFERROR(INDEX(ShipPartShape!$A:$A,MATCH(T82,ShipPartShape!$B:$B,0)),"-") -> - | W82: =IFERROR(INDEX(ShipPartShape!$A:$A,MATCH(V82,ShipPartShape!$B:$B,0)),"-") -> - | Y82: =IFERROR(INDEX(ShipPartShape!$A:$A,MATCH(X82,ShipPartShape!$B:$B,0)),"-") -> - | AA82: =IFERROR(INDEX(ShipPartShape!$A:$A,MATCH(Z82,ShipPartShape!$B:$B,0)),"-") -> - | AC82: =IFERROR(INDEX(ShipPartShape!$A:$A,MATCH(AB82,ShipPartShape!$B:$B,0)),"-") -> - | AE82: =IFERROR(INDEX(ShipPartShape!$A:$A,MATCH(AD82,ShipPartShape!$B:$B,0)),"-") -> - | AG82: =IFERROR(INDEX(ShipPartShape!$A:$A,MATCH(AF82,ShipPartShape!$B:$B,0)),"-") -> - | AI82: =IFERROR(INDEX(ShipPartShape!$A:$A,MATCH(AH82,ShipPartShape!$B:$B,0)),"-") -> - | AJ82: - | AK82: - | AL82: - | AM82: - | AN82: - | AO82: - | AP82: - | AQ82: - | AR82: - | AS82: - | AT82: - | AU82: - | AV82: - | AW82: 47600005 | AX82: -
A83: =A82+1 -> 45000073 | B83: 튜토_타렛테_엑스트라 선박1 | C83: SK_Ship_Talette_Body | D83: 바르카4흰색돛 | E83: 700 | F83: 100 | G83: - | H83: - | I83: =IFERROR(INDEX(ShipPartShape!$A:$A,MATCH(D83,ShipPartShape!$B:$B,0)),"-") -> 46000014 | J83: 램프_기본 | K83: =IFERROR(INDEX(ShipPartShape!$A:$A,MATCH(J83,ShipPartShape!$B:$B,0)),"-") -> 46700001 | L83: 벌쳐상(콘도르) | M83: =IFERROR(INDEX(ShipPartShape!$A:$A,MATCH(L83,ShipPartShape!$B:$B,0)),"-") -> - | N83: 쇄빙 충각 | O83: =IFERROR(INDEX(ShipPartShape!$A:$A,MATCH(N83,ShipPartShape!$B:$B,0)),"-") -> - | P83: 대포_기본 | Q83: =IFERROR(INDEX(ShipPartShape!$A:$A,MATCH(P83,ShipPartShape!$B:$B,0)),"-") -> 46300001 | R83: 사신닻 | S83: =IFERROR(INDEX(ShipPartShape!$A:$A,MATCH(R83,ShipPartShape!$B:$B,0)),"-") -> - | U83: =IFERROR(INDEX(ShipPartShape!$A:$A,MATCH(T83,ShipPartShape!$B:$B,0)),"-") -> - | W83: =IFERROR(INDEX(ShipPartShape!$A:$A,MATCH(V83,ShipPartShape!$B:$B,0)),"-") -> - | Y83: =IFERROR(INDEX(ShipPartShape!$A:$A,MATCH(X83,ShipPartShape!$B:$B,0)),"-") -> - | AA83: =IFERROR(INDEX(ShipPartShape!$A:$A,MATCH(Z83,ShipPartShape!$B:$B,0)),"-") -> - | AC83: =IFERROR(INDEX(ShipPartShape!$A:$A,MATCH(AB83,ShipPartShape!$B:$B,0)),"-") -> - | AE83: =IFERROR(INDEX(ShipPartShape!$A:$A,MATCH(AD83,ShipPartShape!$B:$B,0)),"-") -> - | AG83: =IFERROR(INDEX(ShipPartShape!$A:$A,MATCH(AF83,ShipPartShape!$B:$B,0)),"-") -> - | AI83: =IFERROR(INDEX(ShipPartShape!$A:$A,MATCH(AH83,ShipPartShape!$B:$B,0)),"-") -> - | AJ83: - | AK83: - | AL83: - | AM83: - | AN83: - | AO83: - | AP83: - | AQ83: - | AR83: - | AS83: - | AT83: - | AU83: - | AV83: - | AW83: 47600005 | AX83: -
A84: =A83+1 -> 45000074 | B84: 튜토_타렛테_엑스트라 선박2 | C84: SK_Ship_Talette_Body | D84: 프롤로그_바르카4돛 | E84: 700 | F84: 100 | G84: - | H84: - | I84: =IFERROR(INDEX(ShipPartShape!$A:$A,MATCH(D84,ShipPartShape!$B:$B,0)),"-") -> 46000066 | J84: 램프_기본 | K84: =IFERROR(INDEX(ShipPartShape!$A:$A,MATCH(J84,ShipPartShape!$B:$B,0)),"-") -> 46700001 | L84: 흰머리독수리상 | M84: =IFERROR(INDEX(ShipPartShape!$A:$A,MATCH(L84,ShipPartShape!$B:$B,0)),"-") -> - | N84: 세락 파각 | O84: =IFERROR(INDEX(ShipPartShape!$A:$A,MATCH(N84,ShipPartShape!$B:$B,0)),"-") -> 46200010 | P84: 대포_기본 | Q84: =IFERROR(INDEX(ShipPartShape!$A:$A,MATCH(P84,ShipPartShape!$B:$B,0)),"-") -> 46300001 | R84: 쌍둥이뱀닻 | S84: =IFERROR(INDEX(ShipPartShape!$A:$A,MATCH(R84,ShipPartShape!$B:$B,0)),"-") -> - | U84: =IFERROR(INDEX(ShipPartShape!$A:$A,MATCH(T84,ShipPartShape!$B:$B,0)),"-") -> - | W84: =IFERROR(INDEX(ShipPartShape!$A:$A,MATCH(V84,ShipPartShape!$B:$B,0)),"-") -> - | Y84: =IFERROR(INDEX(ShipPartShape!$A:$A,MATCH(X84,ShipPartShape!$B:$B,0)),"-") -> - | AA84: =IFERROR(INDEX(ShipPartShape!$A:$A,MATCH(Z84,ShipPartShape!$B:$B,0)),"-") -> - | AC84: =IFERROR(INDEX(ShipPartShape!$A:$A,MATCH(AB84,ShipPartShape!$B:$B,0)),"-") -> - | AE84: =IFERROR(INDEX(ShipPartShape!$A:$A,MATCH(AD84,ShipPartShape!$B:$B,0)),"-") -> - | AG84: =IFERROR(INDEX(ShipPartShape!$A:$A,MATCH(AF84,ShipPartShape!$B:$B,0)),"-") -> - | AI84: =IFERROR(INDEX(ShipPartShape!$A:$A,MATCH(AH84,ShipPartShape!$B:$B,0)),"-") -> - | AJ84: - | AK84: - | AL84: - | AM84: - | AN84: - | AO84: - | AP84: - | AQ84: - | AR84: - | AS84: - | AT84: - | AU84: - | AV84: - | AW84: 47600005 | AX84: -
A85: =A84+1 -> 45000075 | B85: 튜토_대형 갤리온_엑스트라 선박1 | C85: SK_Ship_Galleon_Body | D85: 대형갤리온돛 | E85: 700 | F85: 100 | G85: - | H85: - | I85: =IFERROR(INDEX(ShipPartShape!$A:$A,MATCH(D85,ShipPartShape!$B:$B,0)),"-") -> 46000038 | J85: 램프_기본 | K85: =IFERROR(INDEX(ShipPartShape!$A:$A,MATCH(J85,ShipPartShape!$B:$B,0)),"-") -> 46700001 | L85: 벌쳐상(콘도르) | M85: =IFERROR(INDEX(ShipPartShape!$A:$A,MATCH(L85,ShipPartShape!$B:$B,0)),"-") -> - | N85: 목제 꺾쇠 충각 | O85: =IFERROR(INDEX(ShipPartShape!$A:$A,MATCH(N85,ShipPartShape!$B:$B,0)),"-") -> 46200017 | P85: 대포_기본 | Q85: =IFERROR(INDEX(ShipPartShape!$A:$A,MATCH(P85,ShipPartShape!$B:$B,0)),"-") -> 46300001 | R85: 목재닻 | S85: =IFERROR(INDEX(ShipPartShape!$A:$A,MATCH(R85,ShipPartShape!$B:$B,0)),"-") -> - | U85: =IFERROR(INDEX(ShipPartShape!$A:$A,MATCH(T85,ShipPartShape!$B:$B,0)),"-") -> - | W85: =IFERROR(INDEX(ShipPartShape!$A:$A,MATCH(V85,ShipPartShape!$B:$B,0)),"-") -> - | Y85: =IFERROR(INDEX(ShipPartShape!$A:$A,MATCH(X85,ShipPartShape!$B:$B,0)),"-") -> - | AA85: =IFERROR(INDEX(ShipPartShape!$A:$A,MATCH(Z85,ShipPartShape!$B:$B,0)),"-") -> - | AC85: =IFERROR(INDEX(ShipPartShape!$A:$A,MATCH(AB85,ShipPartShape!$B:$B,0)),"-") -> - | AE85: =IFERROR(INDEX(ShipPartShape!$A:$A,MATCH(AD85,ShipPartShape!$B:$B,0)),"-") -> - | AG85: =IFERROR(INDEX(ShipPartShape!$A:$A,MATCH(AF85,ShipPartShape!$B:$B,0)),"-") -> - | AI85: =IFERROR(INDEX(ShipPartShape!$A:$A,MATCH(AH85,ShipPartShape!$B:$B,0)),"-") -> - | AJ85: - | AK85: - | AL85: - | AM85: - | AN85: - | AO85: - | AP85: - | AQ85: - | AR85: - | AS85: - | AT85: - | AU85: - | AV85: - | AW85: 47600005 | AX85: -
A86: =A85+1 -> 45000076 | B86: 튜토_대형 갤리온_엑스트라 선박2 | C86: SK_Ship_Galleon_Body | D86: 프롤로그_대형갤리온돛 | E86: 700 | F86: 100 | G86: - | H86: - | I86: =IFERROR(INDEX(ShipPartShape!$A:$A,MATCH(D86,ShipPartShape!$B:$B,0)),"-") -> 46000067 | J86: 램프_기본 | K86: =IFERROR(INDEX(ShipPartShape!$A:$A,MATCH(J86,ShipPartShape!$B:$B,0)),"-") -> 46700001 | L86: 흰머리독수리상 | M86: =IFERROR(INDEX(ShipPartShape!$A:$A,MATCH(L86,ShipPartShape!$B:$B,0)),"-") -> - | N86: 레이피어 충각 | O86: =IFERROR(INDEX(ShipPartShape!$A:$A,MATCH(N86,ShipPartShape!$B:$B,0)),"-") -> 46200012 | P86: 대포_기본 | Q86: =IFERROR(INDEX(ShipPartShape!$A:$A,MATCH(P86,ShipPartShape!$B:$B,0)),"-") -> 46300001 | R86: 인어닻 | S86: =IFERROR(INDEX(ShipPartShape!$A:$A,MATCH(R86,ShipPartShape!$B:$B,0)),"-") -> - | U86: =IFERROR(INDEX(ShipPartShape!$A:$A,MATCH(T86,ShipPartShape!$B:$B,0)),"-") -> - | W86: =IFERROR(INDEX(ShipPartShape!$A:$A,MATCH(V86,ShipPartShape!$B:$B,0)),"-") -> - | Y86: =IFERROR(INDEX(ShipPartShape!$A:$A,MATCH(X86,ShipPartShape!$B:$B,0)),"-") -> - | AA86: =IFERROR(INDEX(ShipPartShape!$A:$A,MATCH(Z86,ShipPartShape!$B:$B,0)),"-") -> - | AC86: =IFERROR(INDEX(ShipPartShape!$A:$A,MATCH(AB86,ShipPartShape!$B:$B,0)),"-") -> - | AE86: =IFERROR(INDEX(ShipPartShape!$A:$A,MATCH(AD86,ShipPartShape!$B:$B,0)),"-") -> - | AG86: =IFERROR(INDEX(ShipPartShape!$A:$A,MATCH(AF86,ShipPartShape!$B:$B,0)),"-") -> - | AI86: =IFERROR(INDEX(ShipPartShape!$A:$A,MATCH(AH86,ShipPartShape!$B:$B,0)),"-") -> - | AJ86: - | AK86: - | AL86: - | AM86: - | AN86: - | AO86: - | AP86: - | AQ86: - | AR86: - | AS86: - | AT86: - | AU86: - | AV86: - | AW86: 47600005 | AX86: -
A87: =A86+1 -> 45000077 | B87: 튜토_브리간틴_엑스트라 선박1 | C87: SK_Ship_Bergantin_Body | D87: 브리간틴돛 | E87: 700 | F87: 100 | G87: - | H87: - | I87: =IFERROR(INDEX(ShipPartShape!$A:$A,MATCH(D87,ShipPartShape!$B:$B,0)),"-") -> 46000043 | J87: 램프_기본 | K87: =IFERROR(INDEX(ShipPartShape!$A:$A,MATCH(J87,ShipPartShape!$B:$B,0)),"-") -> 46700001 | L87: 벌쳐상(콘도르) | M87: =IFERROR(INDEX(ShipPartShape!$A:$A,MATCH(L87,ShipPartShape!$B:$B,0)),"-") -> - | N87: 창형 충각 | O87: =IFERROR(INDEX(ShipPartShape!$A:$A,MATCH(N87,ShipPartShape!$B:$B,0)),"-") -> 46200013 | P87: 대포_기본 | Q87: =IFERROR(INDEX(ShipPartShape!$A:$A,MATCH(P87,ShipPartShape!$B:$B,0)),"-") -> 46300001 | R87: 사신닻 | S87: =IFERROR(INDEX(ShipPartShape!$A:$A,MATCH(R87,ShipPartShape!$B:$B,0)),"-") -> - | U87: =IFERROR(INDEX(ShipPartShape!$A:$A,MATCH(T87,ShipPartShape!$B:$B,0)),"-") -> - | W87: =IFERROR(INDEX(ShipPartShape!$A:$A,MATCH(V87,ShipPartShape!$B:$B,0)),"-") -> - | Y87: =IFERROR(INDEX(ShipPartShape!$A:$A,MATCH(X87,ShipPartShape!$B:$B,0)),"-") -> - | AA87: =IFERROR(INDEX(ShipPartShape!$A:$A,MATCH(Z87,ShipPartShape!$B:$B,0)),"-") -> - | AC87: =IFERROR(INDEX(ShipPartShape!$A:$A,MATCH(AB87,ShipPartShape!$B:$B,0)),"-") -> - | AE87: =IFERROR(INDEX(ShipPartShape!$A:$A,MATCH(AD87,ShipPartShape!$B:$B,0)),"-") -> - | AG87: =IFERROR(INDEX(ShipPartShape!$A:$A,MATCH(AF87,ShipPartShape!$B:$B,0)),"-") -> - | AI87: =IFERROR(INDEX(ShipPartShape!$A:$A,MATCH(AH87,ShipPartShape!$B:$B,0)),"-") -> - | AJ87: - | AK87: - | AL87: - | AM87: - | AN87: - | AO87: - | AP87: - | AQ87: - | AR87: - | AS87: - | AT87: - | AU87: - | AV87: - | AW87: 47600005 | AX87: -
A88: =A87+1 -> 45000078 | B88: 튜토_브리간틴_엑스트라 선박2 | C88: SK_Ship_Bergantin_Body | D88: 프롤로그_브리간틴돛 | E88: 700 | F88: 100 | G88: - | H88: - | I88: =IFERROR(INDEX(ShipPartShape!$A:$A,MATCH(D88,ShipPartShape!$B:$B,0)),"-") -> 46000068 | J88: 램프_기본 | K88: =IFERROR(INDEX(ShipPartShape!$A:$A,MATCH(J88,ShipPartShape!$B:$B,0)),"-") -> 46700001 | L88: 흰머리독수리상 | M88: =IFERROR(INDEX(ShipPartShape!$A:$A,MATCH(L88,ShipPartShape!$B:$B,0)),"-") -> - | N88: 역날검 충각 | O88: =IFERROR(INDEX(ShipPartShape!$A:$A,MATCH(N88,ShipPartShape!$B:$B,0)),"-") -> 46200014 | P88: 대포_기본 | Q88: =IFERROR(INDEX(ShipPartShape!$A:$A,MATCH(P88,ShipPartShape!$B:$B,0)),"-") -> 46300001 | R88: 쌍둥이뱀닻 | S88: =IFERROR(INDEX(ShipPartShape!$A:$A,MATCH(R88,ShipPartShape!$B:$B,0)),"-") -> - | U88: =IFERROR(INDEX(ShipPartShape!$A:$A,MATCH(T88,ShipPartShape!$B:$B,0)),"-") -> - | W88: =IFERROR(INDEX(ShipPartShape!$A:$A,MATCH(V88,ShipPartShape!$B:$B,0)),"-") -> - | Y88: =IFERROR(INDEX(ShipPartShape!$A:$A,MATCH(X88,ShipPartShape!$B:$B,0)),"-") -> - | AA88: =IFERROR(INDEX(ShipPartShape!$A:$A,MATCH(Z88,ShipPartShape!$B:$B,0)),"-") -> - | AC88: =IFERROR(INDEX(ShipPartShape!$A:$A,MATCH(AB88,ShipPartShape!$B:$B,0)),"-") -> - | AE88: =IFERROR(INDEX(ShipPartShape!$A:$A,MATCH(AD88,ShipPartShape!$B:$B,0)),"-") -> - | AG88: =IFERROR(INDEX(ShipPartShape!$A:$A,MATCH(AF88,ShipPartShape!$B:$B,0)),"-") -> - | AI88: =IFERROR(INDEX(ShipPartShape!$A:$A,MATCH(AH88,ShipPartShape!$B:$B,0)),"-") -> - | AJ88: - | AK88: - | AL88: - | AM88: - | AN88: - | AO88: - | AP88: - | AQ88: - | AR88: - | AS88: - | AT88: - | AU88: - | AV88: - | AW88: 47600005 | AX88: -
... A91: =A90+1 -> 45000081 | B91: 튜토_프리깃_엑스트라 선박2 | C91: Sk_Ship_Frigate_Body | D91: 프롤로그_중형프리킷돛 | E91: 700 | F91: 100 | G91: - | H91: - | I91: =IFERROR(INDEX(ShipPartShape!$A:$A,MATCH(D91,ShipPartShape!$B:$B,0)),"-") -> 46000069 | J91: 램프_기본 | K91: =IFERROR(INDEX(ShipPartShape!$A:$A,MATCH(J91,ShipPartShape!$B:$B,0)),"-") -> 46700001 | L91: 벌쳐상(콘도르) | M91: =IFERROR(INDEX(ShipPartShape!$A:$A,MATCH(L91,ShipPartShape!$B:$B,0)),"-") -> - | N91: 기사의 랜스 충각 | O91: =IFERROR(INDEX(ShipPartShape!$A:$A,MATCH(N91,ShipPartShape!$B:$B,0)),"-") -> 46200028 | P91: 대포_기본 | Q91: =IFERROR(INDEX(ShipPartShape!$A:$A,MATCH(P91,ShipPartShape!$B:$B,0)),"-") -> 46300001 | R91: 사신닻 | S91: =IFERROR(INDEX(ShipPartShape!$A:$A,MATCH(R91,ShipPartShape!$B:$B,0)),"-") -> - | U91: =IFERROR(INDEX(ShipPartShape!$A:$A,MATCH(T91,ShipPartShape!$B:$B,0)),"-") -> - | W91: =IFERROR(INDEX(ShipPartShape!$A:$A,MATCH(V91,ShipPartShape!$B:$B,0)),"-") -> - | Y91: =IFERROR(INDEX(ShipPartShape!$A:$A,MATCH(X91,ShipPartShape!$B:$B,0)),"-") -> - | AA91: =IFERROR(INDEX(ShipPartShape!$A:$A,MATCH(Z91,ShipPartShape!$B:$B,0)),"-") -> - | AC91: =IFERROR(INDEX(ShipPartShape!$A:$A,MATCH(AB91,ShipPartShape!$B:$B,0)),"-") -> - | AE91: =IFERROR(INDEX(ShipPartShape!$A:$A,MATCH(AD91,ShipPartShape!$B:$B,0)),"-") -> - | AG91: =IFERROR(INDEX(ShipPartShape!$A:$A,MATCH(AF91,ShipPartShape!$B:$B,0)),"-") -> - | AI91: =IFERROR(INDEX(ShipPartShape!$A:$A,MATCH(AH91,ShipPartShape!$B:$B,0)),"-") -> - | AJ91: - | AK91: - | AL91: - | AM91: - | AN91: - | AO91: - | AP91: - | AQ91: - | AR91: - | AS91: - | AT91: - | AU91: - | AV91: - | AW91: 47600005 | AX91: -
A92: =A91+1 -> 45000082 | B92: 소조선 | C92: SK_Ship_Kobaya_Body | D92: 소조선돛 | E92: 700 | F92: 100 | G92: 10 | H92: -20 | I92: =IFERROR(INDEX(ShipPartShape!$A:$A,MATCH(D92,ShipPartShape!$B:$B,0)),"-") -> 46000070 | J92: 동양램프_중국1 | K92: =IFERROR(INDEX(ShipPartShape!$A:$A,MATCH(J92,ShipPartShape!$B:$B,0)),"-") -> 46700009 | L92: 소조선노 | M92: =IFERROR(INDEX(ShipPartShape!$A:$A,MATCH(L92,ShipPartShape!$B:$B,0)),"-") -> 46500007 | N92: 대포_기본 | O92: =IFERROR(INDEX(ShipPartShape!$A:$A,MATCH(N92,ShipPartShape!$B:$B,0)),"-") -> 46300001 | Q92: =IFERROR(INDEX(ShipPartShape!$A:$A,MATCH(P92,ShipPartShape!$B:$B,0)),"-") -> - | S92: =IFERROR(INDEX(ShipPartShape!$A:$A,MATCH(R92,ShipPartShape!$B:$B,0)),"-") -> - | T92: 선박외형장식_A | U92: =IFERROR(INDEX(ShipPartShape!$A:$A,MATCH(T92,ShipPartShape!$B:$B,0)),"-") -> 46600001 | V92: 선박외형장식_F | W92: =IFERROR(INDEX(ShipPartShape!$A:$A,MATCH(V92,ShipPartShape!$B:$B,0)),"-") -> 46600006 | Y92: =IFERROR(INDEX(ShipPartShape!$A:$A,MATCH(X92,ShipPartShape!$B:$B,0)),"-") -> - | AA92: =IFERROR(INDEX(ShipPartShape!$A:$A,MATCH(Z92,ShipPartShape!$B:$B,0)),"-") -> - | AC92: =IFERROR(INDEX(ShipPartShape!$A:$A,MATCH(AB92,ShipPartShape!$B:$B,0)),"-") -> - | AE92: =IFERROR(INDEX(ShipPartShape!$A:$A,MATCH(AD92,ShipPartShape!$B:$B,0)),"-") -> - | AG92: =IFERROR(INDEX(ShipPartShape!$A:$A,MATCH(AF92,ShipPartShape!$B:$B,0)),"-") -> - | AI92: =IFERROR(INDEX(ShipPartShape!$A:$A,MATCH(AH92,ShipPartShape!$B:$B,0)),"-") -> - | AJ92: - | AK92: - | AL92: - | AM92: - | AN92: - | AO92: - | AP92: - | AQ92: - | AR92: - | AS92: - | AT92: - | AU92: 47600015 | AV92: - | AW92: - | AX92: -
A93: =A92+1 -> 45000083 | B93: 다우 | C93: SK_Ship_Dhow_Body | D93: 다우돛 | E93: 700 | F93: 100 | G93: 20 | H93: -40 | I93: =IFERROR(INDEX(ShipPartShape!$A:$A,MATCH(D93,ShipPartShape!$B:$B,0)),"-") -> 46000071 | J93: 동양램프_중국1 | K93: =IFERROR(INDEX(ShipPartShape!$A:$A,MATCH(J93,ShipPartShape!$B:$B,0)),"-") -> 46700009 | L93: 대포_기본 | M93: =IFERROR(INDEX(ShipPartShape!$A:$A,MATCH(L93,ShipPartShape!$B:$B,0)),"-") -> 46300001 | O93: =IFERROR(INDEX(ShipPartShape!$A:$A,MATCH(N93,ShipPartShape!$B:$B,0)),"-") -> - | Q93: =IFERROR(INDEX(ShipPartShape!$A:$A,MATCH(P93,ShipPartShape!$B:$B,0)),"-") -> - | S93: =IFERROR(INDEX(ShipPartShape!$A:$A,MATCH(R93,ShipPartShape!$B:$B,0)),"-") -> - | T93: 선박외형장식_D | U93: =IFERROR(INDEX(ShipPartShape!$A:$A,MATCH(T93,ShipPartShape!$B:$B,0)),"-") -> 46600004 | V93: 선박외형장식_E | W93: =IFERROR(INDEX(ShipPartShape!$A:$A,MATCH(V93,ShipPartShape!$B:$B,0)),"-") -> 46600005 | X93: 선박외형장식_G | Y93: =IFERROR(INDEX(ShipPartShape!$A:$A,MATCH(X93,ShipPartShape!$B:$B,0)),"-") -> 46600007 | Z93: 선박외형장식_I | AA93: =IFERROR(INDEX(ShipPartShape!$A:$A,MATCH(Z93,ShipPartShape!$B:$B,0)),"-") -> 46600009 | AB93: 선박외형장식_J | AC93: =IFERROR(INDEX(ShipPartShape!$A:$A,MATCH(AB93,ShipPartShape!$B:$B,0)),"-") -> 46600010 | AE93: =IFERROR(INDEX(ShipPartShape!$A:$A,MATCH(AD93,ShipPartShape!$B:$B,0)),"-") -> - | AG93: =IFERROR(INDEX(ShipPartShape!$A:$A,MATCH(AF93,ShipPartShape!$B:$B,0)),"-") -> - | AI93: =IFERROR(INDEX(ShipPartShape!$A:$A,MATCH(AH93,ShipPartShape!$B:$B,0)),"-") -> - | AJ93: - | AK93: - | AL93: - | AM93: - | AN93: - | AO93: - | AP93: - | AQ93: - | AR93: - | AS93: - | AT93: - | AU93: 47600015 | AV93: - | AW93: - | AX93: -
A94: =A93+1 -> 45000084 | B94: 대복선 | C94: SK_Ship_LargeJunk_Body | D94: 대복선돛 | E94: 700 | F94: 150 | G94: 20 | H94: -40 | I94: =IFERROR(INDEX(ShipPartShape!$A:$A,MATCH(D94,ShipPartShape!$B:$B,0)),"-") -> 46000072 | J94: 동양램프_중국2 | K94: =IFERROR(INDEX(ShipPartShape!$A:$A,MATCH(J94,ShipPartShape!$B:$B,0)),"-") -> 46700010 | L94: 대포_기본 | M94: =IFERROR(INDEX(ShipPartShape!$A:$A,MATCH(L94,ShipPartShape!$B:$B,0)),"-") -> 46300001 | N94: 구명보트 | O94: =IFERROR(INDEX(ShipPartShape!$A:$A,MATCH(N94,ShipPartShape!$B:$B,0)),"-") -> 46550001 | Q94: =IFERROR(INDEX(ShipPartShape!$A:$A,MATCH(P94,ShipPartShape!$B:$B,0)),"-") -> - | S94: =IFERROR(INDEX(ShipPartShape!$A:$A,MATCH(R94,ShipPartShape!$B:$B,0)),"-") -> - | U94: =IFERROR(INDEX(ShipPartShape!$A:$A,MATCH(T94,ShipPartShape!$B:$B,0)),"-") -> - | W94: =IFERROR(INDEX(ShipPartShape!$A:$A,MATCH(V94,ShipPartShape!$B:$B,0)),"-") -> - | Y94: =IFERROR(INDEX(ShipPartShape!$A:$A,MATCH(X94,ShipPartShape!$B:$B,0)),"-") -> - | AA94: =IFERROR(INDEX(ShipPartShape!$A:$A,MATCH(Z94,ShipPartShape!$B:$B,0)),"-") -> - | AC94: =IFERROR(INDEX(ShipPartShape!$A:$A,MATCH(AB94,ShipPartShape!$B:$B,0)),"-") -> - | AE94: =IFERROR(INDEX(ShipPartShape!$A:$A,MATCH(AD94,ShipPartShape!$B:$B,0)),"-") -> - | AG94: =IFERROR(INDEX(ShipPartShape!$A:$A,MATCH(AF94,ShipPartShape!$B:$B,0)),"-") -> - | AI94: =IFERROR(INDEX(ShipPartShape!$A:$A,MATCH(AH94,ShipPartShape!$B:$B,0)),"-") -> - | AJ94: - | AK94: - | AL94: - | AM94: - | AN94: - | AO94: - | AP94: - | AQ94: - | AR94: - | AS94: - | AT94: - | AU94: 47600018 | AV94: - | AW94: - | AX94: -
A95: =A94+1 -> 45000085 | B95: 카락 | C95: SK_Ship_Carrack_Body | D95: 카락돛 | E95: 700 | F95: 100 | G95: 20 | H95: -40 | I95: =IFERROR(INDEX(ShipPartShape!$A:$A,MATCH(D95,ShipPartShape!$B:$B,0)),"-") -> 46000073 | J95: 서양램프_유럽3 | K95: =IFERROR(INDEX(ShipPartShape!$A:$A,MATCH(J95,ShipPartShape!$B:$B,0)),"-") -> 46700014 | L95: 대포_기본 | M95: =IFERROR(INDEX(ShipPartShape!$A:$A,MATCH(L95,ShipPartShape!$B:$B,0)),"-") -> 46300001 | O95: =IFERROR(INDEX(ShipPartShape!$A:$A,MATCH(N95,ShipPartShape!$B:$B,0)),"-") -> - | Q95: =IFERROR(INDEX(ShipPartShape!$A:$A,MATCH(P95,ShipPartShape!$B:$B,0)),"-") -> - | S95: =IFERROR(INDEX(ShipPartShape!$A:$A,MATCH(R95,ShipPartShape!$B:$B,0)),"-") -> - | T95: 선박외형장식_A | U95: =IFERROR(INDEX(ShipPartShape!$A:$A,MATCH(T95,ShipPartShape!$B:$B,0)),"-") -> 46600001 | V95: 선박외형장식_B | W95: =IFERROR(INDEX(ShipPartShape!$A:$A,MATCH(V95,ShipPartShape!$B:$B,0)),"-") -> 46600002 | X95: 선박외형장식_E | Y95: =IFERROR(INDEX(ShipPartShape!$A:$A,MATCH(X95,ShipPartShape!$B:$B,0)),"-") -> 46600005 | AA95: =IFERROR(INDEX(ShipPartShape!$A:$A,MATCH(Z95,ShipPartShape!$B:$B,0)),"-") -> - | AC95: =IFERROR(INDEX(ShipPartShape!$A:$A,MATCH(AB95,ShipPartShape!$B:$B,0)),"-") -> - | AE95: =IFERROR(INDEX(ShipPartShape!$A:$A,MATCH(AD95,ShipPartShape!$B:$B,0)),"-") -> - | AG95: =IFERROR(INDEX(ShipPartShape!$A:$A,MATCH(AF95,ShipPartShape!$B:$B,0)),"-") -> - | AI95: =IFERROR(INDEX(ShipPartShape!$A:$A,MATCH(AH95,ShipPartShape!$B:$B,0)),"-") -> - | AJ95: - | AK95: - | AL95: - | AM95: - | AN95: - | AO95: - | AP95: - | AQ95: - | AR95: - | AS95: - | AT95: - | AU95: 47600016 | AV95: - | AW95: - | AX95: -
A96: =A95+1 -> 45000086 | B96: 대형 사선 | C96: SK_Ship_LargeSha_Chuan_Body | D96: 대형사선돛 | E96: 700 | F96: 150 | G96: 20 | H96: -40 | I96: =IFERROR(INDEX(ShipPartShape!$A:$A,MATCH(D96,ShipPartShape!$B:$B,0)),"-") -> 46000074 | J96: 동양램프_한국1 | K96: =IFERROR(INDEX(ShipPartShape!$A:$A,MATCH(J96,ShipPartShape!$B:$B,0)),"-") -> 46700004 | L96: 대포_기본 | M96: =IFERROR(INDEX(ShipPartShape!$A:$A,MATCH(L96,ShipPartShape!$B:$B,0)),"-") -> 46300001 | O96: =IFERROR(INDEX(ShipPartShape!$A:$A,MATCH(N96,ShipPartShape!$B:$B,0)),"-") -> - | Q96: =IFERROR(INDEX(ShipPartShape!$A:$A,MATCH(P96,ShipPartShape!$B:$B,0)),"-") -> - | S96: =IFERROR(INDEX(ShipPartShape!$A:$A,MATCH(R96,ShipPartShape!$B:$B,0)),"-") -> - | T96: 선박외형장식_B | U96: =IFERROR(INDEX(ShipPartShape!$A:$A,MATCH(T96,ShipPartShape!$B:$B,0)),"-") -> 46600002 | V96: 선박외형장식_C | W96: =IFERROR(INDEX(ShipPartShape!$A:$A,MATCH(V96,ShipPartShape!$B:$B,0)),"-") -> 46600003 | X96: 선박외형장식_D | Y96: =IFERROR(INDEX(ShipPartShape!$A:$A,MATCH(X96,ShipPartShape!$B:$B,0)),"-") -> 46600004 | Z96: 선박외형장식_G | AA96: =IFERROR(INDEX(ShipPartShape!$A:$A,MATCH(Z96,ShipPartShape!$B:$B,0)),"-") -> 46600007 | AC96: =IFERROR(INDEX(ShipPartShape!$A:$A,MATCH(AB96,ShipPartShape!$B:$B,0)),"-") -> - | AE96: =IFERROR(INDEX(ShipPartShape!$A:$A,MATCH(AD96,ShipPartShape!$B:$B,0)),"-") -> - | AG96: =IFERROR(INDEX(ShipPartShape!$A:$A,MATCH(AF96,ShipPartShape!$B:$B,0)),"-") -> - | AI96: =IFERROR(INDEX(ShipPartShape!$A:$A,MATCH(AH96,ShipPartShape!$B:$B,0)),"-") -> - | AJ96: - | AK96: - | AL96: - | AM96: - | AN96: - | AO96: - | AP96: - | AQ96: - | AR96: - | AS96: - | AT96: - | AU96: 47600017 | AV96: - | AW96: - | AX96: -
A97: =A96+1 -> 45000087 | B97: 스쿠너 | C97: SK_Ship_Schooner_Body | D97: 스쿠너돛 | E97: 700 | F97: 100 | G97: 10 | H97: -40 | I97: =IFERROR(INDEX(ShipPartShape!$A:$A,MATCH(D97,ShipPartShape!$B:$B,0)),"-") -> 46000075 | J97: 램프_기본 | K97: =IFERROR(INDEX(ShipPartShape!$A:$A,MATCH(J97,ShipPartShape!$B:$B,0)),"-") -> 46700001 | L97: 대포_기본 | M97: =IFERROR(INDEX(ShipPartShape!$A:$A,MATCH(L97,ShipPartShape!$B:$B,0)),"-") -> 46300001 | O97: =IFERROR(INDEX(ShipPartShape!$A:$A,MATCH(N97,ShipPartShape!$B:$B,0)),"-") -> - | Q97: =IFERROR(INDEX(ShipPartShape!$A:$A,MATCH(P97,ShipPartShape!$B:$B,0)),"-") -> - | S97: =IFERROR(INDEX(ShipPartShape!$A:$A,MATCH(R97,ShipPartShape!$B:$B,0)),"-") -> - | T97: 선박외형장식_D | U97: =IFERROR(INDEX(ShipPartShape!$A:$A,MATCH(T97,ShipPartShape!$B:$B,0)),"-") -> 46600004 | V97: 선박외형장식_F | W97: =IFERROR(INDEX(ShipPartShape!$A:$A,MATCH(V97,ShipPartShape!$B:$B,0)),"-") -> 46600006 | X97: 선박외형장식_G | Y97: =IFERROR(INDEX(ShipPartShape!$A:$A,MATCH(X97,ShipPartShape!$B:$B,0)),"-") -> 46600007 | AA97: =IFERROR(INDEX(ShipPartShape!$A:$A,MATCH(Z97,ShipPartShape!$B:$B,0)),"-") -> - | AC97: =IFERROR(INDEX(ShipPartShape!$A:$A,MATCH(AB97,ShipPartShape!$B:$B,0)),"-") -> - | AE97: =IFERROR(INDEX(ShipPartShape!$A:$A,MATCH(AD97,ShipPartShape!$B:$B,0)),"-") -> - | AG97: =IFERROR(INDEX(ShipPartShape!$A:$A,MATCH(AF97,ShipPartShape!$B:$B,0)),"-") -> - | AI97: =IFERROR(INDEX(ShipPartShape!$A:$A,MATCH(AH97,ShipPartShape!$B:$B,0)),"-") -> - | AJ97: - | AK97: - | AL97: - | AM97: - | AN97: - | AO97: - | AP97: - | AQ97: - | AR97: - | AS97: - | AT97: - | AU97: 47600016 | AV97: - | AW97: - | AX97: -
A98: =A97+1 -> 45000088 | B98: 삼부크 | C98: SK_Ship_Sambuk_Body | D98: 삼부크돛 | E98: 700 | F98: 100 | G98: 30 | H98: -40 | I98: =IFERROR(INDEX(ShipPartShape!$A:$A,MATCH(D98,ShipPartShape!$B:$B,0)),"-") -> 46000076 | J98: 서양램프_이슬람2 | K98: =IFERROR(INDEX(ShipPartShape!$A:$A,MATCH(J98,ShipPartShape!$B:$B,0)),"-") -> 46700016 | L98: 대포_기본 | M98: =IFERROR(INDEX(ShipPartShape!$A:$A,MATCH(L98,ShipPartShape!$B:$B,0)),"-") -> 46300001 | O98: =IFERROR(INDEX(ShipPartShape!$A:$A,MATCH(N98,ShipPartShape!$B:$B,0)),"-") -> - | Q98: =IFERROR(INDEX(ShipPartShape!$A:$A,MATCH(P98,ShipPartShape!$B:$B,0)),"-") -> - | S98: =IFERROR(INDEX(ShipPartShape!$A:$A,MATCH(R98,ShipPartShape!$B:$B,0)),"-") -> - | T98: 선박외형장식_A | U98: =IFERROR(INDEX(ShipPartShape!$A:$A,MATCH(T98,ShipPartShape!$B:$B,0)),"-") -> 46600001 | V98: 선박외형장식_C | W98: =IFERROR(INDEX(ShipPartShape!$A:$A,MATCH(V98,ShipPartShape!$B:$B,0)),"-") -> 46600003 | X98: 선박외형장식_E | Y98: =IFERROR(INDEX(ShipPartShape!$A:$A,MATCH(X98,ShipPartShape!$B:$B,0)),"-") -> 46600005 | Z98: 선박외형장식_F | AA98: =IFERROR(INDEX(ShipPartShape!$A:$A,MATCH(Z98,ShipPartShape!$B:$B,0)),"-") -> 46600006 | AB98: 선박외형장식_H | AC98: =IFERROR(INDEX(ShipPartShape!$A:$A,MATCH(AB98,ShipPartShape!$B:$B,0)),"-") -> 46600008 | AE98: =IFERROR(INDEX(ShipPartShape!$A:$A,MATCH(AD98,ShipPartShape!$B:$B,0)),"-") -> - | AG98: =IFERROR(INDEX(ShipPartShape!$A:$A,MATCH(AF98,ShipPartShape!$B:$B,0)),"-") -> - | AI98: =IFERROR(INDEX(ShipPartShape!$A:$A,MATCH(AH98,ShipPartShape!$B:$B,0)),"-") -> - | AJ98: - | AK98: - | AL98: - | AM98: - | AN98: - | AO98: - | AP98: - | AQ98: - | AR98: - | AS98: - | AT98: - | AU98: 47600016 | AV98: - | AW98: - | AX98: -
A99: =A98+1 -> 45000089 | B99: 펠러커 | C99: SK_Ship_Felucca_Body | D99: 펠러커돛 | E99: 700 | F99: 100 | G99: 10 | H99: -40 | I99: =IFERROR(INDEX(ShipPartShape!$A:$A,MATCH(D99,ShipPartShape!$B:$B,0)),"-") -> 46000077 | J99: 램프_기본 | K99: =IFERROR(INDEX(ShipPartShape!$A:$A,MATCH(J99,ShipPartShape!$B:$B,0)),"-") -> 46700001 | M99: =IFERROR(INDEX(ShipPartShape!$A:$A,MATCH(L99,ShipPartShape!$B:$B,0)),"-") -> - | O99: =IFERROR(INDEX(ShipPartShape!$A:$A,MATCH(N99,ShipPartShape!$B:$B,0)),"-") -> - | Q99: =IFERROR(INDEX(ShipPartShape!$A:$A,MATCH(P99,ShipPartShape!$B:$B,0)),"-") -> - | S99: =IFERROR(INDEX(ShipPartShape!$A:$A,MATCH(R99,ShipPartShape!$B:$B,0)),"-") -> - | T99: 선박외형장식_C | U99: =IFERROR(INDEX(ShipPartShape!$A:$A,MATCH(T99,ShipPartShape!$B:$B,0)),"-") -> 46600003 | V99: 선박외형장식_D | W99: =IFERROR(INDEX(ShipPartShape!$A:$A,MATCH(V99,ShipPartShape!$B:$B,0)),"-") -> 46600004 | X99: 선박외형장식_G | Y99: =IFERROR(INDEX(ShipPartShape!$A:$A,MATCH(X99,ShipPartShape!$B:$B,0)),"-") -> 46600007 | Z99: 선박외형장식_J | AA99: =IFERROR(INDEX(ShipPartShape!$A:$A,MATCH(Z99,ShipPartShape!$B:$B,0)),"-") -> 46600010 | AC99: =IFERROR(INDEX(ShipPartShape!$A:$A,MATCH(AB99,ShipPartShape!$B:$B,0)),"-") -> - | AE99: =IFERROR(INDEX(ShipPartShape!$A:$A,MATCH(AD99,ShipPartShape!$B:$B,0)),"-") -> - | AG99: =IFERROR(INDEX(ShipPartShape!$A:$A,MATCH(AF99,ShipPartShape!$B:$B,0)),"-") -> - | AI99: =IFERROR(INDEX(ShipPartShape!$A:$A,MATCH(AH99,ShipPartShape!$B:$B,0)),"-") -> - | AJ99: - | AK99: - | AL99: - | AM99: - | AN99: - | AO99: - | AP99: - | AQ99: - | AR99: - | AS99: - | AT99: - | AU99: 47600015 | AV99: - | AW99: - | AX99: -
A100: =A99+1 -> 45000090 | B100: 핀네스 | C100: SK_Ship_Pinnace_Body | D100: 핀네스돛 | E100: 700 | F100: 100 | G100: 20 | H100: -40 | I100: =IFERROR(INDEX(ShipPartShape!$A:$A,MATCH(D100,ShipPartShape!$B:$B,0)),"-") -> 46000078 | J100: 서양램프_유럽2 | K100: =IFERROR(INDEX(ShipPartShape!$A:$A,MATCH(J100,ShipPartShape!$B:$B,0)),"-") -> 46700013 | L100: 대포_기본 | M100: =IFERROR(INDEX(ShipPartShape!$A:$A,MATCH(L100,ShipPartShape!$B:$B,0)),"-") -> 46300001 | O100: =IFERROR(INDEX(ShipPartShape!$A:$A,MATCH(N100,ShipPartShape!$B:$B,0)),"-") -> - | Q100: =IFERROR(INDEX(ShipPartShape!$A:$A,MATCH(P100,ShipPartShape!$B:$B,0)),"-") -> - | S100: =IFERROR(INDEX(ShipPartShape!$A:$A,MATCH(R100,ShipPartShape!$B:$B,0)),"-") -> - | T100: 선박외형장식_A | U100: =IFERROR(INDEX(ShipPartShape!$A:$A,MATCH(T100,ShipPartShape!$B:$B,0)),"-") -> 46600001 | V100: 선박외형장식_E | W100: =IFERROR(INDEX(ShipPartShape!$A:$A,MATCH(V100,ShipPartShape!$B:$B,0)),"-") -> 46600005 | X100: 선박외형장식_G | Y100: =IFERROR(INDEX(ShipPartShape!$A:$A,MATCH(X100,ShipPartShape!$B:$B,0)),"-") -> 46600007 | AA100: =IFERROR(INDEX(ShipPartShape!$A:$A,MATCH(Z100,ShipPartShape!$B:$B,0)),"-") -> - | AC100: =IFERROR(INDEX(ShipPartShape!$A:$A,MATCH(AB100,ShipPartShape!$B:$B,0)),"-") -> - | AE100: =IFERROR(INDEX(ShipPartShape!$A:$A,MATCH(AD100,ShipPartShape!$B:$B,0)),"-") -> - | AG100: =IFERROR(INDEX(ShipPartShape!$A:$A,MATCH(AF100,ShipPartShape!$B:$B,0)),"-") -> - | AI100: =IFERROR(INDEX(ShipPartShape!$A:$A,MATCH(AH100,ShipPartShape!$B:$B,0)),"-") -> - | AJ100: - | AK100: - | AL100: - | AM100: - | AN100: - | AO100: - | AP100: - | AQ100: - | AR100: - | AS100: - | AT100: - | AU100: 47600016 | AV100: - | AW100: - | AX100: -
A101: =A100+1 -> 45000091 | B101: 프류트 | C101: SK_Ship_Fluyt_Body | D101: 프류트돛 | E101: 700 | F101: 100 | G101: - | H101: -40 | I101: =IFERROR(INDEX(ShipPartShape!$A:$A,MATCH(D101,ShipPartShape!$B:$B,0)),"-") -> 46000079 | J101: 서양램프_유럽2 | K101: =IFERROR(INDEX(ShipPartShape!$A:$A,MATCH(J101,ShipPartShape!$B:$B,0)),"-") -> 46700013 | L101: 대포_기본 | M101: =IFERROR(INDEX(ShipPartShape!$A:$A,MATCH(L101,ShipPartShape!$B:$B,0)),"-") -> 46300001 | O101: =IFERROR(INDEX(ShipPartShape!$A:$A,MATCH(N101,ShipPartShape!$B:$B,0)),"-") -> - | Q101: =IFERROR(INDEX(ShipPartShape!$A:$A,MATCH(P101,ShipPartShape!$B:$B,0)),"-") -> - | S101: =IFERROR(INDEX(ShipPartShape!$A:$A,MATCH(R101,ShipPartShape!$B:$B,0)),"-") -> - | T101: 선박외형장식_B | U101: =IFERROR(INDEX(ShipPartShape!$A:$A,MATCH(T101,ShipPartShape!$B:$B,0)),"-") -> 46600002 | V101: 선박외형장식_E | W101: =IFERROR(INDEX(ShipPartShape!$A:$A,MATCH(V101,ShipPartShape!$B:$B,0)),"-") -> 46600005 | X101: 선박외형장식_G | Y101: =IFERROR(INDEX(ShipPartShape!$A:$A,MATCH(X101,ShipPartShape!$B:$B,0)),"-") -> 46600007 | AA101: =IFERROR(INDEX(ShipPartShape!$A:$A,MATCH(Z101,ShipPartShape!$B:$B,0)),"-") -> - | AC101: =IFERROR(INDEX(ShipPartShape!$A:$A,MATCH(AB101,ShipPartShape!$B:$B,0)),"-") -> - | AE101: =IFERROR(INDEX(ShipPartShape!$A:$A,MATCH(AD101,ShipPartShape!$B:$B,0)),"-") -> - | AG101: =IFERROR(INDEX(ShipPartShape!$A:$A,MATCH(AF101,ShipPartShape!$B:$B,0)),"-") -> - | AI101: =IFERROR(INDEX(ShipPartShape!$A:$A,MATCH(AH101,ShipPartShape!$B:$B,0)),"-") -> - | AJ101: - | AK101: - | AL101: - | AM101: - | AN101: - | AO101: - | AP101: - | AQ101: - | AR101: - | AS101: - | AT101: - | AU101: 47600016 | AV101: - | AW101: - | AX101: -
A102: =A101+1 -> 45000092 | B102: 지벡 | C102: SK_Ship_Xebec_Body | D102: 지벡돛 | E102: 700 | F102: 100 | G102: -10 | H102: -40 | I102: =IFERROR(INDEX(ShipPartShape!$A:$A,MATCH(D102,ShipPartShape!$B:$B,0)),"-") -> 46000080 | J102: 서양램프_이슬람2 | K102: =IFERROR(INDEX(ShipPartShape!$A:$A,MATCH(J102,ShipPartShape!$B:$B,0)),"-") -> 46700016 | L102: 대포_기본 | M102: =IFERROR(INDEX(ShipPartShape!$A:$A,MATCH(L102,ShipPartShape!$B:$B,0)),"-") -> 46300001 | O102: =IFERROR(INDEX(ShipPartShape!$A:$A,MATCH(N102,ShipPartShape!$B:$B,0)),"-") -> - | Q102: =IFERROR(INDEX(ShipPartShape!$A:$A,MATCH(P102,ShipPartShape!$B:$B,0)),"-") -> - | S102: =IFERROR(INDEX(ShipPartShape!$A:$A,MATCH(R102,ShipPartShape!$B:$B,0)),"-") -> - | T102: 선박외형장식_A | U102: =IFERROR(INDEX(ShipPartShape!$A:$A,MATCH(T102,ShipPartShape!$B:$B,0)),"-") -> 46600001 | V102: 선박외형장식_F | W102: =IFERROR(INDEX(ShipPartShape!$A:$A,MATCH(V102,ShipPartShape!$B:$B,0)),"-") -> 46600006 | X102: 선박외형장식_J | Y102: =IFERROR(INDEX(ShipPartShape!$A:$A,MATCH(X102,ShipPartShape!$B:$B,0)),"-") -> 46600010 | AA102: =IFERROR(INDEX(ShipPartShape!$A:$A,MATCH(Z102,ShipPartShape!$B:$B,0)),"-") -> - | AC102: =IFERROR(INDEX(ShipPartShape!$A:$A,MATCH(AB102,ShipPartShape!$B:$B,0)),"-") -> - | AE102: =IFERROR(INDEX(ShipPartShape!$A:$A,MATCH(AD102,ShipPartShape!$B:$B,0)),"-") -> - | AG102: =IFERROR(INDEX(ShipPartShape!$A:$A,MATCH(AF102,ShipPartShape!$B:$B,0)),"-") -> - | AI102: =IFERROR(INDEX(ShipPartShape!$A:$A,MATCH(AH102,ShipPartShape!$B:$B,0)),"-") -> - | AJ102: - | AK102: - | AL102: - | AM102: - | AN102: - | AO102: - | AP102: - | AQ102: - | AR102: - | AS102: - | AT102: - | AU102: 47600016 | AV102: - | AW102: - | AX102: -
...

Sheet ShipPartShape
A1: id | D1: partType | E1: assetName | G1: assetType | H1: socket | I1: startSocketNum | J1: endSocketNum | K1: lightBpName | L1: lightBpOffset | N1: detailMode | O1: drawDistance | Q1: sailPattern | S1: sailCrest | T1: materials[0]["index"] | U1: materials[0]["name"] | V1: materials[1]["index"] | W1: materials[1]["name"] | X1: materials[2]["index"] | Y1: materials[2]["name"] | Z1: materials[3]["index"] | AA1: materials[3]["name"]
A2: key:46000000~46999999 | D2: number | E2: string | G2: number | H2: string | I2: number | J2: number | K2: string | L2: [number] | N2: number | O2: number | Q2: number | S2: number | T2: number | U2: string | V2: number | W2: string | X2: number | Y2: string | Z2: number | AA2: string
A3: :required | B3: - | C3: - | D3: 1 | E3: 1 | F3: - | G3: 1 | H3: - | I3: - | J3: - | K3: - | L3: - | M3: - | N3: - | O3: - | Q3: - | S3: - | T3: - | U3: - | V3: - | W3: - | X3: - | Y3: - | Z3: - | AA3: -
A4: :requireedInObject | B4: - | C4: - | D4: - | E4: - | F4: - | G4: - | H4: - | I4: - | J4: - | K4: - | L4: - | M4: - | N4: - | O4: - | Q4: - | S4: - | T4: 1 | U4: 1 | V4: 1 | W4: 1 | X4: 1 | Y4: 1 | Z4: 1 | AA4: 1
A5: :min | B5: - | C5: - | D5: - | E5: - | F5: - | G5: - | H5: - | I5: - | J5: - | K5: - | L5: - | M5: - | N5: - | O5: - | Q5: - | S5: - | T5: - | U5: - | V5: - | W5: - | X5: - | Y5: - | Z5: - | AA5: -
A6: :max | B6: - | C6: - | D6: - | E6: - | F6: - | G6: - | H6: - | I6: - | J6: - | K6: - | L6: - | M6: - | N6: - | O6: - | Q6: - | S6: - | T6: - | U6: - | V6: - | W6: - | X6: - | Y6: - | Z6: - | AA6: -
A7: :enum | B7: - | C7: - | D7: - | E7: - | F7: - | G7: - | H7: - | I7: - | J7: - | K7: - | L7: - | M7: - | N7: - | O7: - | Q7: - | S7: - | T7: - | U7: - | V7: - | W7: - | X7: - | Y7: - | Z7: - | AA7: -
A8: :links | B8: - | C8: - | D8: - | E8: - | F8: - | G8: - | H8: - | I8: - | J8: - | K8: - | L8: - | M8: - | N8: - | O8: - | Q8: "SailPattern" | S8: "SailCrest" | T8: - | U8: - | V8: - | W8: - | X8: - | Y8: - | Z8: - | AA8: -
A9: :asset | B9: - | C9: - | D9: - | E9: 1 | F9: - | G9: - | H9: - | I9: - | J9: - | K9: - | L9: - | M9: - | N9: - | O9: - | Q9: - | S9: - | T9: - | U9: 1 | V9: - | W9: 1 | X9: - | Y9: 1 | Z9: - | AA9: 1
A10: 46000001 | B10: 캐러벨흰색돛 | C10: Sail | D10: =IFERROR(VLOOKUP(C10,ShipShapeEnum!$E:$F,2,FALSE),"-") -> 1 | E10: SK_Ship_Caravel_Sail | F10: SkeletalMesh | G10: =IFERROR(VLOOKUP(F10,ShipShapeEnum!$B:$C,2,FALSE),"-") -> 1 | H10: - | I10: - | J10: - | K10: - | L10: - | M10: Low | N10: =IFERROR(VLOOKUP(M10,ShipShapeEnum!$H:$I,2,FALSE),"-") -> 1 | O10: - | Q10: =IFERROR(INDEX(SailPattern!$A:$A,MATCH(P10,SailPattern!$B:$B,0)),"-") -> - | S10: =IFERROR(INDEX(SailCrest!$A:$A,MATCH(R10,SailCrest!$B:$B,0)),"-") -> - | T10: 2 | U10: M_Ship_Sail_Inst | V10: - | W10: - | X10: - | Y10: - | Z10: - | AA10: -
A11: =A10+1 -> 46000002 | B11: 캐러벨적색돛 | C11: Sail | D11: =IFERROR(VLOOKUP(C11,ShipShapeEnum!$E:$F,2,FALSE),"-") -> 1 | E11: SK_Ship_Caravel_Sail | F11: SkeletalMesh | G11: =IFERROR(VLOOKUP(F11,ShipShapeEnum!$B:$C,2,FALSE),"-") -> 1 | H11: - | I11: - | J11: - | K11: - | L11: - | M11: Low | N11: =IFERROR(VLOOKUP(M11,ShipShapeEnum!$H:$I,2,FALSE),"-") -> 1 | O11: - | Q11: =IFERROR(INDEX(SailPattern!$A:$A,MATCH(P11,SailPattern!$B:$B,0)),"-") -> - | S11: =IFERROR(INDEX(SailCrest!$A:$A,MATCH(R11,SailCrest!$B:$B,0)),"-") -> - | T11: - | U11: - | V11: - | W11: - | X11: - | Y11: - | Z11: - | AA11: -
A12: =A11+1 -> 46000003 | B12: 캐러벨유령선돛 | C12: Sail | D12: =IFERROR(VLOOKUP(C12,ShipShapeEnum!$E:$F,2,FALSE),"-") -> 1 | E12: SK_Ship_Caravel_Sail | F12: SkeletalMesh | G12: =IFERROR(VLOOKUP(F12,ShipShapeEnum!$B:$C,2,FALSE),"-") -> 1 | H12: - | I12: - | J12: - | K12: - | L12: - | M12: Low | N12: =IFERROR(VLOOKUP(M12,ShipShapeEnum!$H:$I,2,FALSE),"-") -> 1 | O12: - | Q12: =IFERROR(INDEX(SailPattern!$A:$A,MATCH(P12,SailPattern!$B:$B,0)),"-") -> - | S12: =IFERROR(INDEX(SailCrest!$A:$A,MATCH(R12,SailCrest!$B:$B,0)),"-") -> - | T12: 2 | U12: M_Ship_Sail_BlackDamaged_Inst | V12: 3 | W12: M_Ship_Sail_BlackDamaged_Inst | X12: - | Y12: - | Z12: - | AA12: -
A13: =A12+1 -> 46000004 | B13: 캐러벨적백돛 | C13: Sail | D13: =IFERROR(VLOOKUP(C13,ShipShapeEnum!$E:$F,2,FALSE),"-") -> 1 | E13: SK_Ship_Caravel_Sail | F13: SkeletalMesh | G13: =IFERROR(VLOOKUP(F13,ShipShapeEnum!$B:$C,2,FALSE),"-") -> 1 | H13: - | I13: - | J13: - | K13: - | L13: - | M13: Low | N13: =IFERROR(VLOOKUP(M13,ShipShapeEnum!$H:$I,2,FALSE),"-") -> 1 | O13: - | Q13: =IFERROR(INDEX(SailPattern!$A:$A,MATCH(P13,SailPattern!$B:$B,0)),"-") -> - | S13: =IFERROR(INDEX(SailCrest!$A:$A,MATCH(R13,SailCrest!$B:$B,0)),"-") -> - | T13: - | U13: - | V13: - | W13: - | X13: - | Y13: - | Z13: - | AA13: -
A14: =A13+1 -> 46000005 | B14: 캐러벨적흑돛 | C14: Sail | D14: =IFERROR(VLOOKUP(C14,ShipShapeEnum!$E:$F,2,FALSE),"-") -> 1 | E14: SK_Ship_Caravel_Sail | F14: SkeletalMesh | G14: =IFERROR(VLOOKUP(F14,ShipShapeEnum!$B:$C,2,FALSE),"-") -> 1 | H14: - | I14: - | J14: - | K14: - | L14: - | M14: Low | N14: =IFERROR(VLOOKUP(M14,ShipShapeEnum!$H:$I,2,FALSE),"-") -> 1 | O14: - | Q14: =IFERROR(INDEX(SailPattern!$A:$A,MATCH(P14,SailPattern!$B:$B,0)),"-") -> - | S14: =IFERROR(INDEX(SailCrest!$A:$A,MATCH(R14,SailCrest!$B:$B,0)),"-") -> - | T14: 2 | U14: M_Ship_Sail_BlackRed_Inst | V14: 3 | W14: M_Ship_Sail_BlackRed_Inst | X14: - | Y14: - | Z14: - | AA14: -
A15: =A14+1 -> 46000006 | B15: 캐러벨적흑돛_해골 | C15: Sail | D15: =IFERROR(VLOOKUP(C15,ShipShapeEnum!$E:$F,2,FALSE),"-") -> 1 | E15: SK_Ship_Caravel_Sail | F15: SkeletalMesh | G15: =IFERROR(VLOOKUP(F15,ShipShapeEnum!$B:$C,2,FALSE),"-") -> 1 | H15: - | I15: - | J15: - | K15: - | L15: - | M15: Low | N15: =IFERROR(VLOOKUP(M15,ShipShapeEnum!$H:$I,2,FALSE),"-") -> 1 | O15: - | Q15: =IFERROR(INDEX(SailPattern!$A:$A,MATCH(P15,SailPattern!$B:$B,0)),"-") -> - | S15: =IFERROR(INDEX(SailCrest!$A:$A,MATCH(R15,SailCrest!$B:$B,0)),"-") -> - | T15: - | U15: - | V15: - | W15: - | X15: - | Y15: - | Z15: - | AA15: -
A16: =A15+1 -> 46000007 | B16: 캐러벨무적함대돛 | C16: Sail | D16: =IFERROR(VLOOKUP(C16,ShipShapeEnum!$E:$F,2,FALSE),"-") -> 1 | E16: SK_Ship_Caravel_Sail | F16: SkeletalMesh | G16: =IFERROR(VLOOKUP(F16,ShipShapeEnum!$B:$C,2,FALSE),"-") -> 1 | H16: - | I16: - | J16: - | K16: - | L16: - | M16: Low | N16: =IFERROR(VLOOKUP(M16,ShipShapeEnum!$H:$I,2,FALSE),"-") -> 1 | O16: - | Q16: =IFERROR(INDEX(SailPattern!$A:$A,MATCH(P16,SailPattern!$B:$B,0)),"-") -> - | S16: =IFERROR(INDEX(SailCrest!$A:$A,MATCH(R16,SailCrest!$B:$B,0)),"-") -> - | T16: 2 | U16: M_Ship_Sail_Armada_Emblem_Inst | V16: 3 | W16: M_Ship_Sail_Triagle_Armada_Inst | X16: - | Y16: - | Z16: - | AA16: -
A17: =A16+1 -> 46000008 | B17: 바르카3흰색돛 | C17: Sail | D17: =IFERROR(VLOOKUP(C17,ShipShapeEnum!$E:$F,2,FALSE),"-") -> 1 | E17: SK_Ship_Barca_TriangleSail | F17: SkeletalMesh | G17: =IFERROR(VLOOKUP(F17,ShipShapeEnum!$B:$C,2,FALSE),"-") -> 1 | H17: - | I17: - | J17: - | K17: - | L17: - | M17: Low | N17: =IFERROR(VLOOKUP(M17,ShipShapeEnum!$H:$I,2,FALSE),"-") -> 1 | O17: - | Q17: =IFERROR(INDEX(SailPattern!$A:$A,MATCH(P17,SailPattern!$B:$B,0)),"-") -> - | S17: =IFERROR(INDEX(SailCrest!$A:$A,MATCH(R17,SailCrest!$B:$B,0)),"-") -> - | T17: 2 | U17: M_Ship_Sail_Inst | V17: - | W17: - | X17: - | Y17: - | Z17: - | AA17: -
A18: =A17+1 -> 46000009 | B18: 바르카3적색돛 | C18: Sail | D18: =IFERROR(VLOOKUP(C18,ShipShapeEnum!$E:$F,2,FALSE),"-") -> 1 | E18: SK_Ship_Barca_TriangleSail | F18: SkeletalMesh | G18: =IFERROR(VLOOKUP(F18,ShipShapeEnum!$B:$C,2,FALSE),"-") -> 1 | H18: - | I18: - | J18: - | K18: - | L18: - | M18: Low | N18: =IFERROR(VLOOKUP(M18,ShipShapeEnum!$H:$I,2,FALSE),"-") -> 1 | O18: - | Q18: =IFERROR(INDEX(SailPattern!$A:$A,MATCH(P18,SailPattern!$B:$B,0)),"-") -> - | S18: =IFERROR(INDEX(SailCrest!$A:$A,MATCH(R18,SailCrest!$B:$B,0)),"-") -> - | T18: - | U18: - | V18: - | W18: - | X18: - | Y18: - | Z18: - | AA18: -
A19: =A18+1 -> 46000010 | B19: 바르카3유령선돛 | C19: Sail | D19: =IFERROR(VLOOKUP(C19,ShipShapeEnum!$E:$F,2,FALSE),"-") -> 1 | E19: SK_Ship_Barca_TriangleSail | F19: SkeletalMesh | G19: =IFERROR(VLOOKUP(F19,ShipShapeEnum!$B:$C,2,FALSE),"-") -> 1 | H19: - | I19: - | J19: - | K19: - | L19: - | M19: Low | N19: =IFERROR(VLOOKUP(M19,ShipShapeEnum!$H:$I,2,FALSE),"-") -> 1 | O19: - | Q19: =IFERROR(INDEX(SailPattern!$A:$A,MATCH(P19,SailPattern!$B:$B,0)),"-") -> - | S19: =IFERROR(INDEX(SailCrest!$A:$A,MATCH(R19,SailCrest!$B:$B,0)),"-") -> - | T19: 2 | U19: M_Ship_Sail_BlackDamaged_Inst | V19: - | W19: - | X19: - | Y19: - | Z19: - | AA19: -
A20: =A19+1 -> 46000011 | B20: 바르카3적백돛 | C20: Sail | D20: =IFERROR(VLOOKUP(C20,ShipShapeEnum!$E:$F,2,FALSE),"-") -> 1 | E20: SK_Ship_Barca_TriangleSail | F20: SkeletalMesh | G20: =IFERROR(VLOOKUP(F20,ShipShapeEnum!$B:$C,2,FALSE),"-") -> 1 | H20: - | I20: - | J20: - | K20: - | L20: - | M20: Low | N20: =IFERROR(VLOOKUP(M20,ShipShapeEnum!$H:$I,2,FALSE),"-") -> 1 | O20: - | Q20: =IFERROR(INDEX(SailPattern!$A:$A,MATCH(P20,SailPattern!$B:$B,0)),"-") -> - | S20: =IFERROR(INDEX(SailCrest!$A:$A,MATCH(R20,SailCrest!$B:$B,0)),"-") -> - | T20: - | U20: - | V20: - | W20: - | X20: - | Y20: - | Z20: - | AA20: -
A21: =A20+1 -> 46000012 | B21: 바르카3적흑돛 | C21: Sail | D21: =IFERROR(VLOOKUP(C21,ShipShapeEnum!$E:$F,2,FALSE),"-") -> 1 | E21: SK_Ship_Barca_TriangleSail | F21: SkeletalMesh | G21: =IFERROR(VLOOKUP(F21,ShipShapeEnum!$B:$C,2,FALSE),"-") -> 1 | H21: - | I21: - | J21: - | K21: - | L21: - | M21: Low | N21: =IFERROR(VLOOKUP(M21,ShipShapeEnum!$H:$I,2,FALSE),"-") -> 1 | O21: - | Q21: =IFERROR(INDEX(SailPattern!$A:$A,MATCH(P21,SailPattern!$B:$B,0)),"-") -> - | S21: =IFERROR(INDEX(SailCrest!$A:$A,MATCH(R21,SailCrest!$B:$B,0)),"-") -> - | T21: 2 | U21: M_Ship_Sail_BlackRed_Inst | V21: - | W21: - | X21: - | Y21: - | Z21: - | AA21: -
A22: =A21+1 -> 46000013 | B22: 바르카3적흑돛_해골 | C22: Sail | D22: =IFERROR(VLOOKUP(C22,ShipShapeEnum!$E:$F,2,FALSE),"-") -> 1 | E22: SK_Ship_Barca_TriangleSail | F22: SkeletalMesh | G22: =IFERROR(VLOOKUP(F22,ShipShapeEnum!$B:$C,2,FALSE),"-") -> 1 | H22: - | I22: - | J22: - | K22: - | L22: - | M22: Low | N22: =IFERROR(VLOOKUP(M22,ShipShapeEnum!$H:$I,2,FALSE),"-") -> 1 | O22: - | Q22: =IFERROR(INDEX(SailPattern!$A:$A,MATCH(P22,SailPattern!$B:$B,0)),"-") -> - | S22: =IFERROR(INDEX(SailCrest!$A:$A,MATCH(R22,SailCrest!$B:$B,0)),"-") -> - | T22: - | U22: - | V22: - | W22: - | X22: - | Y22: - | Z22: - | AA22: -
A23: =A22+1 -> 46000014 | B23: 바르카4흰색돛 | C23: Sail | D23: =IFERROR(VLOOKUP(C23,ShipShapeEnum!$E:$F,2,FALSE),"-") -> 1 | E23: SK_Ship_Barca_SquareSail | F23: SkeletalMesh | G23: =IFERROR(VLOOKUP(F23,ShipShapeEnum!$B:$C,2,FALSE),"-") -> 1 | H23: - | I23: - | J23: - | K23: - | L23: - | M23: Low | N23: =IFERROR(VLOOKUP(M23,ShipShapeEnum!$H:$I,2,FALSE),"-") -> 1 | O23: - | Q23: =IFERROR(INDEX(SailPattern!$A:$A,MATCH(P23,SailPattern!$B:$B,0)),"-") -> - | S23: =IFERROR(INDEX(SailCrest!$A:$A,MATCH(R23,SailCrest!$B:$B,0)),"-") -> - | T23: 2 | U23: M_Ship_Sail_Inst | V23: - | W23: - | X23: - | Y23: - | Z23: - | AA23: -
A24: =A23+1 -> 46000015 | B24: 바르카4적색돛 | C24: Sail | D24: =IFERROR(VLOOKUP(C24,ShipShapeEnum!$E:$F,2,FALSE),"-") -> 1 | E24: SK_Ship_Barca_SquareSail | F24: SkeletalMesh | G24: =IFERROR(VLOOKUP(F24,ShipShapeEnum!$B:$C,2,FALSE),"-") -> 1 | H24: - | I24: - | J24: - | K24: - | L24: - | M24: Low | N24: =IFERROR(VLOOKUP(M24,ShipShapeEnum!$H:$I,2,FALSE),"-") -> 1 | O24: - | Q24: =IFERROR(INDEX(SailPattern!$A:$A,MATCH(P24,SailPattern!$B:$B,0)),"-") -> - | S24: =IFERROR(INDEX(SailCrest!$A:$A,MATCH(R24,SailCrest!$B:$B,0)),"-") -> - | T24: - | U24: - | V24: - | W24: - | X24: - | Y24: - | Z24: - | AA24: -
A25: =A24+1 -> 46000016 | B25: 바르카4유령선돛 | C25: Sail | D25: =IFERROR(VLOOKUP(C25,ShipShapeEnum!$E:$F,2,FALSE),"-") -> 1 | E25: SK_Ship_Barca_SquareSail | F25: SkeletalMesh | G25: =IFERROR(VLOOKUP(F25,ShipShapeEnum!$B:$C,2,FALSE),"-") -> 1 | H25: - | I25: - | J25: - | K25: - | L25: - | M25: Low | N25: =IFERROR(VLOOKUP(M25,ShipShapeEnum!$H:$I,2,FALSE),"-") -> 1 | O25: - | Q25: =IFERROR(INDEX(SailPattern!$A:$A,MATCH(P25,SailPattern!$B:$B,0)),"-") -> - | S25: =IFERROR(INDEX(SailCrest!$A:$A,MATCH(R25,SailCrest!$B:$B,0)),"-") -> - | T25: 2 | U25: M_Ship_Sail_BlackDamaged_Inst | V25: - | W25: - | X25: - | Y25: - | Z25: - | AA25: -
A26: =A25+1 -> 46000017 | B26: 바르카4적백돛 | C26: Sail | D26: =IFERROR(VLOOKUP(C26,ShipShapeEnum!$E:$F,2,FALSE),"-") -> 1 | E26: SK_Ship_Barca_SquareSail | F26: SkeletalMesh | G26: =IFERROR(VLOOKUP(F26,ShipShapeEnum!$B:$C,2,FALSE),"-") -> 1 | H26: - | I26: - | J26: - | K26: - | L26: - | M26: Low | N26: =IFERROR(VLOOKUP(M26,ShipShapeEnum!$H:$I,2,FALSE),"-") -> 1 | O26: - | Q26: =IFERROR(INDEX(SailPattern!$A:$A,MATCH(P26,SailPattern!$B:$B,0)),"-") -> - | S26: =IFERROR(INDEX(SailCrest!$A:$A,MATCH(R26,SailCrest!$B:$B,0)),"-") -> - | T26: - | U26: - | V26: - | W26: - | X26: - | Y26: - | Z26: - | AA26: -
A27: =A26+1 -> 46000018 | B27: 바르카4적흑돛 | C27: Sail | D27: =IFERROR(VLOOKUP(C27,ShipShapeEnum!$E:$F,2,FALSE),"-") -> 1 | E27: SK_Ship_Barca_SquareSail | F27: SkeletalMesh | G27: =IFERROR(VLOOKUP(F27,ShipShapeEnum!$B:$C,2,FALSE),"-") -> 1 | H27: - | I27: - | J27: - | K27: - | L27: - | M27: Low | N27: =IFERROR(VLOOKUP(M27,ShipShapeEnum!$H:$I,2,FALSE),"-") -> 1 | O27: - | Q27: =IFERROR(INDEX(SailPattern!$A:$A,MATCH(P27,SailPattern!$B:$B,0)),"-") -> - | S27: =IFERROR(INDEX(SailCrest!$A:$A,MATCH(R27,SailCrest!$B:$B,0)),"-") -> - | T27: 2 | U27: M_Ship_Sail_BlackRed_Inst | V27: - | W27: - | X27: - | Y27: - | Z27: - | AA27: -
A28: =A27+1 -> 46000019 | B28: 바르카4적흑돛_해골 | C28: Sail | D28: =IFERROR(VLOOKUP(C28,ShipShapeEnum!$E:$F,2,FALSE),"-") -> 1 | E28: SK_Ship_Barca_SquareSail | F28: SkeletalMesh | G28: =IFERROR(VLOOKUP(F28,ShipShapeEnum!$B:$C,2,FALSE),"-") -> 1 | H28: - | I28: - | J28: - | K28: - | L28: - | M28: Low | N28: =IFERROR(VLOOKUP(M28,ShipShapeEnum!$H:$I,2,FALSE),"-") -> 1 | O28: - | Q28: =IFERROR(INDEX(SailPattern!$A:$A,MATCH(P28,SailPattern!$B:$B,0)),"-") -> - | S28: =IFERROR(INDEX(SailCrest!$A:$A,MATCH(R28,SailCrest!$B:$B,0)),"-") -> - | T28: - | U28: - | V28: - | W28: - | X28: - | Y28: - | Z28: - | AA28: -
A29: =A28+1 -> 46000020 | B29: 한자코그흰색돛 | C29: Sail | D29: =IFERROR(VLOOKUP(C29,ShipShapeEnum!$E:$F,2,FALSE),"-") -> 1 | E29: SK_Ship_HansaCog_Sail | F29: SkeletalMesh | G29: =IFERROR(VLOOKUP(F29,ShipShapeEnum!$B:$C,2,FALSE),"-") -> 1 | H29: - | I29: - | J29: - | K29: - | L29: - | M29: Low | N29: =IFERROR(VLOOKUP(M29,ShipShapeEnum!$H:$I,2,FALSE),"-") -> 1 | O29: - | Q29: =IFERROR(INDEX(SailPattern!$A:$A,MATCH(P29,SailPattern!$B:$B,0)),"-") -> - | S29: =IFERROR(INDEX(SailCrest!$A:$A,MATCH(R29,SailCrest!$B:$B,0)),"-") -> - | T29: 2 | U29: M_Ship_Sail_Inst | V29: - | W29: - | X29: - | Y29: - | Z29: - | AA29: -
A30: =A29+1 -> 46000021 | B30: 한자코그적색돛 | C30: Sail | D30: =IFERROR(VLOOKUP(C30,ShipShapeEnum!$E:$F,2,FALSE),"-") -> 1 | E30: SK_Ship_HansaCog_Sail | F30: SkeletalMesh | G30: =IFERROR(VLOOKUP(F30,ShipShapeEnum!$B:$C,2,FALSE),"-") -> 1 | H30: - | I30: - | J30: - | K30: - | L30: - | M30: Low | N30: =IFERROR(VLOOKUP(M30,ShipShapeEnum!$H:$I,2,FALSE),"-") -> 1 | O30: - | Q30: =IFERROR(INDEX(SailPattern!$A:$A,MATCH(P30,SailPattern!$B:$B,0)),"-") -> - | S30: =IFERROR(INDEX(SailCrest!$A:$A,MATCH(R30,SailCrest!$B:$B,0)),"-") -> - | T30: - | U30: - | V30: - | W30: - | X30: - | Y30: - | Z30: - | AA30: -
A31: =A30+1 -> 46000022 | B31: 한자코그유령선돛 | C31: Sail | D31: =IFERROR(VLOOKUP(C31,ShipShapeEnum!$E:$F,2,FALSE),"-") -> 1 | E31: SK_Ship_HansaCog_Sail | F31: SkeletalMesh | G31: =IFERROR(VLOOKUP(F31,ShipShapeEnum!$B:$C,2,FALSE),"-") -> 1 | H31: - | I31: - | J31: - | K31: - | L31: - | M31: Low | N31: =IFERROR(VLOOKUP(M31,ShipShapeEnum!$H:$I,2,FALSE),"-") -> 1 | O31: - | Q31: =IFERROR(INDEX(SailPattern!$A:$A,MATCH(P31,SailPattern!$B:$B,0)),"-") -> - | S31: =IFERROR(INDEX(SailCrest!$A:$A,MATCH(R31,SailCrest!$B:$B,0)),"-") -> - | T31: 2 | U31: M_Ship_Sail_BlackDamaged_Inst | V31: - | W31: - | X31: - | Y31: - | Z31: - | AA31: -
A32: =A31+1 -> 46000023 | B32: 한자코그적백돛 | C32: Sail | D32: =IFERROR(VLOOKUP(C32,ShipShapeEnum!$E:$F,2,FALSE),"-") -> 1 | E32: SK_Ship_HansaCog_Sail | F32: SkeletalMesh | G32: =IFERROR(VLOOKUP(F32,ShipShapeEnum!$B:$C,2,FALSE),"-") -> 1 | H32: - | I32: - | J32: - | K32: - | L32: - | M32: Low | N32: =IFERROR(VLOOKUP(M32,ShipShapeEnum!$H:$I,2,FALSE),"-") -> 1 | O32: - | Q32: =IFERROR(INDEX(SailPattern!$A:$A,MATCH(P32,SailPattern!$B:$B,0)),"-") -> - | S32: =IFERROR(INDEX(SailCrest!$A:$A,MATCH(R32,SailCrest!$B:$B,0)),"-") -> - | T32: - | U32: - | V32: - | W32: - | X32: - | Y32: - | Z32: - | AA32: -
A33: =A32+1 -> 46000024 | B33: 한자코그적흑돛 | C33: Sail | D33: =IFERROR(VLOOKUP(C33,ShipShapeEnum!$E:$F,2,FALSE),"-") -> 1 | E33: SK_Ship_HansaCog_Sail | F33: SkeletalMesh | G33: =IFERROR(VLOOKUP(F33,ShipShapeEnum!$B:$C,2,FALSE),"-") -> 1 | H33: - | I33: - | J33: - | K33: - | L33: - | M33: Low | N33: =IFERROR(VLOOKUP(M33,ShipShapeEnum!$H:$I,2,FALSE),"-") -> 1 | O33: - | Q33: =IFERROR(INDEX(SailPattern!$A:$A,MATCH(P33,SailPattern!$B:$B,0)),"-") -> - | S33: =IFERROR(INDEX(SailCrest!$A:$A,MATCH(R33,SailCrest!$B:$B,0)),"-") -> - | T33: 2 | U33: M_Ship_Sail_BlackRed_Inst | V33: - | W33: - | X33: - | Y33: - | Z33: - | AA33: -
A34: =A33+1 -> 46000025 | B34: 한자코그적흑돛_해골 | C34: Sail | D34: =IFERROR(VLOOKUP(C34,ShipShapeEnum!$E:$F,2,FALSE),"-") -> 1 | E34: SK_Ship_HansaCog_Sail | F34: SkeletalMesh | G34: =IFERROR(VLOOKUP(F34,ShipShapeEnum!$B:$C,2,FALSE),"-") -> 1 | H34: - | I34: - | J34: - | K34: - | L34: - | M34: Low | N34: =IFERROR(VLOOKUP(M34,ShipShapeEnum!$H:$I,2,FALSE),"-") -> 1 | O34: - | Q34: =IFERROR(INDEX(SailPattern!$A:$A,MATCH(P34,SailPattern!$B:$B,0)),"-") -> - | S34: =IFERROR(INDEX(SailCrest!$A:$A,MATCH(R34,SailCrest!$B:$B,0)),"-") -> - | T34: - | U34: - | V34: - | W34: - | X34: - | Y34: - | Z34: - | AA34: -
A35: =A34+1 -> 46000026 | B35: 코그레티나흰색돛 | C35: Sail | D35: =IFERROR(VLOOKUP(C35,ShipShapeEnum!$E:$F,2,FALSE),"-") -> 1 | E35: SK_Ship_CogLetina_Sail | F35: SkeletalMesh | G35: =IFERROR(VLOOKUP(F35,ShipShapeEnum!$B:$C,2,FALSE),"-") -> 1 | H35: - | I35: - | J35: - | K35: - | L35: - | M35: Low | N35: =IFERROR(VLOOKUP(M35,ShipShapeEnum!$H:$I,2,FALSE),"-") -> 1 | O35: - | Q35: =IFERROR(INDEX(SailPattern!$A:$A,MATCH(P35,SailPattern!$B:$B,0)),"-") -> - | S35: =IFERROR(INDEX(SailCrest!$A:$A,MATCH(R35,SailCrest!$B:$B,0)),"-") -> - | T35: 2 | U35: M_Ship_Sail_Inst | V35: - | W35: - | X35: - | Y35: - | Z35: - | AA35: -
A36: =A35+1 -> 46000027 | B36: 코그레티나적색돛 | C36: Sail | D36: =IFERROR(VLOOKUP(C36,ShipShapeEnum!$E:$F,2,FALSE),"-") -> 1 | E36: SK_Ship_CogLetina_Sail | F36: SkeletalMesh | G36: =IFERROR(VLOOKUP(F36,ShipShapeEnum!$B:$C,2,FALSE),"-") -> 1 | H36: - | I36: - | J36: - | K36: - | L36: - | M36: Low | N36: =IFERROR(VLOOKUP(M36,ShipShapeEnum!$H:$I,2,FALSE),"-") -> 1 | O36: - | Q36: =IFERROR(INDEX(SailPattern!$A:$A,MATCH(P36,SailPattern!$B:$B,0)),"-") -> - | S36: =IFERROR(INDEX(SailCrest!$A:$A,MATCH(R36,SailCrest!$B:$B,0)),"-") -> - | T36: - | U36: - | V36: - | W36: - | X36: - | Y36: - | Z36: - | AA36: -
A37: =A36+1 -> 46000028 | B37: 코그레티나유령선돛 | C37: Sail | D37: =IFERROR(VLOOKUP(C37,ShipShapeEnum!$E:$F,2,FALSE),"-") -> 1 | E37: SK_Ship_CogLetina_Sail | F37: SkeletalMesh | G37: =IFERROR(VLOOKUP(F37,ShipShapeEnum!$B:$C,2,FALSE),"-") -> 1 | H37: - | I37: - | J37: - | K37: - | L37: - | M37: Low | N37: =IFERROR(VLOOKUP(M37,ShipShapeEnum!$H:$I,2,FALSE),"-") -> 1 | O37: - | Q37: =IFERROR(INDEX(SailPattern!$A:$A,MATCH(P37,SailPattern!$B:$B,0)),"-") -> - | S37: =IFERROR(INDEX(SailCrest!$A:$A,MATCH(R37,SailCrest!$B:$B,0)),"-") -> - | T37: 2 | U37: M_Ship_Sail_BlackDamaged_Inst | V37: - | W37: - | X37: - | Y37: - | Z37: - | AA37: -
A38: =A37+1 -> 46000029 | B38: 코그레티나적백돛 | C38: Sail | D38: =IFERROR(VLOOKUP(C38,ShipShapeEnum!$E:$F,2,FALSE),"-") -> 1 | E38: SK_Ship_CogLetina_Sail | F38: SkeletalMesh | G38: =IFERROR(VLOOKUP(F38,ShipShapeEnum!$B:$C,2,FALSE),"-") -> 1 | H38: - | I38: - | J38: - | K38: - | L38: - | M38: Low | N38: =IFERROR(VLOOKUP(M38,ShipShapeEnum!$H:$I,2,FALSE),"-") -> 1 | O38: - | Q38: =IFERROR(INDEX(SailPattern!$A:$A,MATCH(P38,SailPattern!$B:$B,0)),"-") -> - | S38: =IFERROR(INDEX(SailCrest!$A:$A,MATCH(R38,SailCrest!$B:$B,0)),"-") -> - | T38: - | U38: - | V38: - | W38: - | X38: - | Y38: - | Z38: - | AA38: -
A39: =A38+1 -> 46000030 | B39: 코그레티나적흑돛 | C39: Sail | D39: =IFERROR(VLOOKUP(C39,ShipShapeEnum!$E:$F,2,FALSE),"-") -> 1 | E39: SK_Ship_CogLetina_Sail | F39: SkeletalMesh | G39: =IFERROR(VLOOKUP(F39,ShipShapeEnum!$B:$C,2,FALSE),"-") -> 1 | H39: - | I39: - | J39: - | K39: - | L39: - | M39: Low | N39: =IFERROR(VLOOKUP(M39,ShipShapeEnum!$H:$I,2,FALSE),"-") -> 1 | O39: - | Q39: =IFERROR(INDEX(SailPattern!$A:$A,MATCH(P39,SailPattern!$B:$B,0)),"-") -> - | S39: =IFERROR(INDEX(SailCrest!$A:$A,MATCH(R39,SailCrest!$B:$B,0)),"-") -> - | T39: 2 | U39: M_Ship_Sail_BlackRed_Inst | V39: - | W39: - | X39: - | Y39: - | Z39: - | AA39: -
A40: =A39+1 -> 46000031 | B40: 코그레티나적흑돛_해골 | C40: Sail | D40: =IFERROR(VLOOKUP(C40,ShipShapeEnum!$E:$F,2,FALSE),"-") -> 1 | E40: SK_Ship_CogLetina_Sail | F40: SkeletalMesh | G40: =IFERROR(VLOOKUP(F40,ShipShapeEnum!$B:$C,2,FALSE),"-") -> 1 | H40: - | I40: - | J40: - | K40: - | L40: - | M40: Low | N40: =IFERROR(VLOOKUP(M40,ShipShapeEnum!$H:$I,2,FALSE),"-") -> 1 | O40: - | Q40: =IFERROR(INDEX(SailPattern!$A:$A,MATCH(P40,SailPattern!$B:$B,0)),"-") -> - | S40: =IFERROR(INDEX(SailCrest!$A:$A,MATCH(R40,SailCrest!$B:$B,0)),"-") -> - | T40: - | U40: - | V40: - | W40: - | X40: - | Y40: - | Z40: - | AA40: -
A41: =A40+1 -> 46000032 | B41: 코그레돈다흰색돛 | C41: Sail | D41: =IFERROR(VLOOKUP(C41,ShipShapeEnum!$E:$F,2,FALSE),"-") -> 1 | E41: SK_Ship_CogRedonda_Sail | F41: SkeletalMesh | G41: =IFERROR(VLOOKUP(F41,ShipShapeEnum!$B:$C,2,FALSE),"-") -> 1 | H41: - | I41: - | J41: - | K41: - | L41: - | M41: Low | N41: =IFERROR(VLOOKUP(M41,ShipShapeEnum!$H:$I,2,FALSE),"-") -> 1 | O41: - | Q41: =IFERROR(INDEX(SailPattern!$A:$A,MATCH(P41,SailPattern!$B:$B,0)),"-") -> - | S41: =IFERROR(INDEX(SailCrest!$A:$A,MATCH(R41,SailCrest!$B:$B,0)),"-") -> - | T41: 2 | U41: M_Ship_Sail_Inst | V41: - | W41: - | X41: - | Y41: - | Z41: - | AA41: -
A42: =A41+1 -> 46000033 | B42: 코그레돈다적색돛 | C42: Sail | D42: =IFERROR(VLOOKUP(C42,ShipShapeEnum!$E:$F,2,FALSE),"-") -> 1 | E42: SK_Ship_CogRedonda_Sail | F42: SkeletalMesh | G42: =IFERROR(VLOOKUP(F42,ShipShapeEnum!$B:$C,2,FALSE),"-") -> 1 | H42: - | I42: - | J42: - | K42: - | L42: - | M42: Low | N42: =IFERROR(VLOOKUP(M42,ShipShapeEnum!$H:$I,2,FALSE),"-") -> 1 | O42: - | Q42: =IFERROR(INDEX(SailPattern!$A:$A,MATCH(P42,SailPattern!$B:$B,0)),"-") -> - | S42: =IFERROR(INDEX(SailCrest!$A:$A,MATCH(R42,SailCrest!$B:$B,0)),"-") -> - | T42: - | U42: - | V42: - | W42: - | X42: - | Y42: - | Z42: - | AA42: -
A43: =A42+1 -> 46000034 | B43: 코그레돈다유령선돛 | C43: Sail | D43: =IFERROR(VLOOKUP(C43,ShipShapeEnum!$E:$F,2,FALSE),"-") -> 1 | E43: SK_Ship_CogRedonda_Sail | F43: SkeletalMesh | G43: =IFERROR(VLOOKUP(F43,ShipShapeEnum!$B:$C,2,FALSE),"-") -> 1 | H43: - | I43: - | J43: - | K43: - | L43: - | M43: Low | N43: =IFERROR(VLOOKUP(M43,ShipShapeEnum!$H:$I,2,FALSE),"-") -> 1 | O43: - | Q43: =IFERROR(INDEX(SailPattern!$A:$A,MATCH(P43,SailPattern!$B:$B,0)),"-") -> - | S43: =IFERROR(INDEX(SailCrest!$A:$A,MATCH(R43,SailCrest!$B:$B,0)),"-") -> - | T43: 2 | U43: M_Ship_Sail_BlackDamaged_Inst | V43: - | W43: - | X43: - | Y43: - | Z43: - | AA43: -
A44: =A43+1 -> 46000035 | B44: 코그레돈다적백돛 | C44: Sail | D44: =IFERROR(VLOOKUP(C44,ShipShapeEnum!$E:$F,2,FALSE),"-") -> 1 | E44: SK_Ship_CogRedonda_Sail | F44: SkeletalMesh | G44: =IFERROR(VLOOKUP(F44,ShipShapeEnum!$B:$C,2,FALSE),"-") -> 1 | H44: - | I44: - | J44: - | K44: - | L44: - | M44: Low | N44: =IFERROR(VLOOKUP(M44,ShipShapeEnum!$H:$I,2,FALSE),"-") -> 1 | O44: - | Q44: =IFERROR(INDEX(SailPattern!$A:$A,MATCH(P44,SailPattern!$B:$B,0)),"-") -> - | S44: =IFERROR(INDEX(SailCrest!$A:$A,MATCH(R44,SailCrest!$B:$B,0)),"-") -> - | T44: - | U44: - | V44: - | W44: - | X44: - | Y44: - | Z44: - | AA44: -
A45: =A44+1 -> 46000036 | B45: 코그레돈다적흑돛 | C45: Sail | D45: =IFERROR(VLOOKUP(C45,ShipShapeEnum!$E:$F,2,FALSE),"-") -> 1 | E45: SK_Ship_CogRedonda_Sail | F45: SkeletalMesh | G45: =IFERROR(VLOOKUP(F45,ShipShapeEnum!$B:$C,2,FALSE),"-") -> 1 | H45: - | I45: - | J45: - | K45: - | L45: - | M45: Low | N45: =IFERROR(VLOOKUP(M45,ShipShapeEnum!$H:$I,2,FALSE),"-") -> 1 | O45: - | Q45: =IFERROR(INDEX(SailPattern!$A:$A,MATCH(P45,SailPattern!$B:$B,0)),"-") -> - | S45: =IFERROR(INDEX(SailCrest!$A:$A,MATCH(R45,SailCrest!$B:$B,0)),"-") -> - | T45: 2 | U45: M_Ship_Sail_BlackRed_Inst | V45: - | W45: - | X45: - | Y45: - | Z45: - | AA45: -
A46: =A45+1 -> 46000037 | B46: 코그레돈다적흑돛_해골 | C46: Sail | D46: =IFERROR(VLOOKUP(C46,ShipShapeEnum!$E:$F,2,FALSE),"-") -> 1 | E46: SK_Ship_CogRedonda_Sail | F46: SkeletalMesh | G46: =IFERROR(VLOOKUP(F46,ShipShapeEnum!$B:$C,2,FALSE),"-") -> 1 | H46: - | I46: - | J46: - | K46: - | L46: - | M46: Low | N46: =IFERROR(VLOOKUP(M46,ShipShapeEnum!$H:$I,2,FALSE),"-") -> 1 | O46: - | Q46: =IFERROR(INDEX(SailPattern!$A:$A,MATCH(P46,SailPattern!$B:$B,0)),"-") -> - | S46: =IFERROR(INDEX(SailCrest!$A:$A,MATCH(R46,SailCrest!$B:$B,0)),"-") -> - | T46: - | U46: - | V46: - | W46: - | X46: - | Y46: - | Z46: - | AA46: -
A47: =A46+1 -> 46000038 | B47: 대형갤리온돛 | C47: Sail | D47: =IFERROR(VLOOKUP(C47,ShipShapeEnum!$E:$F,2,FALSE),"-") -> 1 | E47: SK_Ship_LargeGalleon_Sail | F47: SkeletalMesh | G47: =IFERROR(VLOOKUP(F47,ShipShapeEnum!$B:$C,2,FALSE),"-") -> 1 | H47: - | I47: - | J47: - | K47: - | L47: - | M47: Low | N47: =IFERROR(VLOOKUP(M47,ShipShapeEnum!$H:$I,2,FALSE),"-") -> 1 | O47: - | Q47: =IFERROR(INDEX(SailPattern!$A:$A,MATCH(P47,SailPattern!$B:$B,0)),"-") -> - | S47: =IFERROR(INDEX(SailCrest!$A:$A,MATCH(R47,SailCrest!$B:$B,0)),"-") -> - | T47: - | U47: - | V47: - | W47: - | X47: - | Y47: - | Z47: - | AA47: -
A48: =A47+1 -> 46000039 | B48: 소형캐러벨라티나돛 | C48: Sail | D48: =IFERROR(VLOOKUP(C48,ShipShapeEnum!$E:$F,2,FALSE),"-") -> 1 | E48: SK_Ship_CaravelLetina_Sail | F48: SkeletalMesh | G48: 1 | H48: - | I48: - | J48: - | K48: - | L48: - | M48: Low | N48: =IFERROR(VLOOKUP(M48,ShipShapeEnum!$H:$I,2,FALSE),"-") -> 1 | O48: - | Q48: =IFERROR(INDEX(SailPattern!$A:$A,MATCH(P48,SailPattern!$B:$B,0)),"-") -> - | S48: =IFERROR(INDEX(SailCrest!$A:$A,MATCH(R48,SailCrest!$B:$B,0)),"-") -> - | T48: 2 | U48: M_Ship_Sail_Inst | V48: - | W48: - | X48: - | Y48: - | Z48: - | AA48: -
A49: =A48+1 -> 46000040 | B49: 소형캐러벨레돈다돛 | C49: Sail | D49: =IFERROR(VLOOKUP(C49,ShipShapeEnum!$E:$F,2,FALSE),"-") -> 1 | E49: SK_Ship_CaravelRedonda_Sail | F49: SkeletalMesh | G49: 1 | H49: - | I49: - | J49: - | K49: - | L49: - | M49: Low | N49: =IFERROR(VLOOKUP(M49,ShipShapeEnum!$H:$I,2,FALSE),"-") -> 1 | O49: - | Q49: =IFERROR(INDEX(SailPattern!$A:$A,MATCH(P49,SailPattern!$B:$B,0)),"-") -> - | S49: =IFERROR(INDEX(SailCrest!$A:$A,MATCH(R49,SailCrest!$B:$B,0)),"-") -> - | T49: 2 | U49: M_Ship_Sail_Inst | V49: - | W49: - | X49: - | Y49: - | Z49: - | AA49: -
A50: =A49+1 -> 46000041 | B50: 슬로프돛 | C50: Sail | D50: =IFERROR(VLOOKUP(C50,ShipShapeEnum!$E:$F,2,FALSE),"-") -> 1 | E50: SK_Ship_Sloop_Sail | F50: SkeletalMesh | G50: 1 | H50: - | I50: - | J50: - | K50: - | L50: - | M50: Low | N50: =IFERROR(VLOOKUP(M50,ShipShapeEnum!$H:$I,2,FALSE),"-") -> 1 | O50: - | Q50: =IFERROR(INDEX(SailPattern!$A:$A,MATCH(P50,SailPattern!$B:$B,0)),"-") -> - | S50: =IFERROR(INDEX(SailCrest!$A:$A,MATCH(R50,SailCrest!$B:$B,0)),"-") -> - | T50: - | U50: - | V50: - | W50: - | X50: - | Y50: - | Z50: - | AA50: -
A51: =A50+1 -> 46000042 | B51: 커터돛 | C51: Sail | D51: =IFERROR(VLOOKUP(C51,ShipShapeEnum!$E:$F,2,FALSE),"-") -> 1 | E51: SK_Ship_Cutter_Sail | F51: SkeletalMesh | G51: 1 | H51: - | I51: - | J51: - | K51: - | L51: - | M51: Low | N51: =IFERROR(VLOOKUP(M51,ShipShapeEnum!$H:$I,2,FALSE),"-") -> 1 | O51: - | Q51: =IFERROR(INDEX(SailPattern!$A:$A,MATCH(P51,SailPattern!$B:$B,0)),"-") -> - | S51: =IFERROR(INDEX(SailCrest!$A:$A,MATCH(R51,SailCrest!$B:$B,0)),"-") -> - | T51: - | U51: - | V51: - | W51: - | X51: - | Y51: - | Z51: - | AA51: -
A52: =A51+1 -> 46000043 | B52: 브리간틴돛 | C52: Sail | D52: =IFERROR(VLOOKUP(C52,ShipShapeEnum!$E:$F,2,FALSE),"-") -> 1 | E52: SK_Ship_Bergantin_Sail | F52: SkeletalMesh | G52: 1 | H52: - | I52: - | J52: - | K52: - | L52: - | M52: Low | N52: =IFERROR(VLOOKUP(M52,ShipShapeEnum!$H:$I,2,FALSE),"-") -> 1 | O52: - | Q52: =IFERROR(INDEX(SailPattern!$A:$A,MATCH(P52,SailPattern!$B:$B,0)),"-") -> - | S52: =IFERROR(INDEX(SailCrest!$A:$A,MATCH(R52,SailCrest!$B:$B,0)),"-") -> - | T52: - | U52: - | V52: - | W52: - | X52: - | Y52: - | Z52: - | AA52: -
A53: =A52+1 -> 46000044 | B53: 나오돛 | C53: Sail | D53: =IFERROR(VLOOKUP(C53,ShipShapeEnum!$E:$F,2,FALSE),"-") -> 1 | E53: SK_Ship_Nao_Sail | F53: SkeletalMesh | G53: 1 | H53: - | I53: - | J53: - | K53: - | L53: - | M53: Low | N53: =IFERROR(VLOOKUP(M53,ShipShapeEnum!$H:$I,2,FALSE),"-") -> 1 | O53: - | Q53: =IFERROR(INDEX(SailPattern!$A:$A,MATCH(P53,SailPattern!$B:$B,0)),"-") -> - | S53: =IFERROR(INDEX(SailCrest!$A:$A,MATCH(R53,SailCrest!$B:$B,0)),"-") -> - | T53: - | U53: - | V53: - | W53: - | X53: - | Y53: - | Z53: - | AA53: -
A54: =A53+1 -> 46000045 | B54: 바스돛 | C54: Sail | D54: =IFERROR(VLOOKUP(C54,ShipShapeEnum!$E:$F,2,FALSE),"-") -> 1 | E54: SK_Ship_Buss_Sail | F54: SkeletalMesh | G54: 1 | H54: - | I54: - | J54: - | K54: - | L54: - | M54: Low | N54: =IFERROR(VLOOKUP(M54,ShipShapeEnum!$H:$I,2,FALSE),"-") -> 1 | O54: - | Q54: =IFERROR(INDEX(SailPattern!$A:$A,MATCH(P54,SailPattern!$B:$B,0)),"-") -> - | S54: =IFERROR(INDEX(SailCrest!$A:$A,MATCH(R54,SailCrest!$B:$B,0)),"-") -> - | T54: - | U54: - | V54: - | W54: - | X54: - | Y54: - | Z54: - | AA54: -
A55: =A54+1 -> 46000046 | B55: 오스만겔리돛 | C55: Sail | D55: =IFERROR(VLOOKUP(C55,ShipShapeEnum!$E:$F,2,FALSE),"-") -> 1 | E55: SK_Ship_Osmangalley_Sail | F55: SkeletalMesh | G55: 1 | H55: - | I55: - | J55: - | K55: - | L55: - | M55: Low | N55: =IFERROR(VLOOKUP(M55,ShipShapeEnum!$H:$I,2,FALSE),"-") -> 1 | O55: - | Q55: =IFERROR(INDEX(SailPattern!$A:$A,MATCH(P55,SailPattern!$B:$B,0)),"-") -> - | S55: =IFERROR(INDEX(SailCrest!$A:$A,MATCH(R55,SailCrest!$B:$B,0)),"-") -> - | T55: - | U55: - | V55: - | W55: - | X55: - | Y55: - | Z55: - | AA55: -
A56: =A55+1 -> 46000047 | B56: 판옥선돛 | C56: Sail | D56: =IFERROR(VLOOKUP(C56,ShipShapeEnum!$E:$F,2,FALSE),"-") -> 1 | E56: SK_Ship_PanOkSeon_Sail | F56: SkeletalMesh | G56: =IFERROR(VLOOKUP(F56,ShipShapeEnum!$B:$C,2,FALSE),"-") -> 1 | H56: - | I56: - | J56: - | K56: - | L56: - | M56: Low | N56: =IFERROR(VLOOKUP(M56,ShipShapeEnum!$H:$I,2,FALSE),"-") -> 1 | O56: - | Q56: =IFERROR(INDEX(SailPattern!$A:$A,MATCH(P56,SailPattern!$B:$B,0)),"-") -> - | S56: =IFERROR(INDEX(SailCrest!$A:$A,MATCH(R56,SailCrest!$B:$B,0)),"-") -> - | T56: - | U56: - | V56: - | W56: - | X56: - | Y56: - | Z56: - | AA56: -
A57: =A56+1 -> 46000048 | B57: 거북선돛 | C57: Sail | D57: =IFERROR(VLOOKUP(C57,ShipShapeEnum!$E:$F,2,FALSE),"-") -> 1 | E57: SK_Ship_TurtleShip_Sail | F57: SkeletalMesh | G57: =IFERROR(VLOOKUP(F57,ShipShapeEnum!$B:$C,2,FALSE),"-") -> 1 | H57: - | I57: - | J57: - | K57: - | L57: - | M57: Low | N57: =IFERROR(VLOOKUP(M57,ShipShapeEnum!$H:$I,2,FALSE),"-") -> 1 | O57: - | Q57: =IFERROR(INDEX(SailPattern!$A:$A,MATCH(P57,SailPattern!$B:$B,0)),"-") -> - | S57: =IFERROR(INDEX(SailCrest!$A:$A,MATCH(R57,SailCrest!$B:$B,0)),"-") -> - | T57: - | U57: - | V57: - | W57: - | X57: - | Y57: - | Z57: - | AA57: -
A58: =A57+1 -> 46000049 | B58: 전열함돛 | C58: Sail | D58: =IFERROR(VLOOKUP(C58,ShipShapeEnum!$E:$F,2,FALSE),"-") -> 1 | E58: SK_Ship_Vaisseau_Sail | F58: SkeletalMesh | G58: =IFERROR(VLOOKUP(F58,ShipShapeEnum!$B:$C,2,FALSE),"-") -> 1 | H58: - | I58: - | J58: - | K58: - | L58: - | M58: Low | N58: =IFERROR(VLOOKUP(M58,ShipShapeEnum!$H:$I,2,FALSE),"-") -> 1 | O58: - | Q58: =IFERROR(INDEX(SailPattern!$A:$A,MATCH(P58,SailPattern!$B:$B,0)),"-") -> - | S58: =IFERROR(INDEX(SailCrest!$A:$A,MATCH(R58,SailCrest!$B:$B,0)),"-") -> - | T58: - | U58: - | V58: - | W58: - | X58: - | Y58: - | Z58: - | AA58: -
A59: =A58+1 -> 46000050 | B59: 콜벳돛 | C59: Sail | D59: =IFERROR(VLOOKUP(C59,ShipShapeEnum!$E:$F,2,FALSE),"-") -> 1 | E59: SK_Ship_Corvette_Sail | F59: SkeletalMesh | G59: =IFERROR(VLOOKUP(F59,ShipShapeEnum!$B:$C,2,FALSE),"-") -> 1 | H59: - | I59: - | J59: - | K59: - | L59: - | M59: Low | N59: =IFERROR(VLOOKUP(M59,ShipShapeEnum!$H:$I,2,FALSE),"-") -> 1 | O59: - | Q59: =IFERROR(INDEX(SailPattern!$A:$A,MATCH(P59,SailPattern!$B:$B,0)),"-") -> - | S59: =IFERROR(INDEX(SailCrest!$A:$A,MATCH(R59,SailCrest!$B:$B,0)),"-") -> - | T59: - | U59: - | V59: - | W59: - | X59: - | Y59: - | Z59: - | AA59: -
A60: =A59+1 -> 46000051 | B60: 중형프리킷돛 | C60: Sail | D60: =IFERROR(VLOOKUP(C60,ShipShapeEnum!$E:$F,2,FALSE),"-") -> 1 | E60: Sk_Ship_Frigate_Sail | F60: SkeletalMesh | G60: =IFERROR(VLOOKUP(F60,ShipShapeEnum!$B:$C,2,FALSE),"-") -> 1 | H60: - | I60: - | J60: - | K60: - | L60: - | M60: Low | N60: =IFERROR(VLOOKUP(M60,ShipShapeEnum!$H:$I,2,FALSE),"-") -> 1 | O60: - | Q60: =IFERROR(INDEX(SailPattern!$A:$A,MATCH(P60,SailPattern!$B:$B,0)),"-") -> - | S60: =IFERROR(INDEX(SailCrest!$A:$A,MATCH(R60,SailCrest!$B:$B,0)),"-") -> - | T60: - | U60: - | V60: - | W60: - | X60: - | Y60: - | Z60: - | AA60: -
A61: =A60+1 -> 46000052 | B61: 대형프리킷돛 | C61: Sail | D61: =IFERROR(VLOOKUP(C61,ShipShapeEnum!$E:$F,2,FALSE),"-") -> 1 | E61: Sk_Ship_LargeFrigate_Sail | F61: SkeletalMesh | G61: =IFERROR(VLOOKUP(F61,ShipShapeEnum!$B:$C,2,FALSE),"-") -> 1 | H61: - | I61: - | J61: - | K61: - | L61: - | M61: Low | N61: =IFERROR(VLOOKUP(M61,ShipShapeEnum!$H:$I,2,FALSE),"-") -> 1 | O61: - | Q61: =IFERROR(INDEX(SailPattern!$A:$A,MATCH(P61,SailPattern!$B:$B,0)),"-") -> - | S61: =IFERROR(INDEX(SailCrest!$A:$A,MATCH(R61,SailCrest!$B:$B,0)),"-") -> - | T61: - | U61: - | V61: - | W61: - | X61: - | Y61: - | Z61: - | AA61: -
A62: =A61+1 -> 46000053 | B62: 갤리돛 | C62: Sail | D62: =IFERROR(VLOOKUP(C62,ShipShapeEnum!$E:$F,2,FALSE),"-") -> 1 | E62: SK_Ship_Galley_Sail | F62: SkeletalMesh | G62: =IFERROR(VLOOKUP(F62,ShipShapeEnum!$B:$C,2,FALSE),"-") -> 1 | H62: - | I62: - | J62: - | K62: - | L62: - | M62: Low | N62: =IFERROR(VLOOKUP(M62,ShipShapeEnum!$H:$I,2,FALSE),"-") -> 1 | O62: - | Q62: =IFERROR(INDEX(SailPattern!$A:$A,MATCH(P62,SailPattern!$B:$B,0)),"-") -> - | S62: =IFERROR(INDEX(SailCrest!$A:$A,MATCH(R62,SailCrest!$B:$B,0)),"-") -> - | T62: - | U62: - | V62: - | W62: - | X62: - | Y62: - | Z62: - | AA62: -
A63: =A62+1 -> 46000054 | B63: 경량형갤리돛 | C63: Sail | D63: =IFERROR(VLOOKUP(C63,ShipShapeEnum!$E:$F,2,FALSE),"-") -> 1 | E63: SK_Ship_LightGalley_Sail | F63: SkeletalMesh | G63: =IFERROR(VLOOKUP(F63,ShipShapeEnum!$B:$C,2,FALSE),"-") -> 1 | H63: - | I63: - | J63: - | K63: - | L63: - | M63: Low | N63: =IFERROR(VLOOKUP(M63,ShipShapeEnum!$H:$I,2,FALSE),"-") -> 1 | O63: - | Q63: =IFERROR(INDEX(SailPattern!$A:$A,MATCH(P63,SailPattern!$B:$B,0)),"-") -> - | S63: =IFERROR(INDEX(SailCrest!$A:$A,MATCH(R63,SailCrest!$B:$B,0)),"-") -> - | T63: - | U63: - | V63: - | W63: - | X63: - | Y63: - | Z63: - | AA63: -
A64: =A63+1 -> 46000055 | B64: 중갤리돛 | C64: Sail | D64: =IFERROR(VLOOKUP(C64,ShipShapeEnum!$E:$F,2,FALSE),"-") -> 1 | E64: SK_Ship_HeavyGalley_Sail | F64: SkeletalMesh | G64: =IFERROR(VLOOKUP(F64,ShipShapeEnum!$B:$C,2,FALSE),"-") -> 1 | H64: - | I64: - | J64: - | K64: - | L64: - | M64: Low | N64: =IFERROR(VLOOKUP(M64,ShipShapeEnum!$H:$I,2,FALSE),"-") -> 1 | O64: - | Q64: =IFERROR(INDEX(SailPattern!$A:$A,MATCH(P64,SailPattern!$B:$B,0)),"-") -> - | S64: =IFERROR(INDEX(SailCrest!$A:$A,MATCH(R64,SailCrest!$B:$B,0)),"-") -> - | T64: - | U64: - | V64: - | W64: - | X64: - | Y64: - | Z64: - | AA64: -
A65: =A64+1 -> 46000056 | B65: 정화의보선돛 | C65: Sail | D65: =IFERROR(VLOOKUP(C65,ShipShapeEnum!$E:$F,2,FALSE),"-") -> 1 | E65: SK_Ship_Treasure_Sail | F65: SkeletalMesh | G65: =IFERROR(VLOOKUP(F65,ShipShapeEnum!$B:$C,2,FALSE),"-") -> 1 | H65: - | I65: - | J65: - | K65: - | L65: - | M65: Low | N65: =IFERROR(VLOOKUP(M65,ShipShapeEnum!$H:$I,2,FALSE),"-") -> 1 | O65: - | Q65: =IFERROR(INDEX(SailPattern!$A:$A,MATCH(P65,SailPattern!$B:$B,0)),"-") -> - | S65: =IFERROR(INDEX(SailCrest!$A:$A,MATCH(R65,SailCrest!$B:$B,0)),"-") -> - | T65: - | U65: - | V65: - | W65: - | X65: - | Y65: - | Z65: - | AA65: -
A66: =A65+1 -> 46000057 | B66: 판호용_대형갤리온돛 | C66: Sail | D66: =IFERROR(VLOOKUP(C66,ShipShapeEnum!$E:$F,2,FALSE),"-") -> 1 | E66: SK_Ship_LargeGalleon_Sail | F66: SkeletalMesh | G66: =IFERROR(VLOOKUP(F66,ShipShapeEnum!$B:$C,2,FALSE),"-") -> 1 | H66: - | I66: - | J66: - | K66: - | L66: - | M66: Low | N66: =IFERROR(VLOOKUP(M66,ShipShapeEnum!$H:$I,2,FALSE),"-") -> 1 | O66: - | Q66: =IFERROR(INDEX(SailPattern!$A:$A,MATCH(P66,SailPattern!$B:$B,0)),"-") -> - | S66: =IFERROR(INDEX(SailCrest!$A:$A,MATCH(R66,SailCrest!$B:$B,0)),"-") -> - | T66: 2 | U66: M_Ship_LargeGalleon_Sail_Panho | V66: - | W66: - | X66: - | Y66: - | Z66: - | AA66: -
A67: =A66+1 -> 46000058 | B67: 판호용_슬로프돛 | C67: Sail | D67: =IFERROR(VLOOKUP(C67,ShipShapeEnum!$E:$F,2,FALSE),"-") -> 1 | E67: SK_Ship_Sloop_Sail | F67: SkeletalMesh | G67: 1 | H67: - | I67: - | J67: - | K67: - | L67: - | M67: Low | N67: =IFERROR(VLOOKUP(M67,ShipShapeEnum!$H:$I,2,FALSE),"-") -> 1 | O67: - | Q67: =IFERROR(INDEX(SailPattern!$A:$A,MATCH(P67,SailPattern!$B:$B,0)),"-") -> - | S67: =IFERROR(INDEX(SailCrest!$A:$A,MATCH(R67,SailCrest!$B:$B,0)),"-") -> - | T67: 2 | U67: M_Ship_Sail_Panho2 | V67: - | W67: - | X67: - | Y67: - | Z67: - | AA67: -
A68: =A67+1 -> 46000059 | B68: 판호용_브리간틴돛 | C68: Sail | D68: =IFERROR(VLOOKUP(C68,ShipShapeEnum!$E:$F,2,FALSE),"-") -> 1 | E68: SK_Ship_Bergantin_Sail | F68: SkeletalMesh | G68: 1 | H68: - | I68: - | J68: - | K68: - | L68: - | M68: Low | N68: =IFERROR(VLOOKUP(M68,ShipShapeEnum!$H:$I,2,FALSE),"-") -> 1 | O68: - | Q68: =IFERROR(INDEX(SailPattern!$A:$A,MATCH(P68,SailPattern!$B:$B,0)),"-") -> - | S68: =IFERROR(INDEX(SailCrest!$A:$A,MATCH(R68,SailCrest!$B:$B,0)),"-") -> - | T68: 2 | U68: M_Ship_Sail_Panho | V68: - | W68: - | X68: - | Y68: - | Z68: - | AA68: -
A69: =A68+1 -> 46000060 | B69: 판호용_오스만겔리돛 | C69: Sail | D69: =IFERROR(VLOOKUP(C69,ShipShapeEnum!$E:$F,2,FALSE),"-") -> 1 | E69: SK_Ship_Osmangalley_Sail | F69: SkeletalMesh | G69: 1 | H69: - | I69: - | J69: - | K69: - | L69: - | M69: Low | N69: =IFERROR(VLOOKUP(M69,ShipShapeEnum!$H:$I,2,FALSE),"-") -> 1 | O69: - | Q69: =IFERROR(INDEX(SailPattern!$A:$A,MATCH(P69,SailPattern!$B:$B,0)),"-") -> - | S69: =IFERROR(INDEX(SailCrest!$A:$A,MATCH(R69,SailCrest!$B:$B,0)),"-") -> - | T69: 2 | U69: M_Ship_triangleSail_Panho3 | V69: - | W69: - | X69: - | Y69: - | Z69: - | AA69: -
A70: =A69+1 -> 46000061 | B70: 판호용_보스오스만겔리돛 | C70: Sail | D70: =IFERROR(VLOOKUP(C70,ShipShapeEnum!$E:$F,2,FALSE),"-") -> 1 | E70: SK_Ship_Osmangalley_Sail | F70: SkeletalMesh | G70: 1 | H70: - | I70: - | J70: - | K70: - | L70: - | M70: Low | N70: =IFERROR(VLOOKUP(M70,ShipShapeEnum!$H:$I,2,FALSE),"-") -> 1 | O70: - | Q70: =IFERROR(INDEX(SailPattern!$A:$A,MATCH(P70,SailPattern!$B:$B,0)),"-") -> - | S70: =IFERROR(INDEX(SailCrest!$A:$A,MATCH(R70,SailCrest!$B:$B,0)),"-") -> - | T70: 2 | U70: M_Ship_triangleSail_Panho2 | V70: - | W70: - | X70: - | Y70: - | Z70: - | AA70: -
A71: =A70+1 -> 46000062 | B71: 판호_보스전열함돛 | C71: Sail | D71: =IFERROR(VLOOKUP(C71,ShipShapeEnum!$E:$F,2,FALSE),"-") -> 1 | E71: SK_Ship_VaisseauBoss_Sail | F71: SkeletalMesh | G71: =IFERROR(VLOOKUP(F71,ShipShapeEnum!$B:$C,2,FALSE),"-") -> 1 | H71: - | I71: - | J71: - | K71: - | L71: - | M71: Low | N71: =IFERROR(VLOOKUP(M71,ShipShapeEnum!$H:$I,2,FALSE),"-") -> 1 | O71: - | Q71: =IFERROR(INDEX(SailPattern!$A:$A,MATCH(P71,SailPattern!$B:$B,0)),"-") -> - | S71: =IFERROR(INDEX(SailCrest!$A:$A,MATCH(R71,SailCrest!$B:$B,0)),"-") -> - | T71: 2 | U71: M_Ship_LargeGalleon_Sail_Inst_Panho | V71: - | W71: - | X71: - | Y71: - | Z71: - | AA71: -
A72: =A71+1 -> 46000063 | B72: 프롤로그_나오돛 | C72: Sail | D72: =IFERROR(VLOOKUP(C72,ShipShapeEnum!$E:$F,2,FALSE),"-") -> 1 | E72: SK_Ship_Nao_Sail | F72: SkeletalMesh | G72: =IFERROR(VLOOKUP(F72,ShipShapeEnum!$B:$C,2,FALSE),"-") -> 1 | H72: - | I72: - | J72: - | K72: - | L72: - | M72: Low | N72: =IFERROR(VLOOKUP(M72,ShipShapeEnum!$H:$I,2,FALSE),"-") -> 1 | O72: - | P72: 프롤로그_엑스트라용1 | Q72: =IFERROR(INDEX(SailPattern!$A:$A,MATCH(P72,SailPattern!$B:$B,0)),"-") -> 47290001 | S72: =IFERROR(INDEX(SailCrest!$A:$A,MATCH(R72,SailCrest!$B:$B,0)),"-") -> - | T72: 2 | U72: M_Ship_Sail_Inst | V72: - | W72: - | X72: - | Y72: - | Z72: - | AA72: -
A73: =A72+1 -> 46000064 | B73: 프롤로그_바스돛 | C73: Sail | D73: =IFERROR(VLOOKUP(C73,ShipShapeEnum!$E:$F,2,FALSE),"-") -> 1 | E73: SK_Ship_Buss_Sail | F73: SkeletalMesh | G73: =IFERROR(VLOOKUP(F73,ShipShapeEnum!$B:$C,2,FALSE),"-") -> 1 | H73: - | I73: - | J73: - | K73: - | L73: - | M73: Low | N73: =IFERROR(VLOOKUP(M73,ShipShapeEnum!$H:$I,2,FALSE),"-") -> 1 | O73: - | P73: 프롤로그_엑스트라용2 | Q73: =IFERROR(INDEX(SailPattern!$A:$A,MATCH(P73,SailPattern!$B:$B,0)),"-") -> 47290002 | S73: =IFERROR(INDEX(SailCrest!$A:$A,MATCH(R73,SailCrest!$B:$B,0)),"-") -> - | T73: - | U73: - | V73: - | W73: - | X73: - | Y73: - | Z73: - | AA73: -
A74: =A73+1 -> 46000065 | B74: 프롤로그_바르카3돛 | C74: Sail | D74: =IFERROR(VLOOKUP(C74,ShipShapeEnum!$E:$F,2,FALSE),"-") -> 1 | E74: SK_Ship_Barca_TriangleSail | F74: SkeletalMesh | G74: =IFERROR(VLOOKUP(F74,ShipShapeEnum!$B:$C,2,FALSE),"-") -> 1 | H74: - | I74: - | J74: - | K74: - | L74: - | M74: Low | N74: =IFERROR(VLOOKUP(M74,ShipShapeEnum!$H:$I,2,FALSE),"-") -> 1 | O74: - | P74: 프롤로그_엑스트라용3 | Q74: =IFERROR(INDEX(SailPattern!$A:$A,MATCH(P74,SailPattern!$B:$B,0)),"-") -> 47290003 | S74: =IFERROR(INDEX(SailCrest!$A:$A,MATCH(R74,SailCrest!$B:$B,0)),"-") -> - | T74: 2 | U74: M_Ship_Sail_Inst | V74: - | W74: - | X74: - | Y74: - | Z74: - | AA74: -
A75: =A74+1 -> 46000066 | B75: 프롤로그_바르카4돛 | C75: Sail | D75: =IFERROR(VLOOKUP(C75,ShipShapeEnum!$E:$F,2,FALSE),"-") -> 1 | E75: SK_Ship_Barca_SquareSail | F75: SkeletalMesh | G75: =IFERROR(VLOOKUP(F75,ShipShapeEnum!$B:$C,2,FALSE),"-") -> 1 | H75: - | I75: - | J75: - | K75: - | L75: - | M75: Low | N75: =IFERROR(VLOOKUP(M75,ShipShapeEnum!$H:$I,2,FALSE),"-") -> 1 | O75: - | P75: 프롤로그_엑스트라용4 | Q75: =IFERROR(INDEX(SailPattern!$A:$A,MATCH(P75,SailPattern!$B:$B,0)),"-") -> 47290004 | S75: =IFERROR(INDEX(SailCrest!$A:$A,MATCH(R75,SailCrest!$B:$B,0)),"-") -> - | T75: 2 | U75: M_Ship_Sail_Inst | V75: - | W75: - | X75: - | Y75: - | Z75: - | AA75: -
A76: =A75+1 -> 46000067 | B76: 프롤로그_대형갤리온돛 | C76: Sail | D76: =IFERROR(VLOOKUP(C76,ShipShapeEnum!$E:$F,2,FALSE),"-") -> 1 | E76: SK_Ship_LargeGalleon_Sail | F76: SkeletalMesh | G76: =IFERROR(VLOOKUP(F76,ShipShapeEnum!$B:$C,2,FALSE),"-") -> 1 | H76: - | I76: - | J76: - | K76: - | L76: - | M76: Low | N76: =IFERROR(VLOOKUP(M76,ShipShapeEnum!$H:$I,2,FALSE),"-") -> 1 | O76: - | P76: 프롤로그_엑스트라용5 | Q76: =IFERROR(INDEX(SailPattern!$A:$A,MATCH(P76,SailPattern!$B:$B,0)),"-") -> 47290005 | S76: =IFERROR(INDEX(SailCrest!$A:$A,MATCH(R76,SailCrest!$B:$B,0)),"-") -> - | T76: 2 | U76: M_Ship_LargeGalleon_Sail_Inst | V76: - | W76: - | X76: - | Y76: - | Z76: - | AA76: -
A77: =A76+1 -> 46000068 | B77: 프롤로그_브리간틴돛 | C77: Sail | D77: =IFERROR(VLOOKUP(C77,ShipShapeEnum!$E:$F,2,FALSE),"-") -> 1 | E77: SK_Ship_Bergantin_Sail | F77: SkeletalMesh | G77: =IFERROR(VLOOKUP(F77,ShipShapeEnum!$B:$C,2,FALSE),"-") -> 1 | H77: - | I77: - | J77: - | K77: - | L77: - | M77: Low | N77: =IFERROR(VLOOKUP(M77,ShipShapeEnum!$H:$I,2,FALSE),"-") -> 1 | O77: - | P77: 프롤로그_엑스트라용6 | Q77: =IFERROR(INDEX(SailPattern!$A:$A,MATCH(P77,SailPattern!$B:$B,0)),"-") -> 47290006 | S77: =IFERROR(INDEX(SailCrest!$A:$A,MATCH(R77,SailCrest!$B:$B,0)),"-") -> - | T77: 2 | U77: M_Ship_Sail_Inst | V77: - | W77: - | X77: - | Y77: - | Z77: - | AA77: -
A78: =A77+1 -> 46000069 | B78: 프롤로그_중형프리킷돛 | C78: Sail | D78: =IFERROR(VLOOKUP(C78,ShipShapeEnum!$E:$F,2,FALSE),"-") -> 1 | E78: Sk_Ship_Frigate_Sail | F78: SkeletalMesh | G78: =IFERROR(VLOOKUP(F78,ShipShapeEnum!$B:$C,2,FALSE),"-") -> 1 | H78: - | I78: - | J78: - | K78: - | L78: - | M78: Low | N78: =IFERROR(VLOOKUP(M78,ShipShapeEnum!$H:$I,2,FALSE),"-") -> 1 | O78: - | P78: 프롤로그_엑스트라용8 | Q78: =IFERROR(INDEX(SailPattern!$A:$A,MATCH(P78,SailPattern!$B:$B,0)),"-") -> 47290008 | S78: =IFERROR(INDEX(SailCrest!$A:$A,MATCH(R78,SailCrest!$B:$B,0)),"-") -> - | T78: 2 | U78: M_Ship_LargeGalleon_Sail_Inst | V78: - | W78: - | X78: - | Y78: - | Z78: - | AA78: -
A79: =A78+1 -> 46000070 | B79: 소조선돛 | C79: Sail | D79: =IFERROR(VLOOKUP(C79,ShipShapeEnum!$E:$F,2,FALSE),"-") -> 1 | E79: SK_Ship_Kobaya_Sail | F79: SkeletalMesh | G79: =IFERROR(VLOOKUP(F79,ShipShapeEnum!$B:$C,2,FALSE),"-") -> 1 | H79: - | I79: - | J79: - | K79: - | L79: - | M79: Low | N79: =IFERROR(VLOOKUP(M79,ShipShapeEnum!$H:$I,2,FALSE),"-") -> 1 | O79: - | Q79: =IFERROR(INDEX(SailPattern!$A:$A,MATCH(P79,SailPattern!$B:$B,0)),"-") -> - | S79: =IFERROR(INDEX(SailCrest!$A:$A,MATCH(R79,SailCrest!$B:$B,0)),"-") -> - | T79: - | U79: - | V79: - | W79: - | X79: - | Y79: - | Z79: - | AA79: -
A80: =A79+1 -> 46000071 | B80: 다우돛 | C80: Sail | D80: =IFERROR(VLOOKUP(C80,ShipShapeEnum!$E:$F,2,FALSE),"-") -> 1 | E80: SK_Ship_Dhow_Sail | F80: SkeletalMesh | G80: =IFERROR(VLOOKUP(F80,ShipShapeEnum!$B:$C,2,FALSE),"-") -> 1 | H80: - | I80: - | J80: - | K80: - | L80: - | M80: Low | N80: =IFERROR(VLOOKUP(M80,ShipShapeEnum!$H:$I,2,FALSE),"-") -> 1 | O80: - | Q80: =IFERROR(INDEX(SailPattern!$A:$A,MATCH(P80,SailPattern!$B:$B,0)),"-") -> - | S80: =IFERROR(INDEX(SailCrest!$A:$A,MATCH(R80,SailCrest!$B:$B,0)),"-") -> - | T80: - | U80: - | V80: - | W80: - | X80: - | Y80: - | Z80: - | AA80: -
A81: =A80+1 -> 46000072 | B81: 대복선돛 | C81: Sail | D81: =IFERROR(VLOOKUP(C81,ShipShapeEnum!$E:$F,2,FALSE),"-") -> 1 | E81: SK_Ship_LargeJunk_Sail | F81: SkeletalMesh | G81: =IFERROR(VLOOKUP(F81,ShipShapeEnum!$B:$C,2,FALSE),"-") -> 1 | H81: - | I81: - | J81: - | K81: - | L81: - | M81: Low | N81: =IFERROR(VLOOKUP(M81,ShipShapeEnum!$H:$I,2,FALSE),"-") -> 1 | O81: - | Q81: =IFERROR(INDEX(SailPattern!$A:$A,MATCH(P81,SailPattern!$B:$B,0)),"-") -> - | S81: =IFERROR(INDEX(SailCrest!$A:$A,MATCH(R81,SailCrest!$B:$B,0)),"-") -> - | T81: - | U81: - | V81: - | W81: - | X81: - | Y81: - | Z81: - | AA81: -
A82: =A81+1 -> 46000073 | B82: 카락돛 | C82: Sail | D82: =IFERROR(VLOOKUP(C82,ShipShapeEnum!$E:$F,2,FALSE),"-") -> 1 | E82: SK_Ship_Carrack_Sail | F82: SkeletalMesh | G82: =IFERROR(VLOOKUP(F82,ShipShapeEnum!$B:$C,2,FALSE),"-") -> 1 | H82: - | I82: - | J82: - | K82: - | L82: - | M82: Low | N82: =IFERROR(VLOOKUP(M82,ShipShapeEnum!$H:$I,2,FALSE),"-") -> 1 | O82: - | Q82: =IFERROR(INDEX(SailPattern!$A:$A,MATCH(P82,SailPattern!$B:$B,0)),"-") -> - | S82: =IFERROR(INDEX(SailCrest!$A:$A,MATCH(R82,SailCrest!$B:$B,0)),"-") -> - | T82: - | U82: - | V82: - | W82: - | X82: - | Y82: - | Z82: - | AA82: -
A83: =A82+1 -> 46000074 | B83: 대형사선돛 | C83: Sail | D83: =IFERROR(VLOOKUP(C83,ShipShapeEnum!$E:$F,2,FALSE),"-") -> 1 | E83: SK_Ship_LargeSha_Chuan_Sail | F83: SkeletalMesh | G83: =IFERROR(VLOOKUP(F83,ShipShapeEnum!$B:$C,2,FALSE),"-") -> 1 | H83: - | I83: - | J83: - | K83: - | L83: - | M83: Low | N83: =IFERROR(VLOOKUP(M83,ShipShapeEnum!$H:$I,2,FALSE),"-") -> 1 | O83: - | Q83: =IFERROR(INDEX(SailPattern!$A:$A,MATCH(P83,SailPattern!$B:$B,0)),"-") -> - | S83: =IFERROR(INDEX(SailCrest!$A:$A,MATCH(R83,SailCrest!$B:$B,0)),"-") -> - | T83: - | U83: - | V83: - | W83: - | X83: - | Y83: - | Z83: - | AA83: -
A84: =A83+1 -> 46000075 | B84: 스쿠너돛 | C84: Sail | D84: =IFERROR(VLOOKUP(C84,ShipShapeEnum!$E:$F,2,FALSE),"-") -> 1 | E84: SK_Ship_Schooner_Sail | F84: SkeletalMesh | G84: =IFERROR(VLOOKUP(F84,ShipShapeEnum!$B:$C,2,FALSE),"-") -> 1 | H84: - | I84: - | J84: - | K84: - | L84: - | M84: Low | N84: =IFERROR(VLOOKUP(M84,ShipShapeEnum!$H:$I,2,FALSE),"-") -> 1 | O84: - | Q84: =IFERROR(INDEX(SailPattern!$A:$A,MATCH(P84,SailPattern!$B:$B,0)),"-") -> - | S84: =IFERROR(INDEX(SailCrest!$A:$A,MATCH(R84,SailCrest!$B:$B,0)),"-") -> - | T84: - | U84: - | V84: - | W84: - | X84: - | Y84: - | Z84: - | AA84: -
A85: =A84+1 -> 46000076 | B85: 삼부크돛 | C85: Sail | D85: =IFERROR(VLOOKUP(C85,ShipShapeEnum!$E:$F,2,FALSE),"-") -> 1 | E85: SK_Ship_Sambuk_Sail | F85: SkeletalMesh | G85: =IFERROR(VLOOKUP(F85,ShipShapeEnum!$B:$C,2,FALSE),"-") -> 1 | H85: - | I85: - | J85: - | K85: - | L85: - | M85: Low | N85: =IFERROR(VLOOKUP(M85,ShipShapeEnum!$H:$I,2,FALSE),"-") -> 1 | O85: - | Q85: =IFERROR(INDEX(SailPattern!$A:$A,MATCH(P85,SailPattern!$B:$B,0)),"-") -> - | S85: =IFERROR(INDEX(SailCrest!$A:$A,MATCH(R85,SailCrest!$B:$B,0)),"-") -> - | T85: - | U85: - | V85: - | W85: - | X85: - | Y85: - | Z85: - | AA85: -
A86: =A85+1 -> 46000077 | B86: 펠러커돛 | C86: Sail | D86: =IFERROR(VLOOKUP(C86,ShipShapeEnum!$E:$F,2,FALSE),"-") -> 1 | E86: SK_Ship_Felucca_Sail | F86: SkeletalMesh | G86: =IFERROR(VLOOKUP(F86,ShipShapeEnum!$B:$C,2,FALSE),"-") -> 1 | H86: - | I86: - | J86: - | K86: - | L86: - | M86: Low | N86: =IFERROR(VLOOKUP(M86,ShipShapeEnum!$H:$I,2,FALSE),"-") -> 1 | O86: - | Q86: =IFERROR(INDEX(SailPattern!$A:$A,MATCH(P86,SailPattern!$B:$B,0)),"-") -> - | S86: =IFERROR(INDEX(SailCrest!$A:$A,MATCH(R86,SailCrest!$B:$B,0)),"-") -> - | T86: - | U86: - | V86: - | W86: - | X86: - | Y86: - | Z86: - | AA86: -
A87: =A86+1 -> 46000078 | B87: 핀네스돛 | C87: Sail | D87: =IFERROR(VLOOKUP(C87,ShipShapeEnum!$E:$F,2,FALSE),"-") -> 1 | E87: SK_Ship_Pinnace_Sail | F87: SkeletalMesh | G87: =IFERROR(VLOOKUP(F87,ShipShapeEnum!$B:$C,2,FALSE),"-") -> 1 | H87: - | I87: - | J87: - | K87: - | L87: - | M87: Low | N87: =IFERROR(VLOOKUP(M87,ShipShapeEnum!$H:$I,2,FALSE),"-") -> 1 | O87: - | Q87: =IFERROR(INDEX(SailPattern!$A:$A,MATCH(P87,SailPattern!$B:$B,0)),"-") -> - | S87: =IFERROR(INDEX(SailCrest!$A:$A,MATCH(R87,SailCrest!$B:$B,0)),"-") -> - | T87: - | U87: - | V87: - | W87: - | X87: - | Y87: - | Z87: - | AA87: -
A88: =A87+1 -> 46000079 | B88: 프류트돛 | C88: Sail | D88: =IFERROR(VLOOKUP(C88,ShipShapeEnum!$E:$F,2,FALSE),"-") -> 1 | E88: SK_Ship_Fluyt_Sail | F88: SkeletalMesh | G88: =IFERROR(VLOOKUP(F88,ShipShapeEnum!$B:$C,2,FALSE),"-") -> 1 | H88: - | I88: - | J88: - | K88: - | L88: - | M88: Low | N88: =IFERROR(VLOOKUP(M88,ShipShapeEnum!$H:$I,2,FALSE),"-") -> 1 | O88: - | Q88: =IFERROR(INDEX(SailPattern!$A:$A,MATCH(P88,SailPattern!$B:$B,0)),"-") -> - | S88: =IFERROR(INDEX(SailCrest!$A:$A,MATCH(R88,SailCrest!$B:$B,0)),"-") -> - | T88: - | U88: - | V88: - | W88: - | X88: - | Y88: - | Z88: - | AA88: -
A89: =A88+1 -> 46000080 | B89: 지벡돛 | C89: Sail | D89: =IFERROR(VLOOKUP(C89,ShipShapeEnum!$E:$F,2,FALSE),"-") -> 1 | E89: SK_Ship_Xebec_Sail | F89: SkeletalMesh | G89: =IFERROR(VLOOKUP(F89,ShipShapeEnum!$B:$C,2,FALSE),"-") -> 1 | H89: - | I89: - | J89: - | K89: - | L89: - | M89: Low | N89: =IFERROR(VLOOKUP(M89,ShipShapeEnum!$H:$I,2,FALSE),"-") -> 1 | O89: - | Q89: =IFERROR(INDEX(SailPattern!$A:$A,MATCH(P89,SailPattern!$B:$B,0)),"-") -> - | S89: =IFERROR(INDEX(SailCrest!$A:$A,MATCH(R89,SailCrest!$B:$B,0)),"-") -> - | T89: - | U89: - | V89: - | W89: - | X89: - | Y89: - | Z89: - | AA89: -
