Workbook

Sheet ReadMe
B2: 발견물 관리 시트
B3: 작성일 : 2022-05-11
B5: 문서 개요
B6: 본 문서는 발견물 핸들링을 위해 작성 되었습니다.
B7: 본 문서에서는 다음과 같은 작업을 처리합니다.
C8: 1. 전체 발견물 통계
C9: 2. 배치된 발견물 현황
C11: 마크가 되어있는 시트는 구글 맵스 데이터 추출용 시트입니다.
B12: *테이블은 본 문서를 참조하지 않습니다.
B14: 문서에 대한 정보는 다음 링크에서 확인가능합니다.
B15: [모험] 발견물

Sheet 발견물
H1: 획득처
B2: ID | C2: 명칭 | D2: 대분류 | E2: 소분류 | F2: 등급 | G2: 문화권 | H2: 해양탐색 | I2: 육지탐험 | J2: 낚시 | K2: 항구 | L2: 마을 | M2: 퀘스트 | N2: 마을탐험 | O2: 사용여부
B3: =[1]Discovery!A9 -> 70401000 | C3: =[1]Discovery!B9 -> 가야 철갑옷 | D3: =[1]Discovery!E9 -> 유물 | E3: =[1]Discovery!C9 -> 역사유물 | F3: =[1]Discovery!G9 -> B | G3: =IFERROR(VLOOKUP(표1[[#This Row],[명칭]],'문화권 정리'!C:D,2,FALSE),"-") -> 동아시아 | H3: =IFERROR(COUNTIF([2]OceanDoodad!$Y:$Y,표1[[#This Row],[명칭]]),"-") -> - | I3: =IFERROR(COUNTIF([1]AdventureDiscoveryGroup!$D$8:$AW$92,표1[[#This Row],[명칭]]),"-") -> 0 | J3: =IFERROR(COUNTIF([1]FishDiscoveryGroup!$A:$X,표1[[#This Row],[명칭]]),"-") -> 0 | K3: =IFERROR(COUNTIF([2]Town!$B:$B,표1[[#This Row],[명칭]]),"-") -> - | L3: =IFERROR(COUNTIF([1]Village!$BR:$BR,표1[[#This Row],[명칭]]),"-") -> 0 | M3: =COUNTIF(퀘스트!B:B,표1[[#This Row],[명칭]]) -> 0 | N3: =COUNTIF([1]VillageDiscoveryGroup!$C:$C,표1[[#This Row],[명칭]]) -> 0 | O3: =SUM(표1[[#This Row],[해양탐색]:[마을탐험]]) -> 0
B4: =[1]Discovery!A10 -> 70401001 | C4: =[1]Discovery!B10 -> 가타멜라타 기마상 | D4: =[1]Discovery!E10 -> 유물 | E4: =[1]Discovery!C10 -> 역사유물 | F4: =[1]Discovery!G10 -> C | G4: =IFERROR(VLOOKUP(표1[[#This Row],[명칭]],'문화권 정리'!C:D,2,FALSE),"-") -> 지중해 | H4: =IFERROR(COUNTIF([2]OceanDoodad!$Y:$Y,표1[[#This Row],[명칭]]),"-") -> - | I4: =IFERROR(COUNTIF([1]AdventureDiscoveryGroup!$D$8:$AW$92,표1[[#This Row],[명칭]]),"-") -> 0 | J4: =IFERROR(COUNTIF([1]FishDiscoveryGroup!$A:$X,표1[[#This Row],[명칭]]),"-") -> 0 | K4: =IFERROR(COUNTIF([2]Town!$B:$B,표1[[#This Row],[명칭]]),"-") -> - | L4: =IFERROR(COUNTIF([1]Village!$BR:$BR,표1[[#This Row],[명칭]]),"-") -> 0 | M4: =COUNTIF(퀘스트!B:B,표1[[#This Row],[명칭]]) -> 0 | N4: =COUNTIF([1]VillageDiscoveryGroup!$C:$C,표1[[#This Row],[명칭]]) -> 0 | O4: =SUM(표1[[#This Row],[해양탐색]:[마을탐험]]) -> 0
B5: =[1]Discovery!A11 -> 70401002 | C5: =[1]Discovery!B11 -> 검투사의 투구 | D5: =[1]Discovery!E11 -> 유물 | E5: =[1]Discovery!C11 -> 역사유물 | F5: =[1]Discovery!G11 -> C | G5: =IFERROR(VLOOKUP(표1[[#This Row],[명칭]],'문화권 정리'!C:D,2,FALSE),"-") -> 지중해 | H5: =IFERROR(COUNTIF([2]OceanDoodad!$Y:$Y,표1[[#This Row],[명칭]]),"-") -> - | I5: =IFERROR(COUNTIF([1]AdventureDiscoveryGroup!$D$8:$AW$92,표1[[#This Row],[명칭]]),"-") -> 0 | J5: =IFERROR(COUNTIF([1]FishDiscoveryGroup!$A:$X,표1[[#This Row],[명칭]]),"-") -> 0 | K5: =IFERROR(COUNTIF([2]Town!$B:$B,표1[[#This Row],[명칭]]),"-") -> - | L5: =IFERROR(COUNTIF([1]Village!$BR:$BR,표1[[#This Row],[명칭]]),"-") -> 0 | M5: =COUNTIF(퀘스트!B:B,표1[[#This Row],[명칭]]) -> 0 | N5: =COUNTIF([1]VillageDiscoveryGroup!$C:$C,표1[[#This Row],[명칭]]) -> 0 | O5: =SUM(표1[[#This Row],[해양탐색]:[마을탐험]]) -> 0
B6: =[1]Discovery!A12 -> 70401003 | C6: =[1]Discovery!B12 -> 게르 | D6: =[1]Discovery!E12 -> 유물 | E6: =[1]Discovery!C12 -> 역사유물 | F6: =[1]Discovery!G12 -> B | G6: =IFERROR(VLOOKUP(표1[[#This Row],[명칭]],'문화권 정리'!C:D,2,FALSE),"-") -> 동아시아 | H6: =IFERROR(COUNTIF([2]OceanDoodad!$Y:$Y,표1[[#This Row],[명칭]]),"-") -> - | I6: =IFERROR(COUNTIF([1]AdventureDiscoveryGroup!$D$8:$AW$92,표1[[#This Row],[명칭]]),"-") -> 0 | J6: =IFERROR(COUNTIF([1]FishDiscoveryGroup!$A:$X,표1[[#This Row],[명칭]]),"-") -> 0 | K6: =IFERROR(COUNTIF([2]Town!$B:$B,표1[[#This Row],[명칭]]),"-") -> - | L6: =IFERROR(COUNTIF([1]Village!$BR:$BR,표1[[#This Row],[명칭]]),"-") -> 0 | M6: =COUNTIF(퀘스트!B:B,표1[[#This Row],[명칭]]) -> 0 | N6: =COUNTIF([1]VillageDiscoveryGroup!$C:$C,표1[[#This Row],[명칭]]) -> 1 | O6: =SUM(표1[[#This Row],[해양탐색]:[마을탐험]]) -> 1
B7: =[1]Discovery!A13 -> 70401004 | C7: =[1]Discovery!B13 -> 게클랭의 마상창 | D7: =[1]Discovery!E13 -> 보물 | E7: =[1]Discovery!C13 -> 보물 | F7: =[1]Discovery!G13 -> A | G7: =IFERROR(VLOOKUP(표1[[#This Row],[명칭]],'문화권 정리'!C:D,2,FALSE),"-") -> 지중해 | H7: =IFERROR(COUNTIF([2]OceanDoodad!$Y:$Y,표1[[#This Row],[명칭]]),"-") -> - | I7: =IFERROR(COUNTIF([1]AdventureDiscoveryGroup!$D$8:$AW$92,표1[[#This Row],[명칭]]),"-") -> 0 | J7: =IFERROR(COUNTIF([1]FishDiscoveryGroup!$A:$X,표1[[#This Row],[명칭]]),"-") -> 0 | K7: =IFERROR(COUNTIF([2]Town!$B:$B,표1[[#This Row],[명칭]]),"-") -> - | L7: =IFERROR(COUNTIF([1]Village!$BR:$BR,표1[[#This Row],[명칭]]),"-") -> 0 | M7: =COUNTIF(퀘스트!B:B,표1[[#This Row],[명칭]]) -> 0 | N7: =COUNTIF([1]VillageDiscoveryGroup!$C:$C,표1[[#This Row],[명칭]]) -> 0 | O7: =SUM(표1[[#This Row],[해양탐색]:[마을탐험]]) -> 0
B8: =[1]Discovery!A14 -> 70401006 | C8: =[1]Discovery!B14 -> 골각기 | D8: =[1]Discovery!E14 -> 유물 | E8: =[1]Discovery!C14 -> 역사유물 | F8: =[1]Discovery!G14 -> D | G8: =IFERROR(VLOOKUP(표1[[#This Row],[명칭]],'문화권 정리'!C:D,2,FALSE),"-") -> 남아시아 | H8: =IFERROR(COUNTIF([2]OceanDoodad!$Y:$Y,표1[[#This Row],[명칭]]),"-") -> - | I8: =IFERROR(COUNTIF([1]AdventureDiscoveryGroup!$D$8:$AW$92,표1[[#This Row],[명칭]]),"-") -> 0 | J8: =IFERROR(COUNTIF([1]FishDiscoveryGroup!$A:$X,표1[[#This Row],[명칭]]),"-") -> 0 | K8: =IFERROR(COUNTIF([2]Town!$B:$B,표1[[#This Row],[명칭]]),"-") -> - | L8: =IFERROR(COUNTIF([1]Village!$BR:$BR,표1[[#This Row],[명칭]]),"-") -> 0 | M8: =COUNTIF(퀘스트!B:B,표1[[#This Row],[명칭]]) -> 0 | N8: =COUNTIF([1]VillageDiscoveryGroup!$C:$C,표1[[#This Row],[명칭]]) -> 0 | O8: =SUM(표1[[#This Row],[해양탐색]:[마을탐험]]) -> 0
B9: =[1]Discovery!A15 -> 70401007 | C9: =[1]Discovery!B15 -> 관두의 | D9: =[1]Discovery!E15 -> 보물 | E9: =[1]Discovery!C15 -> 보물 | F9: =[1]Discovery!G15 -> B | G9: =IFERROR(VLOOKUP(표1[[#This Row],[명칭]],'문화권 정리'!C:D,2,FALSE),"-") -> 남아메리카 | H9: =IFERROR(COUNTIF([2]OceanDoodad!$Y:$Y,표1[[#This Row],[명칭]]),"-") -> - | I9: =IFERROR(COUNTIF([1]AdventureDiscoveryGroup!$D$8:$AW$92,표1[[#This Row],[명칭]]),"-") -> 0 | J9: =IFERROR(COUNTIF([1]FishDiscoveryGroup!$A:$X,표1[[#This Row],[명칭]]),"-") -> 0 | K9: =IFERROR(COUNTIF([2]Town!$B:$B,표1[[#This Row],[명칭]]),"-") -> - | L9: =IFERROR(COUNTIF([1]Village!$BR:$BR,표1[[#This Row],[명칭]]),"-") -> 0 | M9: =COUNTIF(퀘스트!B:B,표1[[#This Row],[명칭]]) -> 0 | N9: =COUNTIF([1]VillageDiscoveryGroup!$C:$C,표1[[#This Row],[명칭]]) -> 0 | O9: =SUM(표1[[#This Row],[해양탐색]:[마을탐험]]) -> 0
B10: =[1]Discovery!A16 -> #70401008 | C10: =[1]Discovery!B16 -> 구멍 뚫린 두개골 | D10: =[1]Discovery!E16 -> 유물 | E10: =[1]Discovery!C16 -> 역사유물 | F10: =[1]Discovery!G16 -> C | G10: =IFERROR(VLOOKUP(표1[[#This Row],[명칭]],'문화권 정리'!C:D,2,FALSE),"-") -> 북아메리카 | H10: =IFERROR(COUNTIF([2]OceanDoodad!$Y:$Y,표1[[#This Row],[명칭]]),"-") -> - | I10: =IFERROR(COUNTIF([1]AdventureDiscoveryGroup!$D$8:$AW$92,표1[[#This Row],[명칭]]),"-") -> 0 | J10: =IFERROR(COUNTIF([1]FishDiscoveryGroup!$A:$X,표1[[#This Row],[명칭]]),"-") -> 0 | K10: =IFERROR(COUNTIF([2]Town!$B:$B,표1[[#This Row],[명칭]]),"-") -> - | L10: =IFERROR(COUNTIF([1]Village!$BR:$BR,표1[[#This Row],[명칭]]),"-") -> 0 | M10: =COUNTIF(퀘스트!B:B,표1[[#This Row],[명칭]]) -> 0 | N10: =COUNTIF([1]VillageDiscoveryGroup!$C:$C,표1[[#This Row],[명칭]]) -> 0 | O10: =SUM(표1[[#This Row],[해양탐색]:[마을탐험]]) -> 0
B11: =[1]Discovery!A17 -> 70401009 | C11: =[1]Discovery!B17 -> 그리스 문자의 석판 | D11: =[1]Discovery!E17 -> 유물 | E11: =[1]Discovery!C17 -> 역사유물 | F11: =[1]Discovery!G17 -> D | G11: =IFERROR(VLOOKUP(표1[[#This Row],[명칭]],'문화권 정리'!C:D,2,FALSE),"-") -> 지중해 | H11: =IFERROR(COUNTIF([2]OceanDoodad!$Y:$Y,표1[[#This Row],[명칭]]),"-") -> - | I11: =IFERROR(COUNTIF([1]AdventureDiscoveryGroup!$D$8:$AW$92,표1[[#This Row],[명칭]]),"-") -> 1 | J11: =IFERROR(COUNTIF([1]FishDiscoveryGroup!$A:$X,표1[[#This Row],[명칭]]),"-") -> 0 | K11: =IFERROR(COUNTIF([2]Town!$B:$B,표1[[#This Row],[명칭]]),"-") -> - | L11: =IFERROR(COUNTIF([1]Village!$BR:$BR,표1[[#This Row],[명칭]]),"-") -> 0 | M11: =COUNTIF(퀘스트!B:B,표1[[#This Row],[명칭]]) -> 0 | N11: =COUNTIF([1]VillageDiscoveryGroup!$C:$C,표1[[#This Row],[명칭]]) -> 0 | O11: =SUM(표1[[#This Row],[해양탐색]:[마을탐험]]) -> 1
B12: =[1]Discovery!A18 -> 70401010 | C12: =[1]Discovery!B18 -> 그리스의 불 | D12: =[1]Discovery!E18 -> 유물 | E12: =[1]Discovery!C18 -> 역사유물 | F12: =[1]Discovery!G18 -> B | G12: =IFERROR(VLOOKUP(표1[[#This Row],[명칭]],'문화권 정리'!C:D,2,FALSE),"-") -> 지중해 | H12: =IFERROR(COUNTIF([2]OceanDoodad!$Y:$Y,표1[[#This Row],[명칭]]),"-") -> - | I12: =IFERROR(COUNTIF([1]AdventureDiscoveryGroup!$D$8:$AW$92,표1[[#This Row],[명칭]]),"-") -> 0 | J12: =IFERROR(COUNTIF([1]FishDiscoveryGroup!$A:$X,표1[[#This Row],[명칭]]),"-") -> 0 | K12: =IFERROR(COUNTIF([2]Town!$B:$B,표1[[#This Row],[명칭]]),"-") -> - | L12: =IFERROR(COUNTIF([1]Village!$BR:$BR,표1[[#This Row],[명칭]]),"-") -> 0 | M12: =COUNTIF(퀘스트!B:B,표1[[#This Row],[명칭]]) -> 1 | N12: =COUNTIF([1]VillageDiscoveryGroup!$C:$C,표1[[#This Row],[명칭]]) -> 0 | O12: =SUM(표1[[#This Row],[해양탐색]:[마을탐험]]) -> 1
B13: =[1]Discovery!A19 -> 70401011 | C13: =[1]Discovery!B19 -> 금각만의 쇠사슬 | D13: =[1]Discovery!E19 -> 유물 | E13: =[1]Discovery!C19 -> 역사유물 | F13: =[1]Discovery!G19 -> B | G13: =IFERROR(VLOOKUP(표1[[#This Row],[명칭]],'문화권 정리'!C:D,2,FALSE),"-") -> 지중해 | H13: =IFERROR(COUNTIF([2]OceanDoodad!$Y:$Y,표1[[#This Row],[명칭]]),"-") -> - | I13: =IFERROR(COUNTIF([1]AdventureDiscoveryGroup!$D$8:$AW$92,표1[[#This Row],[명칭]]),"-") -> 0 | J13: =IFERROR(COUNTIF([1]FishDiscoveryGroup!$A:$X,표1[[#This Row],[명칭]]),"-") -> 0 | K13: =IFERROR(COUNTIF([2]Town!$B:$B,표1[[#This Row],[명칭]]),"-") -> - | L13: =IFERROR(COUNTIF([1]Village!$BR:$BR,표1[[#This Row],[명칭]]),"-") -> 0 | M13: =COUNTIF(퀘스트!B:B,표1[[#This Row],[명칭]]) -> 1 | N13: =COUNTIF([1]VillageDiscoveryGroup!$C:$C,표1[[#This Row],[명칭]]) -> 0 | O13: =SUM(표1[[#This Row],[해양탐색]:[마을탐험]]) -> 1
B14: =[1]Discovery!A20 -> 70401012 | C14: =[1]Discovery!B20 -> 금루옥의 | D14: =[1]Discovery!E20 -> 유물 | E14: =[1]Discovery!C20 -> 역사유물 | F14: =[1]Discovery!G20 -> C | G14: =IFERROR(VLOOKUP(표1[[#This Row],[명칭]],'문화권 정리'!C:D,2,FALSE),"-") -> 동아시아 | H14: =IFERROR(COUNTIF([2]OceanDoodad!$Y:$Y,표1[[#This Row],[명칭]]),"-") -> - | I14: =IFERROR(COUNTIF([1]AdventureDiscoveryGroup!$D$8:$AW$92,표1[[#This Row],[명칭]]),"-") -> 0 | J14: =IFERROR(COUNTIF([1]FishDiscoveryGroup!$A:$X,표1[[#This Row],[명칭]]),"-") -> 0 | K14: =IFERROR(COUNTIF([2]Town!$B:$B,표1[[#This Row],[명칭]]),"-") -> - | L14: =IFERROR(COUNTIF([1]Village!$BR:$BR,표1[[#This Row],[명칭]]),"-") -> 0 | M14: =COUNTIF(퀘스트!B:B,표1[[#This Row],[명칭]]) -> 1 | N14: =COUNTIF([1]VillageDiscoveryGroup!$C:$C,표1[[#This Row],[명칭]]) -> 0 | O14: =SUM(표1[[#This Row],[해양탐색]:[마을탐험]]) -> 1
... B2728: =[1]Discovery!A2734 -> 0 | C2728: =[1]Discovery!B2734 -> 0 | D2728: =[1]Discovery!E2734 -> 0 | E2728: =[1]Discovery!C2734 -> 0 | F2728: =[1]Discovery!G2734 -> 0 | G2728: =IFERROR(VLOOKUP(표1[[#This Row],[명칭]],'문화권 정리'!C:D,2,FALSE),"-") -> - | H2728: =IFERROR(COUNTIF([2]OceanDoodad!$Y:$Y,표1[[#This Row],[명칭]]),"-") -> - | I2728: =IFERROR(COUNTIF([1]AdventureDiscoveryGroup!$D$8:$AW$92,표1[[#This Row],[명칭]]),"-") -> 0 | J2728: =IFERROR(COUNTIF([1]FishDiscoveryGroup!$A:$X,표1[[#This Row],[명칭]]),"-") -> 0 | K2728: =IFERROR(COUNTIF([2]Town!$B:$B,표1[[#This Row],[명칭]]),"-") -> - | L2728: =IFERROR(COUNTIF([1]Village!$BR:$BR,표1[[#This Row],[명칭]]),"-") -> 0 | M2728: =COUNTIF(퀘스트!B:B,표1[[#This Row],[명칭]]) -> 0 | N2728: =COUNTIF([1]VillageDiscoveryGroup!$C:$C,표1[[#This Row],[명칭]]) -> 0 | O2728: =SUM(표1[[#This Row],[해양탐색]:[마을탐험]]) -> 0

Sheet 문화권 정리
C1: 명칭 | D1: 문화권 | F1: 문화권을 직접 조사하여 기입하는 시트입니다.
C2: 가야 철갑옷 | D2: 동아시아 | K2: 문화권 목록
C3: 가타멜라타 기마상 | D3: 지중해 | K3: 지중해
C4: 검투사의 투구 | D4: 지중해 | K4: 북유럽
C5: 게르 | D5: 동아시아 | K5: 브리튼
C6: 게클랭의 마상창 | D6: 지중해 | K6: 북아프리카
C7: 골각기 | D7: 남아시아 | K7: 서아프리카
C8: 관두의 | D8: 남아메리카 | K8: 남아프리카
C9: 구멍 뚫린 두개골 | D9: 북아메리카 | K9: 동아프리카
C10: 그리스 문자의 석판 | D10: 지중해 | K10: 서남아시아
C11: 그리스의 불 | D11: 지중해 | K11: 남아시아
C12: 금각만의 쇠사슬 | D12: 지중해 | K12: 동남아시아
C13: 금루옥의 | D13: 동아시아 | K13: 동아시아
... C20: 다리우스 1세의 투구 | D20: 서남아시아 | K20: 극지방
C21: 다리우스 3세의 갑옷 | D21: 서남아시아
C22: 데메트리오스 1세의 갑옷 | D22: 지중해
C23: 동고 | D23: 동남아시아
C24: 라발나스왕의 검 | D24: 지중해
C25: 라브렌체프 사본 | D25: 유라시아
C26: 람세스 2세의 머리 장식 | D26: 북아프리카
C27: 람세스 2세의 벽화 | D27: 북아프리카
C28: 람캄행 대왕의 비문 | D28: 동남아시아
C29: 렙티스마그나의 비너스상 | D29: 북아프리카
C30: 로마건국사 | D30: 지중해
C31: 로제타스톤 | D31: 북아프리카
C32: 롤로의 투구 | D32: 북유럽
... C2720: 테이블 산 | D2720: 남아프리카

Sheet 발견물 통계
B2: 1. 문화권 별 마을 / 육지 개수 + 필요 발견물 + 남는 발견물 | I2: 2. 선단 LV 제한 기준 마을/육지 개수 | O2: 3. 발견물 분류별 등급 분포 | W2: 4. 문화권 별 발견물 등급 분포 | AE2: 5. 획득처 별 등급 분포 | AM2: 6. 문화권 별 획득처 분포
B3: 마을/육지 별 발견물 수 | D3: 5
B5: 문화권 | C5: 마을 | D5: 육지 | E5: 필요 발견물 | F5: 전체 발견물 | G5: 남는 발견물 | I5: 레벨 제한 | J5: 단계 | K5: 육지 | L5: 마을 | M5: 필요 발견물 | O5: 분류 | P5: D | Q5: C | R5: B | S5: A | T5: S | U5: 합계 | W5: 문화권 | X5: D | Y5: C | Z5: B | AA5: A | AB5: S | AC5: 합계 | AE5: 문화권 | AF5: D | AG5: C | AH5: B | AI5: A | AJ5: S | AK5: 합계 | AM5: 문화권 | AN5: 해양 탐색 | AO5: 육지 탐험 | AP5: 합계
B6: 지중해 | C6: =COUNTIF([1]Village!$C:$C,표2[[#This Row],[문화권]]) -> 0 | D6: =COUNTIF([1]LandExplore!$C:$C,표2[[#This Row],[문화권]]) -> 0 | E6: =(표2[[#This Row],[마을]]+표2[[#This Row],[육지]])*$D$3 -> 0 | F6: =COUNTIF(표1[문화권],표2[[#This Row],[문화권]]) -> 292 | G6: =표2[[#This Row],[전체 발견물]]-표2[[#This Row],[필요 발견물]] -> 292 | I6: 0 | J6: 1 | K6: =COUNTIF([3]!표1_6[선단 LV],표3[[#This Row],[레벨 제한]]) -> 13 | L6: =COUNTIF([3]!표8[선단 LV],표3[[#This Row],[레벨 제한]]) -> 3 | M6: =SUM(표3[[#This Row],[육지]:[마을]])*$D$3 -> 80 | O6: 동물 | P6: =COUNTIFS(표1[대분류],표4[[#This Row],[분류]],표1[등급],"D") -> 165 | Q6: =COUNTIFS(표1[대분류],표4[[#This Row],[분류]],표1[등급],"C") -> 174 | R6: =COUNTIFS(표1[대분류],표4[[#This Row],[분류]],표1[등급],"B") -> 264 | S6: =COUNTIFS(표1[대분류],표4[[#This Row],[분류]],표1[등급],"A") -> 173 | T6: =COUNTIFS(표1[대분류],표4[[#This Row],[분류]],표1[등급],"S") -> 102 | U6: =SUM(표4[[#This Row],[D]:[S]]) -> 878 | W6: 지중해 | X6: =COUNTIFS(표1[문화권],표5[[#This Row],[문화권]],표1[등급],표5[[#Headers],[D]]) -> 38 | Y6: =COUNTIFS(표1[문화권],표5[[#This Row],[문화권]],표1[등급],표5[[#Headers],[C]]) -> 60 | Z6: =COUNTIFS(표1[문화권],표5[[#This Row],[문화권]],표1[등급],표5[[#Headers],[B]]) -> 83 | AA6: =COUNTIFS(표1[문화권],표5[[#This Row],[문화권]],표1[등급],표5[[#Headers],[A]]) -> 66 | AB6: =COUNTIFS(표1[문화권],표5[[#This Row],[문화권]],표1[등급],표5[[#Headers],[S]]) -> 45 | AC6: =SUM(표5[[#This Row],[문화권]:[S]]) -> 292 | AE6: 해양탐색 | AF6: =COUNTIFS(표1[해양탐색],">=1",표1[등급],AF5) -> 0 | AG6: =COUNTIFS(표1[해양탐색],">=1",표1[등급],AG5) -> 0 | AH6: =COUNTIFS(표1[해양탐색],">=1",표1[등급],AH5) -> 0 | AI6: =COUNTIFS(표1[해양탐색],">=1",표1[등급],AI5) -> 0 | AJ6: =COUNTIFS(표1[해양탐색],">=1",표1[등급],AJ5) -> 0 | AK6: =SUM(AF6:AJ6) -> 0 | AM6: 지중해 | AN6: =COUNTIFS(표1[해양탐색],1,표1[문화권],표6[[#This Row],[문화권]]) -> 0 | AO6: =COUNTIFS(표1[육지탐험],">=1",표1[문화권],표6[[#This Row],[문화권]]) -> 44 | AP6: =SUM(표6[[#This Row],[해양 탐색]:[육지 탐험]]) -> 44
B7: 북유럽 | C7: =COUNTIF([1]Village!$C:$C,표2[[#This Row],[문화권]]) -> 3 | D7: =COUNTIF([1]LandExplore!$C:$C,표2[[#This Row],[문화권]]) -> 0 | E7: =(표2[[#This Row],[마을]]+표2[[#This Row],[육지]])*$D$3 -> 15 | F7: =COUNTIF(표1[문화권],표2[[#This Row],[문화권]]) -> 43 | G7: =표2[[#This Row],[전체 발견물]]-표2[[#This Row],[필요 발견물]] -> 28 | I7: 20 | J7: 2 | K7: =COUNTIF([3]!표1_6[선단 LV],표3[[#This Row],[레벨 제한]]) -> 8 | L7: =COUNTIF([3]!표8[선단 LV],표3[[#This Row],[레벨 제한]]) -> 10 | M7: =SUM(표3[[#This Row],[육지]:[마을]])*$D$3 -> 90 | O7: 건축 | P7: =COUNTIFS(표1[대분류],표4[[#This Row],[분류]],표1[등급],"D") -> 304 | Q7: =COUNTIFS(표1[대분류],표4[[#This Row],[분류]],표1[등급],"C") -> 30 | R7: =COUNTIFS(표1[대분류],표4[[#This Row],[분류]],표1[등급],"B") -> 46 | S7: =COUNTIFS(표1[대분류],표4[[#This Row],[분류]],표1[등급],"A") -> 34 | T7: =COUNTIFS(표1[대분류],표4[[#This Row],[분류]],표1[등급],"S") -> 19 | U7: =SUM(표4[[#This Row],[D]:[S]]) -> 433 | W7: 북유럽 | X7: =COUNTIFS(표1[문화권],표5[[#This Row],[문화권]],표1[등급],표5[[#Headers],[D]]) -> 6 | Y7: =COUNTIFS(표1[문화권],표5[[#This Row],[문화권]],표1[등급],표5[[#Headers],[C]]) -> 8 | Z7: =COUNTIFS(표1[문화권],표5[[#This Row],[문화권]],표1[등급],표5[[#Headers],[B]]) -> 14 | AA7: =COUNTIFS(표1[문화권],표5[[#This Row],[문화권]],표1[등급],표5[[#Headers],[A]]) -> 9 | AB7: =COUNTIFS(표1[문화권],표5[[#This Row],[문화권]],표1[등급],표5[[#Headers],[S]]) -> 6 | AC7: =SUM(표5[[#This Row],[문화권]:[S]]) -> 43 | AE7: 육지탐험 | AF7: =COUNTIFS(표1[육지탐험],">=1",표1[등급],AF5) -> 125 | AG7: =COUNTIFS(표1[육지탐험],">=1",표1[등급],AG5) -> 112 | AH7: =COUNTIFS(표1[육지탐험],">=1",표1[등급],AH5) -> 105 | AI7: =COUNTIFS(표1[육지탐험],">=1",표1[등급],AI5) -> 87 | AJ7: =COUNTIFS(표1[육지탐험],">=1",표1[등급],AJ5) -> 34 | AK7: =SUM(AF7:AJ7) -> 463 | AM7: 북유럽 | AN7: =COUNTIFS(표1[해양탐색],1,표1[문화권],표6[[#This Row],[문화권]]) -> 0 | AO7: =COUNTIFS(표1[육지탐험],">=1",표1[문화권],표6[[#This Row],[문화권]]) -> 19 | AP7: =SUM(표6[[#This Row],[해양 탐색]:[육지 탐험]]) -> 19
B8: 브리튼 | C8: =COUNTIF([1]Village!$C:$C,표2[[#This Row],[문화권]]) -> 0 | D8: =COUNTIF([1]LandExplore!$C:$C,표2[[#This Row],[문화권]]) -> 0 | E8: =(표2[[#This Row],[마을]]+표2[[#This Row],[육지]])*$D$3 -> 0 | F8: =COUNTIF(표1[문화권],표2[[#This Row],[문화권]]) -> 36 | G8: =표2[[#This Row],[전체 발견물]]-표2[[#This Row],[필요 발견물]] -> 36 | I8: 25 | J8: 3 | K8: =COUNTIF([3]!표1_6[선단 LV],표3[[#This Row],[레벨 제한]]) -> 2 | L8: =COUNTIF([3]!표8[선단 LV],표3[[#This Row],[레벨 제한]]) -> 3 | M8: =SUM(표3[[#This Row],[육지]:[마을]])*$D$3 -> 25 | O8: 유물 | P8: =COUNTIFS(표1[대분류],표4[[#This Row],[분류]],표1[등급],"D") -> 35 | Q8: =COUNTIFS(표1[대분류],표4[[#This Row],[분류]],표1[등급],"C") -> 57 | R8: =COUNTIFS(표1[대분류],표4[[#This Row],[분류]],표1[등급],"B") -> 85 | S8: =COUNTIFS(표1[대분류],표4[[#This Row],[분류]],표1[등급],"A") -> 67 | T8: =COUNTIFS(표1[대분류],표4[[#This Row],[분류]],표1[등급],"S") -> 60 | U8: =SUM(표4[[#This Row],[D]:[S]]) -> 304 | W8: 브리튼 | X8: =COUNTIFS(표1[문화권],표5[[#This Row],[문화권]],표1[등급],표5[[#Headers],[D]]) -> 6 | Y8: =COUNTIFS(표1[문화권],표5[[#This Row],[문화권]],표1[등급],표5[[#Headers],[C]]) -> 6 | Z8: =COUNTIFS(표1[문화권],표5[[#This Row],[문화권]],표1[등급],표5[[#Headers],[B]]) -> 12 | AA8: =COUNTIFS(표1[문화권],표5[[#This Row],[문화권]],표1[등급],표5[[#Headers],[A]]) -> 7 | AB8: =COUNTIFS(표1[문화권],표5[[#This Row],[문화권]],표1[등급],표5[[#Headers],[S]]) -> 5 | AC8: =SUM(표5[[#This Row],[문화권]:[S]]) -> 36 | AE8: 낚시 | AF8: =COUNTIFS(표1[낚시],">=1",표1[등급],AF5) -> 64 | AG8: =COUNTIFS(표1[낚시],">=1",표1[등급],AG5) -> 64 | AH8: =COUNTIFS(표1[낚시],">=1",표1[등급],AH5) -> 89 | AI8: =COUNTIFS(표1[낚시],">=1",표1[등급],AI5) -> 50 | AJ8: =COUNTIFS(표1[낚시],">=1",표1[등급],AJ5) -> 51 | AK8: =SUM(AF8:AJ8) -> 318 | AM8: 브리튼 | AN8: =COUNTIFS(표1[해양탐색],1,표1[문화권],표6[[#This Row],[문화권]]) -> 0 | AO8: =COUNTIFS(표1[육지탐험],">=1",표1[문화권],표6[[#This Row],[문화권]]) -> 9 | AP8: =SUM(표6[[#This Row],[해양 탐색]:[육지 탐험]]) -> 9
B9: 북아프리카 | C9: =COUNTIF([1]Village!$C:$C,표2[[#This Row],[문화권]]) -> 0 | D9: =COUNTIF([1]LandExplore!$C:$C,표2[[#This Row],[문화권]]) -> 0 | E9: =(표2[[#This Row],[마을]]+표2[[#This Row],[육지]])*$D$3 -> 0 | F9: =COUNTIF(표1[문화권],표2[[#This Row],[문화권]]) -> 71 | G9: =표2[[#This Row],[전체 발견물]]-표2[[#This Row],[필요 발견물]] -> 71 | I9: 30 | J9: 4 | K9: =COUNTIF([3]!표1_6[선단 LV],표3[[#This Row],[레벨 제한]]) -> 3 | L9: =COUNTIF([3]!표8[선단 LV],표3[[#This Row],[레벨 제한]]) -> 5 | M9: =SUM(표3[[#This Row],[육지]:[마을]])*$D$3 -> 40 | O9: 보물 | P9: =COUNTIFS(표1[대분류],표4[[#This Row],[분류]],표1[등급],"D") -> 25 | Q9: =COUNTIFS(표1[대분류],표4[[#This Row],[분류]],표1[등급],"C") -> 48 | R9: =COUNTIFS(표1[대분류],표4[[#This Row],[분류]],표1[등급],"B") -> 78 | S9: =COUNTIFS(표1[대분류],표4[[#This Row],[분류]],표1[등급],"A") -> 59 | T9: =COUNTIFS(표1[대분류],표4[[#This Row],[분류]],표1[등급],"S") -> 51 | U9: =SUM(표4[[#This Row],[D]:[S]]) -> 261 | W9: 북아프리카 | X9: =COUNTIFS(표1[문화권],표5[[#This Row],[문화권]],표1[등급],표5[[#Headers],[D]]) -> 11 | Y9: =COUNTIFS(표1[문화권],표5[[#This Row],[문화권]],표1[등급],표5[[#Headers],[C]]) -> 13 | Z9: =COUNTIFS(표1[문화권],표5[[#This Row],[문화권]],표1[등급],표5[[#Headers],[B]]) -> 21 | AA9: =COUNTIFS(표1[문화권],표5[[#This Row],[문화권]],표1[등급],표5[[#Headers],[A]]) -> 15 | AB9: =COUNTIFS(표1[문화권],표5[[#This Row],[문화권]],표1[등급],표5[[#Headers],[S]]) -> 11 | AC9: =SUM(표5[[#This Row],[문화권]:[S]]) -> 71 | AE9: 항구 | AF9: =COUNTIFS(표1[항구],">=1",표1[등급],AF5) -> 0 | AG9: =COUNTIFS(표1[항구],">=1",표1[등급],AG5) -> 0 | AH9: =COUNTIFS(표1[항구],">=1",표1[등급],AH5) -> 0 | AI9: =COUNTIFS(표1[항구],">=1",표1[등급],AI5) -> 0 | AJ9: =COUNTIFS(표1[항구],">=1",표1[등급],AJ5) -> 0 | AK9: =SUM(AF9:AJ9) -> 0 | AM9: 북아프리카 | AN9: =COUNTIFS(표1[해양탐색],1,표1[문화권],표6[[#This Row],[문화권]]) -> 0 | AO9: =COUNTIFS(표1[육지탐험],">=1",표1[문화권],표6[[#This Row],[문화권]]) -> 19 | AP9: =SUM(표6[[#This Row],[해양 탐색]:[육지 탐험]]) -> 19
B10: 서아프리카 | C10: =COUNTIF([1]Village!$C:$C,표2[[#This Row],[문화권]]) -> 1 | D10: =COUNTIF([1]LandExplore!$C:$C,표2[[#This Row],[문화권]]) -> 0 | E10: =(표2[[#This Row],[마을]]+표2[[#This Row],[육지]])*$D$3 -> 5 | F10: =COUNTIF(표1[문화권],표2[[#This Row],[문화권]]) -> 60 | G10: =표2[[#This Row],[전체 발견물]]-표2[[#This Row],[필요 발견물]] -> 55 | I10: 35 | J10: 5 | K10: =COUNTIF([3]!표1_6[선단 LV],표3[[#This Row],[레벨 제한]]) -> 8 | L10: =COUNTIF([3]!표8[선단 LV],표3[[#This Row],[레벨 제한]]) -> 6 | M10: =SUM(표3[[#This Row],[육지]:[마을]])*$D$3 -> 70 | O10: 식물 | P10: =COUNTIFS(표1[대분류],표4[[#This Row],[분류]],표1[등급],"D") -> 20 | Q10: =COUNTIFS(표1[대분류],표4[[#This Row],[분류]],표1[등급],"C") -> 33 | R10: =COUNTIFS(표1[대분류],표4[[#This Row],[분류]],표1[등급],"B") -> 47 | S10: =COUNTIFS(표1[대분류],표4[[#This Row],[분류]],표1[등급],"A") -> 37 | T10: =COUNTIFS(표1[대분류],표4[[#This Row],[분류]],표1[등급],"S") -> 13 | U10: =SUM(표4[[#This Row],[D]:[S]]) -> 150 | W10: 서아프리카 | X10: =COUNTIFS(표1[문화권],표5[[#This Row],[문화권]],표1[등급],표5[[#Headers],[D]]) -> 8 | Y10: =COUNTIFS(표1[문화권],표5[[#This Row],[문화권]],표1[등급],표5[[#Headers],[C]]) -> 12 | Z10: =COUNTIFS(표1[문화권],표5[[#This Row],[문화권]],표1[등급],표5[[#Headers],[B]]) -> 21 | AA10: =COUNTIFS(표1[문화권],표5[[#This Row],[문화권]],표1[등급],표5[[#Headers],[A]]) -> 13 | AB10: =COUNTIFS(표1[문화권],표5[[#This Row],[문화권]],표1[등급],표5[[#Headers],[S]]) -> 6 | AC10: =SUM(표5[[#This Row],[문화권]:[S]]) -> 60 | AE10: 마을 | AF10: =COUNTIFS(표1[마을],">=1",표1[등급],AF5) -> 0 | AG10: =COUNTIFS(표1[마을],">=1",표1[등급],AG5) -> 0 | AH10: =COUNTIFS(표1[마을],">=1",표1[등급],AH5) -> 0 | AI10: =COUNTIFS(표1[마을],">=1",표1[등급],AI5) -> 0 | AJ10: =COUNTIFS(표1[마을],">=1",표1[등급],AJ5) -> 0 | AK10: =SUM(AF10:AJ10) -> 0 | AM10: 서아프리카 | AN10: =COUNTIFS(표1[해양탐색],1,표1[문화권],표6[[#This Row],[문화권]]) -> 0 | AO10: =COUNTIFS(표1[육지탐험],">=1",표1[문화권],표6[[#This Row],[문화권]]) -> 14 | AP10: =SUM(표6[[#This Row],[해양 탐색]:[육지 탐험]]) -> 14
B11: 남아프리카 | C11: =COUNTIF([1]Village!$C:$C,표2[[#This Row],[문화권]]) -> 0 | D11: =COUNTIF([1]LandExplore!$C:$C,표2[[#This Row],[문화권]]) -> 0 | E11: =(표2[[#This Row],[마을]]+표2[[#This Row],[육지]])*$D$3 -> 0 | F11: =COUNTIF(표1[문화권],표2[[#This Row],[문화권]]) -> 56 | G11: =표2[[#This Row],[전체 발견물]]-표2[[#This Row],[필요 발견물]] -> 56 | I11: 40 | J11: 6 | K11: =COUNTIF([3]!표1_6[선단 LV],표3[[#This Row],[레벨 제한]]) -> 10 | L11: =COUNTIF([3]!표8[선단 LV],표3[[#This Row],[레벨 제한]]) -> 11 | M11: =SUM(표3[[#This Row],[육지]:[마을]])*$D$3 -> 105 | O11: 자연 | P11: =COUNTIFS(표1[대분류],표4[[#This Row],[분류]],표1[등급],"D") -> 79 | Q11: =COUNTIFS(표1[대분류],표4[[#This Row],[분류]],표1[등급],"C") -> 134 | R11: =COUNTIFS(표1[대분류],표4[[#This Row],[분류]],표1[등급],"B") -> 277 | S11: =COUNTIFS(표1[대분류],표4[[#This Row],[분류]],표1[등급],"A") -> 143 | T11: =COUNTIFS(표1[대분류],표4[[#This Row],[분류]],표1[등급],"S") -> 60 | U11: =SUM(표4[[#This Row],[D]:[S]]) -> 693 | W11: 남아프리카 | X11: =COUNTIFS(표1[문화권],표5[[#This Row],[문화권]],표1[등급],표5[[#Headers],[D]]) -> 9 | Y11: =COUNTIFS(표1[문화권],표5[[#This Row],[문화권]],표1[등급],표5[[#Headers],[C]]) -> 8 | Z11: =COUNTIFS(표1[문화권],표5[[#This Row],[문화권]],표1[등급],표5[[#Headers],[B]]) -> 23 | AA11: =COUNTIFS(표1[문화권],표5[[#This Row],[문화권]],표1[등급],표5[[#Headers],[A]]) -> 12 | AB11: =COUNTIFS(표1[문화권],표5[[#This Row],[문화권]],표1[등급],표5[[#Headers],[S]]) -> 4 | AC11: =SUM(표5[[#This Row],[문화권]:[S]]) -> 56 | AE11: 퀘스트 | AF11: =COUNTIFS(표1[퀘스트],">=1",표1[등급],AF5) -> 15 | AG11: =COUNTIFS(표1[퀘스트],">=1",표1[등급],AG5) -> 25 | AH11: =COUNTIFS(표1[퀘스트],">=1",표1[등급],AH5) -> 64 | AI11: =COUNTIFS(표1[퀘스트],">=1",표1[등급],AI5) -> 52 | AJ11: =COUNTIFS(표1[퀘스트],">=1",표1[등급],AJ5) -> 65 | AK11: =SUM(AF11:AJ11) -> 221 | AM11: 남아프리카 | AN11: =COUNTIFS(표1[해양탐색],1,표1[문화권],표6[[#This Row],[문화권]]) -> 0 | AO11: =COUNTIFS(표1[육지탐험],">=1",표1[문화권],표6[[#This Row],[문화권]]) -> 24 | AP11: =SUM(표6[[#This Row],[해양 탐색]:[육지 탐험]]) -> 24
B12: 동아프리카 | C12: =COUNTIF([1]Village!$C:$C,표2[[#This Row],[문화권]]) -> 0 | D12: =COUNTIF([1]LandExplore!$C:$C,표2[[#This Row],[문화권]]) -> 0 | E12: =(표2[[#This Row],[마을]]+표2[[#This Row],[육지]])*$D$3 -> 0 | F12: =COUNTIF(표1[문화권],표2[[#This Row],[문화권]]) -> 40 | G12: =표2[[#This Row],[전체 발견물]]-표2[[#This Row],[필요 발견물]] -> 40 | I12: 45 | J12: 7 | K12: =COUNTIF([3]!표1_6[선단 LV],표3[[#This Row],[레벨 제한]]) -> 6 | L12: =COUNTIF([3]!표8[선단 LV],표3[[#This Row],[레벨 제한]]) -> 1 | M12: =SUM(표3[[#This Row],[육지]:[마을]])*$D$3 -> 35 | O12: 합계 | P12: =SUM(표4[D]) -> 628 | Q12: =SUM(표4[C]) -> 476 | R12: =SUM(표4[B]) -> 797 | S12: =SUM(표4[A]) -> 513 | T12: =SUM(표4[S]) -> 305 | U12: =SUM(U6:U11) -> 2719 | W12: 동아프리카 | X12: =COUNTIFS(표1[문화권],표5[[#This Row],[문화권]],표1[등급],표5[[#Headers],[D]]) -> 7 | Y12: =COUNTIFS(표1[문화권],표5[[#This Row],[문화권]],표1[등급],표5[[#Headers],[C]]) -> 9 | Z12: =COUNTIFS(표1[문화권],표5[[#This Row],[문화권]],표1[등급],표5[[#Headers],[B]]) -> 13 | AA12: =COUNTIFS(표1[문화권],표5[[#This Row],[문화권]],표1[등급],표5[[#Headers],[A]]) -> 6 | AB12: =COUNTIFS(표1[문화권],표5[[#This Row],[문화권]],표1[등급],표5[[#Headers],[S]]) -> 5 | AC12: =SUM(표5[[#This Row],[문화권]:[S]]) -> 40 | AE12: 합계 | AF12: =SUM(AF6:AF11) -> 204 | AG12: =SUM(AG6:AG11) -> 201 | AH12: =SUM(AH6:AH11) -> 258 | AI12: =SUM(AI6:AI11) -> 189 | AJ12: =SUM(AJ6:AJ11) -> 150 | AK12: =SUM(AF12:AJ12) -> 1002 | AM12: 동아프리카 | AN12: =COUNTIFS(표1[해양탐색],1,표1[문화권],표6[[#This Row],[문화권]]) -> 0 | AO12: =COUNTIFS(표1[육지탐험],">=1",표1[문화권],표6[[#This Row],[문화권]]) -> 18 | AP12: =SUM(표6[[#This Row],[해양 탐색]:[육지 탐험]]) -> 18
B13: 서남아시아 | C13: =COUNTIF([1]Village!$C:$C,표2[[#This Row],[문화권]]) -> 0 | D13: =COUNTIF([1]LandExplore!$C:$C,표2[[#This Row],[문화권]]) -> 0 | E13: =(표2[[#This Row],[마을]]+표2[[#This Row],[육지]])*$D$3 -> 0 | F13: =COUNTIF(표1[문화권],표2[[#This Row],[문화권]]) -> 91 | G13: =표2[[#This Row],[전체 발견물]]-표2[[#This Row],[필요 발견물]] -> 91 | I13: 50 | J13: 8 | K13: =COUNTIF([3]!표1_6[선단 LV],표3[[#This Row],[레벨 제한]]) -> 14 | L13: =COUNTIF([3]!표8[선단 LV],표3[[#This Row],[레벨 제한]]) -> 9 | M13: =SUM(표3[[#This Row],[육지]:[마을]])*$D$3 -> 115 | W13: 서남아시아 | X13: =COUNTIFS(표1[문화권],표5[[#This Row],[문화권]],표1[등급],표5[[#Headers],[D]]) -> 5 | Y13: =COUNTIFS(표1[문화권],표5[[#This Row],[문화권]],표1[등급],표5[[#Headers],[C]]) -> 14 | Z13: =COUNTIFS(표1[문화권],표5[[#This Row],[문화권]],표1[등급],표5[[#Headers],[B]]) -> 28 | AA13: =COUNTIFS(표1[문화권],표5[[#This Row],[문화권]],표1[등급],표5[[#Headers],[A]]) -> 21 | AB13: =COUNTIFS(표1[문화권],표5[[#This Row],[문화권]],표1[등급],표5[[#Headers],[S]]) -> 23 | AC13: =SUM(표5[[#This Row],[문화권]:[S]]) -> 91 | AM13: 서남아시아 | AN13: =COUNTIFS(표1[해양탐색],1,표1[문화권],표6[[#This Row],[문화권]]) -> 0 | AO13: =COUNTIFS(표1[육지탐험],">=1",표1[문화권],표6[[#This Row],[문화권]]) -> 13 | AP13: =SUM(표6[[#This Row],[해양 탐색]:[육지 탐험]]) -> 13
B14: 남아시아 | C14: =COUNTIF([1]Village!$C:$C,표2[[#This Row],[문화권]]) -> 2 | D14: =COUNTIF([1]LandExplore!$C:$C,표2[[#This Row],[문화권]]) -> 0 | E14: =(표2[[#This Row],[마을]]+표2[[#This Row],[육지]])*$D$3 -> 10 | F14: =COUNTIF(표1[문화권],표2[[#This Row],[문화권]]) -> 65 | G14: =표2[[#This Row],[전체 발견물]]-표2[[#This Row],[필요 발견물]] -> 55 | I14: 55 | J14: 9 | K14: =COUNTIF([3]!표1_6[선단 LV],표3[[#This Row],[레벨 제한]]) -> 2 | L14: =COUNTIF([3]!표8[선단 LV],표3[[#This Row],[레벨 제한]]) -> 3 | M14: =SUM(표3[[#This Row],[육지]:[마을]])*$D$3 -> 25 | W14: 남아시아 | X14: =COUNTIFS(표1[문화권],표5[[#This Row],[문화권]],표1[등급],표5[[#Headers],[D]]) -> 6 | Y14: =COUNTIFS(표1[문화권],표5[[#This Row],[문화권]],표1[등급],표5[[#Headers],[C]]) -> 11 | Z14: =COUNTIFS(표1[문화권],표5[[#This Row],[문화권]],표1[등급],표5[[#Headers],[B]]) -> 24 | AA14: =COUNTIFS(표1[문화권],표5[[#This Row],[문화권]],표1[등급],표5[[#Headers],[A]]) -> 14 | AB14: =COUNTIFS(표1[문화권],표5[[#This Row],[문화권]],표1[등급],표5[[#Headers],[S]]) -> 10 | AC14: =SUM(표5[[#This Row],[문화권]:[S]]) -> 65 | AM14: 남아시아 | AN14: =COUNTIFS(표1[해양탐색],1,표1[문화권],표6[[#This Row],[문화권]]) -> 0 | AO14: =COUNTIFS(표1[육지탐험],">=1",표1[문화권],표6[[#This Row],[문화권]]) -> 14 | AP14: =SUM(표6[[#This Row],[해양 탐색]:[육지 탐험]]) -> 14
B15: 동남아시아 | C15: =COUNTIF([1]Village!$C:$C,표2[[#This Row],[문화권]]) -> 4 | D15: =COUNTIF([1]LandExplore!$C:$C,표2[[#This Row],[문화권]]) -> 0 | E15: =(표2[[#This Row],[마을]]+표2[[#This Row],[육지]])*$D$3 -> 20 | F15: =COUNTIF(표1[문화권],표2[[#This Row],[문화권]]) -> 141 | G15: =표2[[#This Row],[전체 발견물]]-표2[[#This Row],[필요 발견물]] -> 121 | I15: 80 | J15: 10 | K15: =COUNTIF([3]!표1_6[선단 LV],표3[[#This Row],[레벨 제한]]) -> 18 | L15: =COUNTIF([3]!표8[선단 LV],표3[[#This Row],[레벨 제한]]) -> 14 | M15: =SUM(표3[[#This Row],[육지]:[마을]])*$D$3 -> 160 | W15: 동남아시아 | X15: =COUNTIFS(표1[문화권],표5[[#This Row],[문화권]],표1[등급],표5[[#Headers],[D]]) -> 18 | Y15: =COUNTIFS(표1[문화권],표5[[#This Row],[문화권]],표1[등급],표5[[#Headers],[C]]) -> 32 | Z15: =COUNTIFS(표1[문화권],표5[[#This Row],[문화권]],표1[등급],표5[[#Headers],[B]]) -> 43 | AA15: =COUNTIFS(표1[문화권],표5[[#This Row],[문화권]],표1[등급],표5[[#Headers],[A]]) -> 33 | AB15: =COUNTIFS(표1[문화권],표5[[#This Row],[문화권]],표1[등급],표5[[#Headers],[S]]) -> 15 | AC15: =SUM(표5[[#This Row],[문화권]:[S]]) -> 141 | AM15: 동남아시아 | AN15: =COUNTIFS(표1[해양탐색],1,표1[문화권],표6[[#This Row],[문화권]]) -> 0 | AO15: =COUNTIFS(표1[육지탐험],">=1",표1[문화권],표6[[#This Row],[문화권]]) -> 43 | AP15: =SUM(표6[[#This Row],[해양 탐색]:[육지 탐험]]) -> 43
B16: 동아시아 | C16: =COUNTIF([1]Village!$C:$C,표2[[#This Row],[문화권]]) -> 15 | D16: =COUNTIF([1]LandExplore!$C:$C,표2[[#This Row],[문화권]]) -> 0 | E16: =(표2[[#This Row],[마을]]+표2[[#This Row],[육지]])*$D$3 -> 75 | F16: =COUNTIF(표1[문화권],표2[[#This Row],[문화권]]) -> 330 | G16: =표2[[#This Row],[전체 발견물]]-표2[[#This Row],[필요 발견물]] -> 255 | I16: 80 | J16: 11 | K16: =COUNTIF([3]!표1_6[선단 LV],표3[[#This Row],[레벨 제한]]) -> 18 | L16: =COUNTIF([3]!표8[선단 LV],표3[[#This Row],[레벨 제한]]) -> 14 | M16: =SUM(표3[[#This Row],[육지]:[마을]])*$D$3 -> 160 | W16: 동아시아 | X16: =COUNTIFS(표1[문화권],표5[[#This Row],[문화권]],표1[등급],표5[[#Headers],[D]]) -> 43 | Y16: =COUNTIFS(표1[문화권],표5[[#This Row],[문화권]],표1[등급],표5[[#Headers],[C]]) -> 77 | Z16: =COUNTIFS(표1[문화권],표5[[#This Row],[문화권]],표1[등급],표5[[#Headers],[B]]) -> 111 | AA16: =COUNTIFS(표1[문화권],표5[[#This Row],[문화권]],표1[등급],표5[[#Headers],[A]]) -> 65 | AB16: =COUNTIFS(표1[문화권],표5[[#This Row],[문화권]],표1[등급],표5[[#Headers],[S]]) -> 34 | AC16: =SUM(표5[[#This Row],[문화권]:[S]]) -> 330 | AM16: 동아시아 | AN16: =COUNTIFS(표1[해양탐색],1,표1[문화권],표6[[#This Row],[문화권]]) -> 0 | AO16: =COUNTIFS(표1[육지탐험],">=1",표1[문화권],표6[[#This Row],[문화권]]) -> 84 | AP16: =SUM(표6[[#This Row],[해양 탐색]:[육지 탐험]]) -> 84
B17: 오세아니아 | C17: =COUNTIF([1]Village!$C:$C,표2[[#This Row],[문화권]]) -> 6 | D17: =COUNTIF([1]LandExplore!$C:$C,표2[[#This Row],[문화권]]) -> 0 | E17: =(표2[[#This Row],[마을]]+표2[[#This Row],[육지]])*$D$3 -> 30 | F17: =COUNTIF(표1[문화권],표2[[#This Row],[문화권]]) -> 84 | G17: =표2[[#This Row],[전체 발견물]]-표2[[#This Row],[필요 발견물]] -> 54 | I17: 80 | J17: 12 | K17: =COUNTIF([3]!표1_6[선단 LV],표3[[#This Row],[레벨 제한]]) -> 18 | L17: =COUNTIF([3]!표8[선단 LV],표3[[#This Row],[레벨 제한]]) -> 14 | M17: =SUM(표3[[#This Row],[육지]:[마을]])*$D$3 -> 160 | W17: 오세아니아 | X17: =COUNTIFS(표1[문화권],표5[[#This Row],[문화권]],표1[등급],표5[[#Headers],[D]]) -> 19 | Y17: =COUNTIFS(표1[문화권],표5[[#This Row],[문화권]],표1[등급],표5[[#Headers],[C]]) -> 16 | Z17: =COUNTIFS(표1[문화권],표5[[#This Row],[문화권]],표1[등급],표5[[#Headers],[B]]) -> 23 | AA17: =COUNTIFS(표1[문화권],표5[[#This Row],[문화권]],표1[등급],표5[[#Headers],[A]]) -> 17 | AB17: =COUNTIFS(표1[문화권],표5[[#This Row],[문화권]],표1[등급],표5[[#Headers],[S]]) -> 9 | AC17: =SUM(표5[[#This Row],[문화권]:[S]]) -> 84 | AM17: 오세아니아 | AN17: =COUNTIFS(표1[해양탐색],1,표1[문화권],표6[[#This Row],[문화권]]) -> 0 | AO17: =COUNTIFS(표1[육지탐험],">=1",표1[문화권],표6[[#This Row],[문화권]]) -> 24 | AP17: =SUM(표6[[#This Row],[해양 탐색]:[육지 탐험]]) -> 24
B18: 태평양 | C18: =COUNTIF([1]Village!$C:$C,표2[[#This Row],[문화권]]) -> 3 | D18: =COUNTIF([1]LandExplore!$C:$C,표2[[#This Row],[문화권]]) -> 0 | E18: =(표2[[#This Row],[마을]]+표2[[#This Row],[육지]])*$D$3 -> 15 | F18: =COUNTIF(표1[문화권],표2[[#This Row],[문화권]]) -> 37 | G18: =표2[[#This Row],[전체 발견물]]-표2[[#This Row],[필요 발견물]] -> 22 | I18: 합계 | J18: - | K18: =SUM(표3[육지])-SUM(K16:K17) -> 84 | L18: =SUM(표3[마을])-SUM(L16:L17) -> 65 | M18: =SUM(표3[필요 발견물])-SUM(M16:M17) -> 745 | W18: 태평양 | X18: =COUNTIFS(표1[문화권],표5[[#This Row],[문화권]],표1[등급],표5[[#Headers],[D]]) -> 4 | Y18: =COUNTIFS(표1[문화권],표5[[#This Row],[문화권]],표1[등급],표5[[#Headers],[C]]) -> 5 | Z18: =COUNTIFS(표1[문화권],표5[[#This Row],[문화권]],표1[등급],표5[[#Headers],[B]]) -> 14 | AA18: =COUNTIFS(표1[문화권],표5[[#This Row],[문화권]],표1[등급],표5[[#Headers],[A]]) -> 7 | AB18: =COUNTIFS(표1[문화권],표5[[#This Row],[문화권]],표1[등급],표5[[#Headers],[S]]) -> 7 | AC18: =SUM(표5[[#This Row],[문화권]:[S]]) -> 37 | AM18: 태평양 | AN18: =COUNTIFS(표1[해양탐색],1,표1[문화권],표6[[#This Row],[문화권]]) -> 0 | AO18: =COUNTIFS(표1[육지탐험],">=1",표1[문화권],표6[[#This Row],[문화권]]) -> 6 | AP18: =SUM(표6[[#This Row],[해양 탐색]:[육지 탐험]]) -> 6
B19: 유라시아 | C19: =COUNTIF([1]Village!$C:$C,표2[[#This Row],[문화권]]) -> 5 | D19: =COUNTIF([1]LandExplore!$C:$C,표2[[#This Row],[문화권]]) -> 0 | E19: =(표2[[#This Row],[마을]]+표2[[#This Row],[육지]])*$D$3 -> 25 | F19: =COUNTIF(표1[문화권],표2[[#This Row],[문화권]]) -> 29 | G19: =표2[[#This Row],[전체 발견물]]-표2[[#This Row],[필요 발견물]] -> 4 | W19: 유라시아 | X19: =COUNTIFS(표1[문화권],표5[[#This Row],[문화권]],표1[등급],표5[[#Headers],[D]]) -> 2 | Y19: =COUNTIFS(표1[문화권],표5[[#This Row],[문화권]],표1[등급],표5[[#Headers],[C]]) -> 4 | Z19: =COUNTIFS(표1[문화권],표5[[#This Row],[문화권]],표1[등급],표5[[#Headers],[B]]) -> 13 | AA19: =COUNTIFS(표1[문화권],표5[[#This Row],[문화권]],표1[등급],표5[[#Headers],[A]]) -> 7 | AB19: =COUNTIFS(표1[문화권],표5[[#This Row],[문화권]],표1[등급],표5[[#Headers],[S]]) -> 3 | AC19: =SUM(표5[[#This Row],[문화권]:[S]]) -> 29 | AM19: 유라시아 | AN19: =COUNTIFS(표1[해양탐색],1,표1[문화권],표6[[#This Row],[문화권]]) -> 0 | AO19: =COUNTIFS(표1[육지탐험],">=1",표1[문화권],표6[[#This Row],[문화권]]) -> 11 | AP19: =SUM(표6[[#This Row],[해양 탐색]:[육지 탐험]]) -> 11
B20: 북아메리카 | C20: =COUNTIF([1]Village!$C:$C,표2[[#This Row],[문화권]]) -> 11 | D20: =COUNTIF([1]LandExplore!$C:$C,표2[[#This Row],[문화권]]) -> 0 | E20: =(표2[[#This Row],[마을]]+표2[[#This Row],[육지]])*$D$3 -> 55 | F20: =COUNTIF(표1[문화권],표2[[#This Row],[문화권]]) -> 131 | G20: =표2[[#This Row],[전체 발견물]]-표2[[#This Row],[필요 발견물]] -> 76 | W20: 북아메리카 | X20: =COUNTIFS(표1[문화권],표5[[#This Row],[문화권]],표1[등급],표5[[#Headers],[D]]) -> 12 | Y20: =COUNTIFS(표1[문화권],표5[[#This Row],[문화권]],표1[등급],표5[[#Headers],[C]]) -> 26 | Z20: =COUNTIFS(표1[문화권],표5[[#This Row],[문화권]],표1[등급],표5[[#Headers],[B]]) -> 56 | AA20: =COUNTIFS(표1[문화권],표5[[#This Row],[문화권]],표1[등급],표5[[#Headers],[A]]) -> 31 | AB20: =COUNTIFS(표1[문화권],표5[[#This Row],[문화권]],표1[등급],표5[[#Headers],[S]]) -> 6 | AC20: =SUM(표5[[#This Row],[문화권]:[S]]) -> 131 | AM20: 북아메리카 | AN20: =COUNTIFS(표1[해양탐색],1,표1[문화권],표6[[#This Row],[문화권]]) -> 0 | AO20: =COUNTIFS(표1[육지탐험],">=1",표1[문화권],표6[[#This Row],[문화권]]) -> 35 | AP20: =SUM(표6[[#This Row],[해양 탐색]:[육지 탐험]]) -> 35
B21: 중앙아메리카 | C21: =COUNTIF([1]Village!$C:$C,표2[[#This Row],[문화권]]) -> 3 | D21: =COUNTIF([1]LandExplore!$C:$C,표2[[#This Row],[문화권]]) -> 0 | E21: =(표2[[#This Row],[마을]]+표2[[#This Row],[육지]])*$D$3 -> 15 | F21: =COUNTIF(표1[문화권],표2[[#This Row],[문화권]]) -> 86 | G21: =표2[[#This Row],[전체 발견물]]-표2[[#This Row],[필요 발견물]] -> 71 | W21: 중앙아메리카 | X21: =COUNTIFS(표1[문화권],표5[[#This Row],[문화권]],표1[등급],표5[[#Headers],[D]]) -> 10 | Y21: =COUNTIFS(표1[문화권],표5[[#This Row],[문화권]],표1[등급],표5[[#Headers],[C]]) -> 12 | Z21: =COUNTIFS(표1[문화권],표5[[#This Row],[문화권]],표1[등급],표5[[#Headers],[B]]) -> 34 | AA21: =COUNTIFS(표1[문화권],표5[[#This Row],[문화권]],표1[등급],표5[[#Headers],[A]]) -> 22 | AB21: =COUNTIFS(표1[문화권],표5[[#This Row],[문화권]],표1[등급],표5[[#Headers],[S]]) -> 8 | AC21: =SUM(표5[[#This Row],[문화권]:[S]]) -> 86 | AM21: 중앙아메리카 | AN21: =COUNTIFS(표1[해양탐색],1,표1[문화권],표6[[#This Row],[문화권]]) -> 0 | AO21: =COUNTIFS(표1[육지탐험],">=1",표1[문화권],표6[[#This Row],[문화권]]) -> 18 | AP21: =SUM(표6[[#This Row],[해양 탐색]:[육지 탐험]]) -> 18
B22: 남아메리카 | C22: =COUNTIF([1]Village!$C:$C,표2[[#This Row],[문화권]]) -> 7 | D22: =COUNTIF([1]LandExplore!$C:$C,표2[[#This Row],[문화권]]) -> 0 | E22: =(표2[[#This Row],[마을]]+표2[[#This Row],[육지]])*$D$3 -> 35 | F22: =COUNTIF(표1[문화권],표2[[#This Row],[문화권]]) -> 164 | G22: =표2[[#This Row],[전체 발견물]]-표2[[#This Row],[필요 발견물]] -> 129 | W22: 남아메리카 | X22: =COUNTIFS(표1[문화권],표5[[#This Row],[문화권]],표1[등급],표5[[#Headers],[D]]) -> 20 | Y22: =COUNTIFS(표1[문화권],표5[[#This Row],[문화권]],표1[등급],표5[[#Headers],[C]]) -> 34 | Z22: =COUNTIFS(표1[문화권],표5[[#This Row],[문화권]],표1[등급],표5[[#Headers],[B]]) -> 53 | AA22: =COUNTIFS(표1[문화권],표5[[#This Row],[문화권]],표1[등급],표5[[#Headers],[A]]) -> 41 | AB22: =COUNTIFS(표1[문화권],표5[[#This Row],[문화권]],표1[등급],표5[[#Headers],[S]]) -> 16 | AC22: =SUM(표5[[#This Row],[문화권]:[S]]) -> 164 | AM22: 남아메리카 | AN22: =COUNTIFS(표1[해양탐색],1,표1[문화권],표6[[#This Row],[문화권]]) -> 0 | AO22: =COUNTIFS(표1[육지탐험],">=1",표1[문화권],표6[[#This Row],[문화권]]) -> 53 | AP22: =SUM(표6[[#This Row],[해양 탐색]:[육지 탐험]]) -> 53
B23: 극지방 | C23: =COUNTIF([1]Village!$C:$C,표2[[#This Row],[문화권]]) -> 6 | D23: =COUNTIF([1]LandExplore!$C:$C,표2[[#This Row],[문화권]]) -> 0 | E23: =(표2[[#This Row],[마을]]+표2[[#This Row],[육지]])*$D$3 -> 30 | F23: =COUNTIF(표1[문화권],표2[[#This Row],[문화권]]) -> 74 | G23: =표2[[#This Row],[전체 발견물]]-표2[[#This Row],[필요 발견물]] -> 44 | W23: 극지방 | X23: =COUNTIFS(표1[문화권],표5[[#This Row],[문화권]],표1[등급],표5[[#Headers],[D]]) -> 1 | Y23: =COUNTIFS(표1[문화권],표5[[#This Row],[문화권]],표1[등급],표5[[#Headers],[C]]) -> 12 | Z23: =COUNTIFS(표1[문화권],표5[[#This Row],[문화권]],표1[등급],표5[[#Headers],[B]]) -> 37 | AA23: =COUNTIFS(표1[문화권],표5[[#This Row],[문화권]],표1[등급],표5[[#Headers],[A]]) -> 19 | AB23: =COUNTIFS(표1[문화권],표5[[#This Row],[문화권]],표1[등급],표5[[#Headers],[S]]) -> 5 | AC23: =SUM(표5[[#This Row],[문화권]:[S]]) -> 74 | AM23: 극지방 | AN23: =COUNTIFS(표1[해양탐색],1,표1[문화권],표6[[#This Row],[문화권]]) -> 0 | AO23: =COUNTIFS(표1[육지탐험],">=1",표1[문화권],표6[[#This Row],[문화권]]) -> 8 | AP23: =SUM(표6[[#This Row],[해양 탐색]:[육지 탐험]]) -> 8
B24: 마을 | C24: =COUNTIF([1]Village!$C:$C,표2[[#This Row],[문화권]]) -> 0 | D24: =COUNTIF([1]LandExplore!$C:$C,표2[[#This Row],[문화권]]) -> 0 | E24: =(표2[[#This Row],[마을]]+표2[[#This Row],[육지]])*$D$3 -> 0 | F24: =COUNTIF(표1[문화권],표2[[#This Row],[문화권]]) -> 66 | G24: =표2[[#This Row],[전체 발견물]]-표2[[#This Row],[필요 발견물]] -> 66 | W24: 마을 | X24: =COUNTIFS(표1[문화권],표5[[#This Row],[문화권]],표1[등급],표5[[#Headers],[D]]) -> 66 | Y24: =COUNTIFS(표1[문화권],표5[[#This Row],[문화권]],표1[등급],표5[[#Headers],[C]]) -> 0 | Z24: =COUNTIFS(표1[문화권],표5[[#This Row],[문화권]],표1[등급],표5[[#Headers],[B]]) -> 0 | AA24: =COUNTIFS(표1[문화권],표5[[#This Row],[문화권]],표1[등급],표5[[#Headers],[A]]) -> 0 | AB24: =COUNTIFS(표1[문화권],표5[[#This Row],[문화권]],표1[등급],표5[[#Headers],[S]]) -> 0 | AC24: =SUM(표5[[#This Row],[문화권]:[S]]) -> 66 | AM24: 합계 | AN24: =SUM(표6[해양 탐색]) -> 0 | AO24: =SUM(표6[육지 탐험]) -> 456 | AP24: =SUM(AN24:AO24) -> 456
B25: 항구 | C25: =COUNTIF([1]Village!$C:$C,표2[[#This Row],[문화권]]) -> 0 | D25: =COUNTIF([1]LandExplore!$C:$C,표2[[#This Row],[문화권]]) -> 0 | E25: =(표2[[#This Row],[마을]]+표2[[#This Row],[육지]])*$D$3 -> 0 | F25: =COUNTIF(표1[문화권],표2[[#This Row],[문화권]]) -> 218 | G25: =표2[[#This Row],[전체 발견물]]-표2[[#This Row],[필요 발견물]] -> 218 | W25: 항구 | X25: =COUNTIFS(표1[문화권],표5[[#This Row],[문화권]],표1[등급],표5[[#Headers],[D]]) -> 218 | Y25: =COUNTIFS(표1[문화권],표5[[#This Row],[문화권]],표1[등급],표5[[#Headers],[C]]) -> 0 | Z25: =COUNTIFS(표1[문화권],표5[[#This Row],[문화권]],표1[등급],표5[[#Headers],[B]]) -> 0 | AA25: =COUNTIFS(표1[문화권],표5[[#This Row],[문화권]],표1[등급],표5[[#Headers],[A]]) -> 0 | AB25: =COUNTIFS(표1[문화권],표5[[#This Row],[문화권]],표1[등급],표5[[#Headers],[S]]) -> 0 | AC25: =SUM(표5[[#This Row],[문화권]:[S]]) -> 218
B26: 어류 | C26: =COUNTIF([1]Village!$C:$C,표2[[#This Row],[문화권]]) -> 0 | D26: =COUNTIF([1]LandExplore!$C:$C,표2[[#This Row],[문화권]]) -> 0 | E26: =(표2[[#This Row],[마을]]+표2[[#This Row],[육지]])*$D$3 -> 0 | F26: =COUNTIF(표1[문화권],표2[[#This Row],[문화권]]) -> 425 | G26: =표2[[#This Row],[전체 발견물]]-표2[[#This Row],[필요 발견물]] -> 425 | W26: 어류 | X26: =COUNTIFS(표1[문화권],표5[[#This Row],[문화권]],표1[등급],표5[[#Headers],[D]]) -> 79 | Y26: =COUNTIFS(표1[문화권],표5[[#This Row],[문화권]],표1[등급],표5[[#Headers],[C]]) -> 84 | Z26: =COUNTIFS(표1[문화권],표5[[#This Row],[문화권]],표1[등급],표5[[#Headers],[B]]) -> 129 | AA26: =COUNTIFS(표1[문화권],표5[[#This Row],[문화권]],표1[등급],표5[[#Headers],[A]]) -> 64 | AB26: =COUNTIFS(표1[문화권],표5[[#This Row],[문화권]],표1[등급],표5[[#Headers],[S]]) -> 69 | AC26: =SUM(표5[[#This Row],[문화권]:[S]]) -> 425
B27: 천문 | C27: =COUNTIF([1]Village!$C:$C,표2[[#This Row],[문화권]]) -> 0 | D27: =COUNTIF([1]LandExplore!$C:$C,표2[[#This Row],[문화권]]) -> 0 | E27: =(표2[[#This Row],[마을]]+표2[[#This Row],[육지]])*$D$3 -> 0 | F27: =COUNTIF(표1[문화권],표2[[#This Row],[문화권]]) -> 145 | G27: =표2[[#This Row],[전체 발견물]]-표2[[#This Row],[필요 발견물]] -> 145 | W27: 천문 | X27: =COUNTIFS(표1[문화권],표5[[#This Row],[문화권]],표1[등급],표5[[#Headers],[D]]) -> 35 | Y27: =COUNTIFS(표1[문화권],표5[[#This Row],[문화권]],표1[등급],표5[[#Headers],[C]]) -> 24 | Z27: =COUNTIFS(표1[문화권],표5[[#This Row],[문화권]],표1[등급],표5[[#Headers],[B]]) -> 34 | AA27: =COUNTIFS(표1[문화권],표5[[#This Row],[문화권]],표1[등급],표5[[#Headers],[A]]) -> 35 | AB27: =COUNTIFS(표1[문화권],표5[[#This Row],[문화권]],표1[등급],표5[[#Headers],[S]]) -> 17 | AC27: =SUM(표5[[#This Row],[문화권]:[S]]) -> 145
B28: 화석 | C28: =COUNTIF([1]Village!$C:$C,표2[[#This Row],[문화권]]) -> 0 | D28: =COUNTIF([1]LandExplore!$C:$C,표2[[#This Row],[문화권]]) -> 0 | E28: =(표2[[#This Row],[마을]]+표2[[#This Row],[육지]])*$D$3 -> 0 | F28: =COUNTIF(표1[문화권],표2[[#This Row],[문화권]]) -> 34 | G28: =표2[[#This Row],[전체 발견물]]-표2[[#This Row],[필요 발견물]] -> 34 | W28: 화석 | X28: =COUNTIFS(표1[문화권],표5[[#This Row],[문화권]],표1[등급],표5[[#Headers],[D]]) -> 4 | Y28: =COUNTIFS(표1[문화권],표5[[#This Row],[문화권]],표1[등급],표5[[#Headers],[C]]) -> 9 | Z28: =COUNTIFS(표1[문화권],표5[[#This Row],[문화권]],표1[등급],표5[[#Headers],[B]]) -> 11 | AA28: =COUNTIFS(표1[문화권],표5[[#This Row],[문화권]],표1[등급],표5[[#Headers],[A]]) -> 9 | AB28: =COUNTIFS(표1[문화권],표5[[#This Row],[문화권]],표1[등급],표5[[#Headers],[S]]) -> 1 | AC28: =SUM(표5[[#This Row],[문화권]:[S]]) -> 34
B29: 합계 | C29: =SUM(표2[마을]) -> 66 | D29: =SUM(표2[육지]) -> 0 | E29: =SUM(표2[필요 발견물]) -> 330 | F29: =SUM(표2[전체 발견물]) -> 2718 | W29: 합계 | X29: =SUM(표5[D]) -> 627 | Y29: =SUM(표5[C]) -> 476 | Z29: =SUM(표5[B]) -> 797 | AA29: =SUM(표5[A]) -> 513 | AB29: =SUM(표5[S]) -> 305 | AC29: =SUM(X29:AB29) -> 2718
B31: *육지 등급에 따른 발견물 상한등급
B32: 단계 | C32: 상한등급
B33: 1 | C33: B
B34: 2 | C34: B
B35: 3 | C35: B
B36: 4 | C36: B
B37: 5 | C37: B
B38: 6 | C38: B
B39: 7 | C39: A
B40: 8 | C40: A
B41: 9 | C41: A
B42: 10 | C42: S
B43: 11 | C43: S
B44: 12 | C44: S

Sheet 해양 오브젝트 배치
B2: 해양 오브젝트 | C2: 레벨 제한 | D2: 위도 | E2: 경도 | F2: Contentsterms[]["id"] | G2: Contentsterms[]["Target"] | H2: Contentsterms[]["Count"]
B3: =[2]OceanDoodad!Z8 -> 0 | C3: =IFERROR(VLOOKUP(표11[[#This Row],[해양 오브젝트]],[3]!표1[[이름]:[선단 LV]],6,FALSE),"-") -> - | D3: =IFERROR(VLOOKUP(표11[[#This Row],[해양 오브젝트]],[3]!표1[[이름]:[위도]],3,FALSE),"-") -> - | E3: =IFERROR(VLOOKUP(표11[[#This Row],[해양 오브젝트]],[3]!표1[[이름]:[위도]],2,FALSE),"-") -> - | F3: =IFERROR(INDEX([1]Discovery!$AW:$AW,MATCH(표11[[#This Row],[해양 오브젝트]],[1]Discovery!$B:$B,0)),"-") -> - | G3: =IFERROR(INDEX([1]Discovery!$AY:$AY,MATCH(표11[[#This Row],[해양 오브젝트]],[1]Discovery!$B:$B,0)),"-") -> - | H3: =IFERROR(INDEX([1]Discovery!$BA:$BA,MATCH(표11[[#This Row],[해양 오브젝트]],[1]Discovery!$B:$B,0)),"-") -> -
B4: =[2]OceanDoodad!Z9 -> 0 | C4: =IFERROR(VLOOKUP(표11[[#This Row],[해양 오브젝트]],[3]!표1[[이름]:[선단 LV]],6,FALSE),"-") -> - | D4: =IFERROR(VLOOKUP(표11[[#This Row],[해양 오브젝트]],[3]!표1[[이름]:[위도]],3,FALSE),"-") -> - | E4: =IFERROR(VLOOKUP(표11[[#This Row],[해양 오브젝트]],[3]!표1[[이름]:[위도]],2,FALSE),"-") -> - | F4: =IFERROR(INDEX([1]Discovery!$AW:$AW,MATCH(표11[[#This Row],[해양 오브젝트]],[1]Discovery!$B:$B,0)),"-") -> - | G4: =IFERROR(INDEX([1]Discovery!$AY:$AY,MATCH(표11[[#This Row],[해양 오브젝트]],[1]Discovery!$B:$B,0)),"-") -> - | H4: =IFERROR(INDEX([1]Discovery!$BA:$BA,MATCH(표11[[#This Row],[해양 오브젝트]],[1]Discovery!$B:$B,0)),"-") -> -
B5: =[2]OceanDoodad!Z10 -> 0 | C5: =IFERROR(VLOOKUP(표11[[#This Row],[해양 오브젝트]],[3]!표1[[이름]:[선단 LV]],6,FALSE),"-") -> - | D5: =IFERROR(VLOOKUP(표11[[#This Row],[해양 오브젝트]],[3]!표1[[이름]:[위도]],3,FALSE),"-") -> - | E5: =IFERROR(VLOOKUP(표11[[#This Row],[해양 오브젝트]],[3]!표1[[이름]:[위도]],2,FALSE),"-") -> - | F5: =IFERROR(INDEX([1]Discovery!$AW:$AW,MATCH(표11[[#This Row],[해양 오브젝트]],[1]Discovery!$B:$B,0)),"-") -> - | G5: =IFERROR(INDEX([1]Discovery!$AY:$AY,MATCH(표11[[#This Row],[해양 오브젝트]],[1]Discovery!$B:$B,0)),"-") -> - | H5: =IFERROR(INDEX([1]Discovery!$BA:$BA,MATCH(표11[[#This Row],[해양 오브젝트]],[1]Discovery!$B:$B,0)),"-") -> -
B6: =[2]OceanDoodad!Z11 -> 0 | C6: =IFERROR(VLOOKUP(표11[[#This Row],[해양 오브젝트]],[3]!표1[[이름]:[선단 LV]],6,FALSE),"-") -> - | D6: =IFERROR(VLOOKUP(표11[[#This Row],[해양 오브젝트]],[3]!표1[[이름]:[위도]],3,FALSE),"-") -> - | E6: =IFERROR(VLOOKUP(표11[[#This Row],[해양 오브젝트]],[3]!표1[[이름]:[위도]],2,FALSE),"-") -> - | F6: =IFERROR(INDEX([1]Discovery!$AW:$AW,MATCH(표11[[#This Row],[해양 오브젝트]],[1]Discovery!$B:$B,0)),"-") -> - | G6: =IFERROR(INDEX([1]Discovery!$AY:$AY,MATCH(표11[[#This Row],[해양 오브젝트]],[1]Discovery!$B:$B,0)),"-") -> - | H6: =IFERROR(INDEX([1]Discovery!$BA:$BA,MATCH(표11[[#This Row],[해양 오브젝트]],[1]Discovery!$B:$B,0)),"-") -> -
B7: =[2]OceanDoodad!Z12 -> 0 | C7: =IFERROR(VLOOKUP(표11[[#This Row],[해양 오브젝트]],[3]!표1[[이름]:[선단 LV]],6,FALSE),"-") -> - | D7: =IFERROR(VLOOKUP(표11[[#This Row],[해양 오브젝트]],[3]!표1[[이름]:[위도]],3,FALSE),"-") -> - | E7: =IFERROR(VLOOKUP(표11[[#This Row],[해양 오브젝트]],[3]!표1[[이름]:[위도]],2,FALSE),"-") -> - | F7: =IFERROR(INDEX([1]Discovery!$AW:$AW,MATCH(표11[[#This Row],[해양 오브젝트]],[1]Discovery!$B:$B,0)),"-") -> - | G7: =IFERROR(INDEX([1]Discovery!$AY:$AY,MATCH(표11[[#This Row],[해양 오브젝트]],[1]Discovery!$B:$B,0)),"-") -> - | H7: =IFERROR(INDEX([1]Discovery!$BA:$BA,MATCH(표11[[#This Row],[해양 오브젝트]],[1]Discovery!$B:$B,0)),"-") -> -
B8: =[2]OceanDoodad!Z13 -> 0 | C8: =IFERROR(VLOOKUP(표11[[#This Row],[해양 오브젝트]],[3]!표1[[이름]:[선단 LV]],6,FALSE),"-") -> - | D8: =IFERROR(VLOOKUP(표11[[#This Row],[해양 오브젝트]],[3]!표1[[이름]:[위도]],3,FALSE),"-") -> - | E8: =IFERROR(VLOOKUP(표11[[#This Row],[해양 오브젝트]],[3]!표1[[이름]:[위도]],2,FALSE),"-") -> - | F8: =IFERROR(INDEX([1]Discovery!$AW:$AW,MATCH(표11[[#This Row],[해양 오브젝트]],[1]Discovery!$B:$B,0)),"-") -> - | G8: =IFERROR(INDEX([1]Discovery!$AY:$AY,MATCH(표11[[#This Row],[해양 오브젝트]],[1]Discovery!$B:$B,0)),"-") -> - | H8: =IFERROR(INDEX([1]Discovery!$BA:$BA,MATCH(표11[[#This Row],[해양 오브젝트]],[1]Discovery!$B:$B,0)),"-") -> -
B9: =[2]OceanDoodad!Z14 -> 0 | C9: =IFERROR(VLOOKUP(표11[[#This Row],[해양 오브젝트]],[3]!표1[[이름]:[선단 LV]],6,FALSE),"-") -> - | D9: =IFERROR(VLOOKUP(표11[[#This Row],[해양 오브젝트]],[3]!표1[[이름]:[위도]],3,FALSE),"-") -> - | E9: =IFERROR(VLOOKUP(표11[[#This Row],[해양 오브젝트]],[3]!표1[[이름]:[위도]],2,FALSE),"-") -> - | F9: =IFERROR(INDEX([1]Discovery!$AW:$AW,MATCH(표11[[#This Row],[해양 오브젝트]],[1]Discovery!$B:$B,0)),"-") -> - | G9: =IFERROR(INDEX([1]Discovery!$AY:$AY,MATCH(표11[[#This Row],[해양 오브젝트]],[1]Discovery!$B:$B,0)),"-") -> - | H9: =IFERROR(INDEX([1]Discovery!$BA:$BA,MATCH(표11[[#This Row],[해양 오브젝트]],[1]Discovery!$B:$B,0)),"-") -> -
B10: =[2]OceanDoodad!Z15 -> 0 | C10: =IFERROR(VLOOKUP(표11[[#This Row],[해양 오브젝트]],[3]!표1[[이름]:[선단 LV]],6,FALSE),"-") -> - | D10: =IFERROR(VLOOKUP(표11[[#This Row],[해양 오브젝트]],[3]!표1[[이름]:[위도]],3,FALSE),"-") -> - | E10: =IFERROR(VLOOKUP(표11[[#This Row],[해양 오브젝트]],[3]!표1[[이름]:[위도]],2,FALSE),"-") -> - | F10: =IFERROR(INDEX([1]Discovery!$AW:$AW,MATCH(표11[[#This Row],[해양 오브젝트]],[1]Discovery!$B:$B,0)),"-") -> - | G10: =IFERROR(INDEX([1]Discovery!$AY:$AY,MATCH(표11[[#This Row],[해양 오브젝트]],[1]Discovery!$B:$B,0)),"-") -> - | H10: =IFERROR(INDEX([1]Discovery!$BA:$BA,MATCH(표11[[#This Row],[해양 오브젝트]],[1]Discovery!$B:$B,0)),"-") -> -
B11: =[2]OceanDoodad!Z16 -> 0 | C11: =IFERROR(VLOOKUP(표11[[#This Row],[해양 오브젝트]],[3]!표1[[이름]:[선단 LV]],6,FALSE),"-") -> - | D11: =IFERROR(VLOOKUP(표11[[#This Row],[해양 오브젝트]],[3]!표1[[이름]:[위도]],3,FALSE),"-") -> - | E11: =IFERROR(VLOOKUP(표11[[#This Row],[해양 오브젝트]],[3]!표1[[이름]:[위도]],2,FALSE),"-") -> - | F11: =IFERROR(INDEX([1]Discovery!$AW:$AW,MATCH(표11[[#This Row],[해양 오브젝트]],[1]Discovery!$B:$B,0)),"-") -> - | G11: =IFERROR(INDEX([1]Discovery!$AY:$AY,MATCH(표11[[#This Row],[해양 오브젝트]],[1]Discovery!$B:$B,0)),"-") -> - | H11: =IFERROR(INDEX([1]Discovery!$BA:$BA,MATCH(표11[[#This Row],[해양 오브젝트]],[1]Discovery!$B:$B,0)),"-") -> -
B12: =[2]OceanDoodad!Z17 -> 0 | C12: =IFERROR(VLOOKUP(표11[[#This Row],[해양 오브젝트]],[3]!표1[[이름]:[선단 LV]],6,FALSE),"-") -> - | D12: =IFERROR(VLOOKUP(표11[[#This Row],[해양 오브젝트]],[3]!표1[[이름]:[위도]],3,FALSE),"-") -> - | E12: =IFERROR(VLOOKUP(표11[[#This Row],[해양 오브젝트]],[3]!표1[[이름]:[위도]],2,FALSE),"-") -> - | F12: =IFERROR(INDEX([1]Discovery!$AW:$AW,MATCH(표11[[#This Row],[해양 오브젝트]],[1]Discovery!$B:$B,0)),"-") -> - | G12: =IFERROR(INDEX([1]Discovery!$AY:$AY,MATCH(표11[[#This Row],[해양 오브젝트]],[1]Discovery!$B:$B,0)),"-") -> - | H12: =IFERROR(INDEX([1]Discovery!$BA:$BA,MATCH(표11[[#This Row],[해양 오브젝트]],[1]Discovery!$B:$B,0)),"-") -> -
B13: =[2]OceanDoodad!Z18 -> 0 | C13: =IFERROR(VLOOKUP(표11[[#This Row],[해양 오브젝트]],[3]!표1[[이름]:[선단 LV]],6,FALSE),"-") -> - | D13: =IFERROR(VLOOKUP(표11[[#This Row],[해양 오브젝트]],[3]!표1[[이름]:[위도]],3,FALSE),"-") -> - | E13: =IFERROR(VLOOKUP(표11[[#This Row],[해양 오브젝트]],[3]!표1[[이름]:[위도]],2,FALSE),"-") -> - | F13: =IFERROR(INDEX([1]Discovery!$AW:$AW,MATCH(표11[[#This Row],[해양 오브젝트]],[1]Discovery!$B:$B,0)),"-") -> - | G13: =IFERROR(INDEX([1]Discovery!$AY:$AY,MATCH(표11[[#This Row],[해양 오브젝트]],[1]Discovery!$B:$B,0)),"-") -> - | H13: =IFERROR(INDEX([1]Discovery!$BA:$BA,MATCH(표11[[#This Row],[해양 오브젝트]],[1]Discovery!$B:$B,0)),"-") -> -
B14: =[2]OceanDoodad!Z19 -> 0 | C14: =IFERROR(VLOOKUP(표11[[#This Row],[해양 오브젝트]],[3]!표1[[이름]:[선단 LV]],6,FALSE),"-") -> - | D14: =IFERROR(VLOOKUP(표11[[#This Row],[해양 오브젝트]],[3]!표1[[이름]:[위도]],3,FALSE),"-") -> - | E14: =IFERROR(VLOOKUP(표11[[#This Row],[해양 오브젝트]],[3]!표1[[이름]:[위도]],2,FALSE),"-") -> - | F14: =IFERROR(INDEX([1]Discovery!$AW:$AW,MATCH(표11[[#This Row],[해양 오브젝트]],[1]Discovery!$B:$B,0)),"-") -> - | G14: =IFERROR(INDEX([1]Discovery!$AY:$AY,MATCH(표11[[#This Row],[해양 오브젝트]],[1]Discovery!$B:$B,0)),"-") -> - | H14: =IFERROR(INDEX([1]Discovery!$BA:$BA,MATCH(표11[[#This Row],[해양 오브젝트]],[1]Discovery!$B:$B,0)),"-") -> -
... B307: =[2]OceanDoodad!Z312 -> 신비한 장벽 | C307: =IFERROR(VLOOKUP(표11[[#This Row],[해양 오브젝트]],[3]!표1[[이름]:[선단 LV]],6,FALSE),"-") -> - | D307: =IFERROR(VLOOKUP(표11[[#This Row],[해양 오브젝트]],[3]!표1[[이름]:[위도]],3,FALSE),"-") -> - | E307: =IFERROR(VLOOKUP(표11[[#This Row],[해양 오브젝트]],[3]!표1[[이름]:[위도]],2,FALSE),"-") -> - | F307: =IFERROR(INDEX([1]Discovery!$AW:$AW,MATCH(표11[[#This Row],[해양 오브젝트]],[1]Discovery!$B:$B,0)),"-") -> 무조건 실패 | G307: =IFERROR(INDEX([1]Discovery!$AY:$AY,MATCH(표11[[#This Row],[해양 오브젝트]],[1]Discovery!$B:$B,0)),"-") -> 0 | H307: =IFERROR(INDEX([1]Discovery!$BA:$BA,MATCH(표11[[#This Row],[해양 오브젝트]],[1]Discovery!$B:$B,0)),"-") -> 1

Sheet 육지 배치
B2: 육지 | C2: 열1 | D2: 레벨 제한 | E2: 위도 | F2: 경도 | G2: 발견물[0] | H2: 배당[0] | I2: 확률[0] | J2: 발견물[1] | K2: 배당[1] | L2: 확률[1] | M2: 발견물[2] | N2: 배당[2] | O2: 확률[2] | P2: 발견물[3] | Q2: 배당[3] | R2: 확률[3] | S2: 발견물[4] | T2: 배당[4] | U2: 확률[4] | V2: 발견물[5] | W2: 배당[5] | X2: 확률[5] | Y2: 발견물[6] | Z2: 배당[6] | AA2: 배당[7]
B3: =[1]LandExplore!E9 -> 리스보아 부근 | C3: =INDEX([1]LandExplore!$B:$B,MATCH(표8[[#This Row],[육지]],[1]LandExplore!$E:$E,0)) -> ##이베리아 | D3: =IFERROR(VLOOKUP(표8[[#This Row],[육지]],[3]!표1_6[[이름]:[선단 LV]],6,FALSE),"-") -> - | E3: =IFERROR(VLOOKUP(표8[[#This Row],[육지]],[3]!표1_6[[이름]:[위도]],3,FALSE),"-") -> - | F3: =IFERROR(VLOOKUP(표8[[#This Row],[육지]],[3]!표1_6[[이름]:[위도]],2,FALSE),"-") -> - | G3: =INDEX([1]AdventureDiscoveryGroup!$D:$D,MATCH(표8[[#This Row],[열1]],[1]AdventureDiscoveryGroup!$B:$B,0)) -> 리스보아 부근 | H3: =IFERROR(INT(1000/POWER(1.5,VLOOKUP(G3,[1]Discovery!$B:$H,7,FALSE)^1.6)),"-") -> - | I3: =IFERROR(표8[[#This Row],[배당'[0']]]/$AB3,"-") -> - | J3: =INDEX([1]AdventureDiscoveryGroup!$I:$I,MATCH(표8[[#This Row],[열1]],[1]AdventureDiscoveryGroup!$B:$B,0)) -> FALSE | K3: =IFERROR(INT(1000/POWER(1.5,VLOOKUP(J3,[1]Discovery!$B:$H,7,FALSE)^1.6)),"-") -> - | L3: =IFERROR(표8[[#This Row],[배당'[1']]]/$AB3,"-") -> - | M3: =INDEX([1]AdventureDiscoveryGroup!$N:$N,MATCH(표8[[#This Row],[열1]],[1]AdventureDiscoveryGroup!$B:$B,0)) -> FALSE | N3: =IFERROR(INT(1000/POWER(1.5,VLOOKUP(M3,[1]Discovery!$B:$H,7,FALSE)^1.6)),"-") -> - | O3: =IFERROR(표8[[#This Row],[배당'[2']]]/$AB3,"-") -> - | P3: =INDEX([1]AdventureDiscoveryGroup!$S:$S,MATCH(표8[[#This Row],[열1]],[1]AdventureDiscoveryGroup!$B:$B,0)) -> FALSE | Q3: =IFERROR(INT(1000/POWER(1.5,VLOOKUP(P3,[1]Discovery!$B:$H,7,FALSE)^1.6)),"-") -> - | R3: =IFERROR(표8[[#This Row],[배당'[3']]]/$AB3,"-") -> - | S3: =INDEX([1]AdventureDiscoveryGroup!$X:$X,MATCH(표8[[#This Row],[열1]],[1]AdventureDiscoveryGroup!$B:$B,0)) -> FALSE | T3: =IFERROR(INT(1000/POWER(1.5,VLOOKUP(S3,[1]Discovery!$B:$H,7,FALSE)^1.6)),"-") -> - | U3: =IFERROR(표8[[#This Row],[배당'[4']]]/$AB3,"-") -> - | V3: =INDEX([1]AdventureDiscoveryGroup!$AC:$AC,MATCH(표8[[#This Row],[열1]],[1]AdventureDiscoveryGroup!$B:$B,0)) -> FALSE | W3: =IFERROR(INT(1000/POWER(1.5,VLOOKUP(V3,[1]Discovery!$B:$H,7,FALSE)^1.6)),"-") -> - | X3: =IFERROR(표8[[#This Row],[배당'[5']]]/$AB3,"-") -> - | Y3: =INDEX([1]AdventureDiscoveryGroup!$AH:$AH,MATCH(표8[[#This Row],[열1]],[1]AdventureDiscoveryGroup!$B:$B,0)) -> FALSE | Z3: =IFERROR(INT(1000/POWER(1.5,VLOOKUP(Y3,[1]Discovery!$B:$H,7,FALSE)^1.6)),"-") -> - | AA3: =IFERROR(표8[[#This Row],[배당'[6']]]/$AB3,"-") -> - | AB3: =SUM(표8[[#This Row],[배당'[0']]],표8[[#This Row],[배당'[1']]],표8[[#This Row],[배당'[2']]],표8[[#This Row],[배당'[3']]],표8[[#This Row],[배당'[4']]],표8[[#This Row],[배당'[5']]],표8[[#This Row],[배당'[6']]]) -> 0
B4: =[1]LandExplore!E10 -> 마르세유 부근 | C4: =INDEX([1]LandExplore!$B:$B,MATCH(표8[[#This Row],[육지]],[1]LandExplore!$E:$E,0)) -> ##남프랑스 | D4: =IFERROR(VLOOKUP(표8[[#This Row],[육지]],[3]!표1_6[[이름]:[선단 LV]],6,FALSE),"-") -> - | E4: =IFERROR(VLOOKUP(표8[[#This Row],[육지]],[3]!표1_6[[이름]:[위도]],3,FALSE),"-") -> - | F4: =IFERROR(VLOOKUP(표8[[#This Row],[육지]],[3]!표1_6[[이름]:[위도]],2,FALSE),"-") -> - | G4: =INDEX([1]AdventureDiscoveryGroup!$D:$D,MATCH(표8[[#This Row],[열1]],[1]AdventureDiscoveryGroup!$B:$B,0)) -> 마르세유 부근 | H4: =IFERROR(INT(1000/POWER(1.5,VLOOKUP(G4,[1]Discovery!$B:$H,7,FALSE)^1.6)),"-") -> - | I4: =IFERROR(표8[[#This Row],[배당'[0']]]/$AB4,"-") -> - | J4: =INDEX([1]AdventureDiscoveryGroup!$I:$I,MATCH(표8[[#This Row],[열1]],[1]AdventureDiscoveryGroup!$B:$B,0)) -> FALSE | K4: =IFERROR(INT(1000/POWER(1.5,VLOOKUP(J4,[1]Discovery!$B:$H,7,FALSE)^1.6)),"-") -> - | L4: =IFERROR(표8[[#This Row],[배당'[1']]]/$AB4,"-") -> - | M4: =INDEX([1]AdventureDiscoveryGroup!$N:$N,MATCH(표8[[#This Row],[열1]],[1]AdventureDiscoveryGroup!$B:$B,0)) -> FALSE | N4: =IFERROR(INT(1000/POWER(1.5,VLOOKUP(M4,[1]Discovery!$B:$H,7,FALSE)^1.6)),"-") -> - | O4: =IFERROR(표8[[#This Row],[배당'[2']]]/$AB4,"-") -> - | P4: =INDEX([1]AdventureDiscoveryGroup!$S:$S,MATCH(표8[[#This Row],[열1]],[1]AdventureDiscoveryGroup!$B:$B,0)) -> FALSE | Q4: =IFERROR(INT(1000/POWER(1.5,VLOOKUP(P4,[1]Discovery!$B:$H,7,FALSE)^1.6)),"-") -> - | R4: =IFERROR(표8[[#This Row],[배당'[3']]]/$AB4,"-") -> - | S4: =INDEX([1]AdventureDiscoveryGroup!$X:$X,MATCH(표8[[#This Row],[열1]],[1]AdventureDiscoveryGroup!$B:$B,0)) -> FALSE | T4: =IFERROR(INT(1000/POWER(1.5,VLOOKUP(S4,[1]Discovery!$B:$H,7,FALSE)^1.6)),"-") -> - | U4: =IFERROR(표8[[#This Row],[배당'[4']]]/$AB4,"-") -> - | V4: =INDEX([1]AdventureDiscoveryGroup!$AC:$AC,MATCH(표8[[#This Row],[열1]],[1]AdventureDiscoveryGroup!$B:$B,0)) -> FALSE | W4: =IFERROR(INT(1000/POWER(1.5,VLOOKUP(V4,[1]Discovery!$B:$H,7,FALSE)^1.6)),"-") -> - | X4: =IFERROR(표8[[#This Row],[배당'[5']]]/$AB4,"-") -> - | Y4: =INDEX([1]AdventureDiscoveryGroup!$AH:$AH,MATCH(표8[[#This Row],[열1]],[1]AdventureDiscoveryGroup!$B:$B,0)) -> FALSE | Z4: =IFERROR(INT(1000/POWER(1.5,VLOOKUP(Y4,[1]Discovery!$B:$H,7,FALSE)^1.6)),"-") -> - | AA4: =IFERROR(표8[[#This Row],[배당'[6']]]/$AB4,"-") -> - | AB4: =SUM(표8[[#This Row],[배당'[0']]],표8[[#This Row],[배당'[1']]],표8[[#This Row],[배당'[2']]],표8[[#This Row],[배당'[3']]],표8[[#This Row],[배당'[4']]],표8[[#This Row],[배당'[5']]],표8[[#This Row],[배당'[6']]]) -> 0
B5: =[1]LandExplore!E11 -> 나폴리 부근 | C5: =INDEX([1]LandExplore!$B:$B,MATCH(표8[[#This Row],[육지]],[1]LandExplore!$E:$E,0)) -> ##이탈리아 | D5: =IFERROR(VLOOKUP(표8[[#This Row],[육지]],[3]!표1_6[[이름]:[선단 LV]],6,FALSE),"-") -> - | E5: =IFERROR(VLOOKUP(표8[[#This Row],[육지]],[3]!표1_6[[이름]:[위도]],3,FALSE),"-") -> - | F5: =IFERROR(VLOOKUP(표8[[#This Row],[육지]],[3]!표1_6[[이름]:[위도]],2,FALSE),"-") -> - | G5: =INDEX([1]AdventureDiscoveryGroup!$D:$D,MATCH(표8[[#This Row],[열1]],[1]AdventureDiscoveryGroup!$B:$B,0)) -> 나폴리 부근 | H5: =IFERROR(INT(1000/POWER(1.5,VLOOKUP(G5,[1]Discovery!$B:$H,7,FALSE)^1.6)),"-") -> - | I5: =IFERROR(표8[[#This Row],[배당'[0']]]/$AB5,"-") -> - | J5: =INDEX([1]AdventureDiscoveryGroup!$I:$I,MATCH(표8[[#This Row],[열1]],[1]AdventureDiscoveryGroup!$B:$B,0)) -> FALSE | K5: =IFERROR(INT(1000/POWER(1.5,VLOOKUP(J5,[1]Discovery!$B:$H,7,FALSE)^1.6)),"-") -> - | L5: =IFERROR(표8[[#This Row],[배당'[1']]]/$AB5,"-") -> - | M5: =INDEX([1]AdventureDiscoveryGroup!$N:$N,MATCH(표8[[#This Row],[열1]],[1]AdventureDiscoveryGroup!$B:$B,0)) -> FALSE | N5: =IFERROR(INT(1000/POWER(1.5,VLOOKUP(M5,[1]Discovery!$B:$H,7,FALSE)^1.6)),"-") -> - | O5: =IFERROR(표8[[#This Row],[배당'[2']]]/$AB5,"-") -> - | P5: =INDEX([1]AdventureDiscoveryGroup!$S:$S,MATCH(표8[[#This Row],[열1]],[1]AdventureDiscoveryGroup!$B:$B,0)) -> FALSE | Q5: =IFERROR(INT(1000/POWER(1.5,VLOOKUP(P5,[1]Discovery!$B:$H,7,FALSE)^1.6)),"-") -> - | R5: =IFERROR(표8[[#This Row],[배당'[3']]]/$AB5,"-") -> - | S5: =INDEX([1]AdventureDiscoveryGroup!$X:$X,MATCH(표8[[#This Row],[열1]],[1]AdventureDiscoveryGroup!$B:$B,0)) -> FALSE | T5: =IFERROR(INT(1000/POWER(1.5,VLOOKUP(S5,[1]Discovery!$B:$H,7,FALSE)^1.6)),"-") -> - | U5: =IFERROR(표8[[#This Row],[배당'[4']]]/$AB5,"-") -> - | V5: =INDEX([1]AdventureDiscoveryGroup!$AC:$AC,MATCH(표8[[#This Row],[열1]],[1]AdventureDiscoveryGroup!$B:$B,0)) -> FALSE | W5: =IFERROR(INT(1000/POWER(1.5,VLOOKUP(V5,[1]Discovery!$B:$H,7,FALSE)^1.6)),"-") -> - | X5: =IFERROR(표8[[#This Row],[배당'[5']]]/$AB5,"-") -> - | Y5: =INDEX([1]AdventureDiscoveryGroup!$AH:$AH,MATCH(표8[[#This Row],[열1]],[1]AdventureDiscoveryGroup!$B:$B,0)) -> FALSE | Z5: =IFERROR(INT(1000/POWER(1.5,VLOOKUP(Y5,[1]Discovery!$B:$H,7,FALSE)^1.6)),"-") -> - | AA5: =IFERROR(표8[[#This Row],[배당'[6']]]/$AB5,"-") -> - | AB5: =SUM(표8[[#This Row],[배당'[0']]],표8[[#This Row],[배당'[1']]],표8[[#This Row],[배당'[2']]],표8[[#This Row],[배당'[3']]],표8[[#This Row],[배당'[4']]],표8[[#This Row],[배당'[5']]],표8[[#This Row],[배당'[6']]]) -> 0
B6: =[1]LandExplore!E12 -> 아티나 부근 | C6: =INDEX([1]LandExplore!$B:$B,MATCH(표8[[#This Row],[육지]],[1]LandExplore!$E:$E,0)) -> ##발칸 | D6: =IFERROR(VLOOKUP(표8[[#This Row],[육지]],[3]!표1_6[[이름]:[선단 LV]],6,FALSE),"-") -> - | E6: =IFERROR(VLOOKUP(표8[[#This Row],[육지]],[3]!표1_6[[이름]:[위도]],3,FALSE),"-") -> - | F6: =IFERROR(VLOOKUP(표8[[#This Row],[육지]],[3]!표1_6[[이름]:[위도]],2,FALSE),"-") -> - | G6: =INDEX([1]AdventureDiscoveryGroup!$D:$D,MATCH(표8[[#This Row],[열1]],[1]AdventureDiscoveryGroup!$B:$B,0)) -> 아티나 부근 | H6: =IFERROR(INT(1000/POWER(1.5,VLOOKUP(G6,[1]Discovery!$B:$H,7,FALSE)^1.6)),"-") -> - | I6: =IFERROR(표8[[#This Row],[배당'[0']]]/$AB6,"-") -> - | J6: =INDEX([1]AdventureDiscoveryGroup!$I:$I,MATCH(표8[[#This Row],[열1]],[1]AdventureDiscoveryGroup!$B:$B,0)) -> FALSE | K6: =IFERROR(INT(1000/POWER(1.5,VLOOKUP(J6,[1]Discovery!$B:$H,7,FALSE)^1.6)),"-") -> - | L6: =IFERROR(표8[[#This Row],[배당'[1']]]/$AB6,"-") -> - | M6: =INDEX([1]AdventureDiscoveryGroup!$N:$N,MATCH(표8[[#This Row],[열1]],[1]AdventureDiscoveryGroup!$B:$B,0)) -> FALSE | N6: =IFERROR(INT(1000/POWER(1.5,VLOOKUP(M6,[1]Discovery!$B:$H,7,FALSE)^1.6)),"-") -> - | O6: =IFERROR(표8[[#This Row],[배당'[2']]]/$AB6,"-") -> - | P6: =INDEX([1]AdventureDiscoveryGroup!$S:$S,MATCH(표8[[#This Row],[열1]],[1]AdventureDiscoveryGroup!$B:$B,0)) -> FALSE | Q6: =IFERROR(INT(1000/POWER(1.5,VLOOKUP(P6,[1]Discovery!$B:$H,7,FALSE)^1.6)),"-") -> - | R6: =IFERROR(표8[[#This Row],[배당'[3']]]/$AB6,"-") -> - | S6: =INDEX([1]AdventureDiscoveryGroup!$X:$X,MATCH(표8[[#This Row],[열1]],[1]AdventureDiscoveryGroup!$B:$B,0)) -> FALSE | T6: =IFERROR(INT(1000/POWER(1.5,VLOOKUP(S6,[1]Discovery!$B:$H,7,FALSE)^1.6)),"-") -> - | U6: =IFERROR(표8[[#This Row],[배당'[4']]]/$AB6,"-") -> - | V6: =INDEX([1]AdventureDiscoveryGroup!$AC:$AC,MATCH(표8[[#This Row],[열1]],[1]AdventureDiscoveryGroup!$B:$B,0)) -> FALSE | W6: =IFERROR(INT(1000/POWER(1.5,VLOOKUP(V6,[1]Discovery!$B:$H,7,FALSE)^1.6)),"-") -> - | X6: =IFERROR(표8[[#This Row],[배당'[5']]]/$AB6,"-") -> - | Y6: =INDEX([1]AdventureDiscoveryGroup!$AH:$AH,MATCH(표8[[#This Row],[열1]],[1]AdventureDiscoveryGroup!$B:$B,0)) -> FALSE | Z6: =IFERROR(INT(1000/POWER(1.5,VLOOKUP(Y6,[1]Discovery!$B:$H,7,FALSE)^1.6)),"-") -> - | AA6: =IFERROR(표8[[#This Row],[배당'[6']]]/$AB6,"-") -> - | AB6: =SUM(표8[[#This Row],[배당'[0']]],표8[[#This Row],[배당'[1']]],표8[[#This Row],[배당'[2']]],표8[[#This Row],[배당'[3']]],표8[[#This Row],[배당'[4']]],표8[[#This Row],[배당'[5']]],표8[[#This Row],[배당'[6']]]) -> 0
B7: =[1]LandExplore!E13 -> 트라브존 부근 | C7: =INDEX([1]LandExplore!$B:$B,MATCH(표8[[#This Row],[육지]],[1]LandExplore!$E:$E,0)) -> ##터키 | D7: =IFERROR(VLOOKUP(표8[[#This Row],[육지]],[3]!표1_6[[이름]:[선단 LV]],6,FALSE),"-") -> - | E7: =IFERROR(VLOOKUP(표8[[#This Row],[육지]],[3]!표1_6[[이름]:[위도]],3,FALSE),"-") -> - | F7: =IFERROR(VLOOKUP(표8[[#This Row],[육지]],[3]!표1_6[[이름]:[위도]],2,FALSE),"-") -> - | G7: =INDEX([1]AdventureDiscoveryGroup!$D:$D,MATCH(표8[[#This Row],[열1]],[1]AdventureDiscoveryGroup!$B:$B,0)) -> 트라브존 부근 | H7: =IFERROR(INT(1000/POWER(1.5,VLOOKUP(G7,[1]Discovery!$B:$H,7,FALSE)^1.6)),"-") -> - | I7: =IFERROR(표8[[#This Row],[배당'[0']]]/$AB7,"-") -> - | J7: =INDEX([1]AdventureDiscoveryGroup!$I:$I,MATCH(표8[[#This Row],[열1]],[1]AdventureDiscoveryGroup!$B:$B,0)) -> FALSE | K7: =IFERROR(INT(1000/POWER(1.5,VLOOKUP(J7,[1]Discovery!$B:$H,7,FALSE)^1.6)),"-") -> - | L7: =IFERROR(표8[[#This Row],[배당'[1']]]/$AB7,"-") -> - | M7: =INDEX([1]AdventureDiscoveryGroup!$N:$N,MATCH(표8[[#This Row],[열1]],[1]AdventureDiscoveryGroup!$B:$B,0)) -> FALSE | N7: =IFERROR(INT(1000/POWER(1.5,VLOOKUP(M7,[1]Discovery!$B:$H,7,FALSE)^1.6)),"-") -> - | O7: =IFERROR(표8[[#This Row],[배당'[2']]]/$AB7,"-") -> - | P7: =INDEX([1]AdventureDiscoveryGroup!$S:$S,MATCH(표8[[#This Row],[열1]],[1]AdventureDiscoveryGroup!$B:$B,0)) -> FALSE | Q7: =IFERROR(INT(1000/POWER(1.5,VLOOKUP(P7,[1]Discovery!$B:$H,7,FALSE)^1.6)),"-") -> - | R7: =IFERROR(표8[[#This Row],[배당'[3']]]/$AB7,"-") -> - | S7: =INDEX([1]AdventureDiscoveryGroup!$X:$X,MATCH(표8[[#This Row],[열1]],[1]AdventureDiscoveryGroup!$B:$B,0)) -> FALSE | T7: =IFERROR(INT(1000/POWER(1.5,VLOOKUP(S7,[1]Discovery!$B:$H,7,FALSE)^1.6)),"-") -> - | U7: =IFERROR(표8[[#This Row],[배당'[4']]]/$AB7,"-") -> - | V7: =INDEX([1]AdventureDiscoveryGroup!$AC:$AC,MATCH(표8[[#This Row],[열1]],[1]AdventureDiscoveryGroup!$B:$B,0)) -> FALSE | W7: =IFERROR(INT(1000/POWER(1.5,VLOOKUP(V7,[1]Discovery!$B:$H,7,FALSE)^1.6)),"-") -> - | X7: =IFERROR(표8[[#This Row],[배당'[5']]]/$AB7,"-") -> - | Y7: =INDEX([1]AdventureDiscoveryGroup!$AH:$AH,MATCH(표8[[#This Row],[열1]],[1]AdventureDiscoveryGroup!$B:$B,0)) -> FALSE | Z7: =IFERROR(INT(1000/POWER(1.5,VLOOKUP(Y7,[1]Discovery!$B:$H,7,FALSE)^1.6)),"-") -> - | AA7: =IFERROR(표8[[#This Row],[배당'[6']]]/$AB7,"-") -> - | AB7: =SUM(표8[[#This Row],[배당'[0']]],표8[[#This Row],[배당'[1']]],표8[[#This Row],[배당'[2']]],표8[[#This Row],[배당'[3']]],표8[[#This Row],[배당'[4']]],표8[[#This Row],[배당'[5']]],표8[[#This Row],[배당'[6']]]) -> 0
B8: =[1]LandExplore!E14 -> 낭트 부근 | C8: =INDEX([1]LandExplore!$B:$B,MATCH(표8[[#This Row],[육지]],[1]LandExplore!$E:$E,0)) -> ##북프랑스 | D8: =IFERROR(VLOOKUP(표8[[#This Row],[육지]],[3]!표1_6[[이름]:[선단 LV]],6,FALSE),"-") -> - | E8: =IFERROR(VLOOKUP(표8[[#This Row],[육지]],[3]!표1_6[[이름]:[위도]],3,FALSE),"-") -> - | F8: =IFERROR(VLOOKUP(표8[[#This Row],[육지]],[3]!표1_6[[이름]:[위도]],2,FALSE),"-") -> - | G8: =INDEX([1]AdventureDiscoveryGroup!$D:$D,MATCH(표8[[#This Row],[열1]],[1]AdventureDiscoveryGroup!$B:$B,0)) -> 낭트 부근 | H8: =IFERROR(INT(1000/POWER(1.5,VLOOKUP(G8,[1]Discovery!$B:$H,7,FALSE)^1.6)),"-") -> - | I8: =IFERROR(표8[[#This Row],[배당'[0']]]/$AB8,"-") -> - | J8: =INDEX([1]AdventureDiscoveryGroup!$I:$I,MATCH(표8[[#This Row],[열1]],[1]AdventureDiscoveryGroup!$B:$B,0)) -> FALSE | K8: =IFERROR(INT(1000/POWER(1.5,VLOOKUP(J8,[1]Discovery!$B:$H,7,FALSE)^1.6)),"-") -> - | L8: =IFERROR(표8[[#This Row],[배당'[1']]]/$AB8,"-") -> - | M8: =INDEX([1]AdventureDiscoveryGroup!$N:$N,MATCH(표8[[#This Row],[열1]],[1]AdventureDiscoveryGroup!$B:$B,0)) -> FALSE | N8: =IFERROR(INT(1000/POWER(1.5,VLOOKUP(M8,[1]Discovery!$B:$H,7,FALSE)^1.6)),"-") -> - | O8: =IFERROR(표8[[#This Row],[배당'[2']]]/$AB8,"-") -> - | P8: =INDEX([1]AdventureDiscoveryGroup!$S:$S,MATCH(표8[[#This Row],[열1]],[1]AdventureDiscoveryGroup!$B:$B,0)) -> FALSE | Q8: =IFERROR(INT(1000/POWER(1.5,VLOOKUP(P8,[1]Discovery!$B:$H,7,FALSE)^1.6)),"-") -> - | R8: =IFERROR(표8[[#This Row],[배당'[3']]]/$AB8,"-") -> - | S8: =INDEX([1]AdventureDiscoveryGroup!$X:$X,MATCH(표8[[#This Row],[열1]],[1]AdventureDiscoveryGroup!$B:$B,0)) -> FALSE | T8: =IFERROR(INT(1000/POWER(1.5,VLOOKUP(S8,[1]Discovery!$B:$H,7,FALSE)^1.6)),"-") -> - | U8: =IFERROR(표8[[#This Row],[배당'[4']]]/$AB8,"-") -> - | V8: =INDEX([1]AdventureDiscoveryGroup!$AC:$AC,MATCH(표8[[#This Row],[열1]],[1]AdventureDiscoveryGroup!$B:$B,0)) -> FALSE | W8: =IFERROR(INT(1000/POWER(1.5,VLOOKUP(V8,[1]Discovery!$B:$H,7,FALSE)^1.6)),"-") -> - | X8: =IFERROR(표8[[#This Row],[배당'[5']]]/$AB8,"-") -> - | Y8: =INDEX([1]AdventureDiscoveryGroup!$AH:$AH,MATCH(표8[[#This Row],[열1]],[1]AdventureDiscoveryGroup!$B:$B,0)) -> FALSE | Z8: =IFERROR(INT(1000/POWER(1.5,VLOOKUP(Y8,[1]Discovery!$B:$H,7,FALSE)^1.6)),"-") -> - | AA8: =IFERROR(표8[[#This Row],[배당'[6']]]/$AB8,"-") -> - | AB8: =SUM(표8[[#This Row],[배당'[0']]],표8[[#This Row],[배당'[1']]],표8[[#This Row],[배당'[2']]],표8[[#This Row],[배당'[3']]],표8[[#This Row],[배당'[4']]],표8[[#This Row],[배당'[5']]],표8[[#This Row],[배당'[6']]]) -> 0
B9: =[1]LandExplore!E15 -> 딕손 부근 | C9: =INDEX([1]LandExplore!$B:$B,MATCH(표8[[#This Row],[육지]],[1]LandExplore!$E:$E,0)) -> ##러시아 | D9: =IFERROR(VLOOKUP(표8[[#This Row],[육지]],[3]!표1_6[[이름]:[선단 LV]],6,FALSE),"-") -> - | E9: =IFERROR(VLOOKUP(표8[[#This Row],[육지]],[3]!표1_6[[이름]:[위도]],3,FALSE),"-") -> - | F9: =IFERROR(VLOOKUP(표8[[#This Row],[육지]],[3]!표1_6[[이름]:[위도]],2,FALSE),"-") -> - | G9: =INDEX([1]AdventureDiscoveryGroup!$D:$D,MATCH(표8[[#This Row],[열1]],[1]AdventureDiscoveryGroup!$B:$B,0)) -> 딕손 부근 | H9: =IFERROR(INT(1000/POWER(1.5,VLOOKUP(G9,[1]Discovery!$B:$H,7,FALSE)^1.6)),"-") -> - | I9: =IFERROR(표8[[#This Row],[배당'[0']]]/$AB9,"-") -> - | J9: =INDEX([1]AdventureDiscoveryGroup!$I:$I,MATCH(표8[[#This Row],[열1]],[1]AdventureDiscoveryGroup!$B:$B,0)) -> FALSE | K9: =IFERROR(INT(1000/POWER(1.5,VLOOKUP(J9,[1]Discovery!$B:$H,7,FALSE)^1.6)),"-") -> - | L9: =IFERROR(표8[[#This Row],[배당'[1']]]/$AB9,"-") -> - | M9: =INDEX([1]AdventureDiscoveryGroup!$N:$N,MATCH(표8[[#This Row],[열1]],[1]AdventureDiscoveryGroup!$B:$B,0)) -> FALSE | N9: =IFERROR(INT(1000/POWER(1.5,VLOOKUP(M9,[1]Discovery!$B:$H,7,FALSE)^1.6)),"-") -> - | O9: =IFERROR(표8[[#This Row],[배당'[2']]]/$AB9,"-") -> - | P9: =INDEX([1]AdventureDiscoveryGroup!$S:$S,MATCH(표8[[#This Row],[열1]],[1]AdventureDiscoveryGroup!$B:$B,0)) -> FALSE | Q9: =IFERROR(INT(1000/POWER(1.5,VLOOKUP(P9,[1]Discovery!$B:$H,7,FALSE)^1.6)),"-") -> - | R9: =IFERROR(표8[[#This Row],[배당'[3']]]/$AB9,"-") -> - | S9: =INDEX([1]AdventureDiscoveryGroup!$X:$X,MATCH(표8[[#This Row],[열1]],[1]AdventureDiscoveryGroup!$B:$B,0)) -> FALSE | T9: =IFERROR(INT(1000/POWER(1.5,VLOOKUP(S9,[1]Discovery!$B:$H,7,FALSE)^1.6)),"-") -> - | U9: =IFERROR(표8[[#This Row],[배당'[4']]]/$AB9,"-") -> - | V9: =INDEX([1]AdventureDiscoveryGroup!$AC:$AC,MATCH(표8[[#This Row],[열1]],[1]AdventureDiscoveryGroup!$B:$B,0)) -> FALSE | W9: =IFERROR(INT(1000/POWER(1.5,VLOOKUP(V9,[1]Discovery!$B:$H,7,FALSE)^1.6)),"-") -> - | X9: =IFERROR(표8[[#This Row],[배당'[5']]]/$AB9,"-") -> - | Y9: =INDEX([1]AdventureDiscoveryGroup!$AH:$AH,MATCH(표8[[#This Row],[열1]],[1]AdventureDiscoveryGroup!$B:$B,0)) -> FALSE | Z9: =IFERROR(INT(1000/POWER(1.5,VLOOKUP(Y9,[1]Discovery!$B:$H,7,FALSE)^1.6)),"-") -> - | AA9: =IFERROR(표8[[#This Row],[배당'[6']]]/$AB9,"-") -> - | AB9: =SUM(표8[[#This Row],[배당'[0']]],표8[[#This Row],[배당'[1']]],표8[[#This Row],[배당'[2']]],표8[[#This Row],[배당'[3']]],표8[[#This Row],[배당'[4']]],표8[[#This Row],[배당'[5']]],표8[[#This Row],[배당'[6']]]) -> 0
B10: =[1]LandExplore!E16 -> 베르겐 부근 | C10: =INDEX([1]LandExplore!$B:$B,MATCH(표8[[#This Row],[육지]],[1]LandExplore!$E:$E,0)) -> ##북유럽 | D10: =IFERROR(VLOOKUP(표8[[#This Row],[육지]],[3]!표1_6[[이름]:[선단 LV]],6,FALSE),"-") -> - | E10: =IFERROR(VLOOKUP(표8[[#This Row],[육지]],[3]!표1_6[[이름]:[위도]],3,FALSE),"-") -> - | F10: =IFERROR(VLOOKUP(표8[[#This Row],[육지]],[3]!표1_6[[이름]:[위도]],2,FALSE),"-") -> - | G10: =INDEX([1]AdventureDiscoveryGroup!$D:$D,MATCH(표8[[#This Row],[열1]],[1]AdventureDiscoveryGroup!$B:$B,0)) -> 베르겐 부근 | H10: =IFERROR(INT(1000/POWER(1.5,VLOOKUP(G10,[1]Discovery!$B:$H,7,FALSE)^1.6)),"-") -> - | I10: =IFERROR(표8[[#This Row],[배당'[0']]]/$AB10,"-") -> - | J10: =INDEX([1]AdventureDiscoveryGroup!$I:$I,MATCH(표8[[#This Row],[열1]],[1]AdventureDiscoveryGroup!$B:$B,0)) -> FALSE | K10: =IFERROR(INT(1000/POWER(1.5,VLOOKUP(J10,[1]Discovery!$B:$H,7,FALSE)^1.6)),"-") -> - | L10: =IFERROR(표8[[#This Row],[배당'[1']]]/$AB10,"-") -> - | M10: =INDEX([1]AdventureDiscoveryGroup!$N:$N,MATCH(표8[[#This Row],[열1]],[1]AdventureDiscoveryGroup!$B:$B,0)) -> FALSE | N10: =IFERROR(INT(1000/POWER(1.5,VLOOKUP(M10,[1]Discovery!$B:$H,7,FALSE)^1.6)),"-") -> - | O10: =IFERROR(표8[[#This Row],[배당'[2']]]/$AB10,"-") -> - | P10: =INDEX([1]AdventureDiscoveryGroup!$S:$S,MATCH(표8[[#This Row],[열1]],[1]AdventureDiscoveryGroup!$B:$B,0)) -> FALSE | Q10: =IFERROR(INT(1000/POWER(1.5,VLOOKUP(P10,[1]Discovery!$B:$H,7,FALSE)^1.6)),"-") -> - | R10: =IFERROR(표8[[#This Row],[배당'[3']]]/$AB10,"-") -> - | S10: =INDEX([1]AdventureDiscoveryGroup!$X:$X,MATCH(표8[[#This Row],[열1]],[1]AdventureDiscoveryGroup!$B:$B,0)) -> FALSE | T10: =IFERROR(INT(1000/POWER(1.5,VLOOKUP(S10,[1]Discovery!$B:$H,7,FALSE)^1.6)),"-") -> - | U10: =IFERROR(표8[[#This Row],[배당'[4']]]/$AB10,"-") -> - | V10: =INDEX([1]AdventureDiscoveryGroup!$AC:$AC,MATCH(표8[[#This Row],[열1]],[1]AdventureDiscoveryGroup!$B:$B,0)) -> FALSE | W10: =IFERROR(INT(1000/POWER(1.5,VLOOKUP(V10,[1]Discovery!$B:$H,7,FALSE)^1.6)),"-") -> - | X10: =IFERROR(표8[[#This Row],[배당'[5']]]/$AB10,"-") -> - | Y10: =INDEX([1]AdventureDiscoveryGroup!$AH:$AH,MATCH(표8[[#This Row],[열1]],[1]AdventureDiscoveryGroup!$B:$B,0)) -> FALSE | Z10: =IFERROR(INT(1000/POWER(1.5,VLOOKUP(Y10,[1]Discovery!$B:$H,7,FALSE)^1.6)),"-") -> - | AA10: =IFERROR(표8[[#This Row],[배당'[6']]]/$AB10,"-") -> - | AB10: =SUM(표8[[#This Row],[배당'[0']]],표8[[#This Row],[배당'[1']]],표8[[#This Row],[배당'[2']]],표8[[#This Row],[배당'[3']]],표8[[#This Row],[배당'[4']]],표8[[#This Row],[배당'[5']]],표8[[#This Row],[배당'[6']]]) -> 0
B11: =[1]LandExplore!E17 -> 나르비크 부근 | C11: =INDEX([1]LandExplore!$B:$B,MATCH(표8[[#This Row],[육지]],[1]LandExplore!$E:$E,0)) -> ##스칸디나비아 반도 북부 | D11: =IFERROR(VLOOKUP(표8[[#This Row],[육지]],[3]!표1_6[[이름]:[선단 LV]],6,FALSE),"-") -> - | E11: =IFERROR(VLOOKUP(표8[[#This Row],[육지]],[3]!표1_6[[이름]:[위도]],3,FALSE),"-") -> - | F11: =IFERROR(VLOOKUP(표8[[#This Row],[육지]],[3]!표1_6[[이름]:[위도]],2,FALSE),"-") -> - | G11: =INDEX([1]AdventureDiscoveryGroup!$D:$D,MATCH(표8[[#This Row],[열1]],[1]AdventureDiscoveryGroup!$B:$B,0)) -> 나르비크 부근 | H11: =IFERROR(INT(1000/POWER(1.5,VLOOKUP(G11,[1]Discovery!$B:$H,7,FALSE)^1.6)),"-") -> - | I11: =IFERROR(표8[[#This Row],[배당'[0']]]/$AB11,"-") -> - | J11: =INDEX([1]AdventureDiscoveryGroup!$I:$I,MATCH(표8[[#This Row],[열1]],[1]AdventureDiscoveryGroup!$B:$B,0)) -> FALSE | K11: =IFERROR(INT(1000/POWER(1.5,VLOOKUP(J11,[1]Discovery!$B:$H,7,FALSE)^1.6)),"-") -> - | L11: =IFERROR(표8[[#This Row],[배당'[1']]]/$AB11,"-") -> - | M11: =INDEX([1]AdventureDiscoveryGroup!$N:$N,MATCH(표8[[#This Row],[열1]],[1]AdventureDiscoveryGroup!$B:$B,0)) -> FALSE | N11: =IFERROR(INT(1000/POWER(1.5,VLOOKUP(M11,[1]Discovery!$B:$H,7,FALSE)^1.6)),"-") -> - | O11: =IFERROR(표8[[#This Row],[배당'[2']]]/$AB11,"-") -> - | P11: =INDEX([1]AdventureDiscoveryGroup!$S:$S,MATCH(표8[[#This Row],[열1]],[1]AdventureDiscoveryGroup!$B:$B,0)) -> FALSE | Q11: =IFERROR(INT(1000/POWER(1.5,VLOOKUP(P11,[1]Discovery!$B:$H,7,FALSE)^1.6)),"-") -> - | R11: =IFERROR(표8[[#This Row],[배당'[3']]]/$AB11,"-") -> - | S11: =INDEX([1]AdventureDiscoveryGroup!$X:$X,MATCH(표8[[#This Row],[열1]],[1]AdventureDiscoveryGroup!$B:$B,0)) -> FALSE | T11: =IFERROR(INT(1000/POWER(1.5,VLOOKUP(S11,[1]Discovery!$B:$H,7,FALSE)^1.6)),"-") -> - | U11: =IFERROR(표8[[#This Row],[배당'[4']]]/$AB11,"-") -> - | V11: =INDEX([1]AdventureDiscoveryGroup!$AC:$AC,MATCH(표8[[#This Row],[열1]],[1]AdventureDiscoveryGroup!$B:$B,0)) -> FALSE | W11: =IFERROR(INT(1000/POWER(1.5,VLOOKUP(V11,[1]Discovery!$B:$H,7,FALSE)^1.6)),"-") -> - | X11: =IFERROR(표8[[#This Row],[배당'[5']]]/$AB11,"-") -> - | Y11: =INDEX([1]AdventureDiscoveryGroup!$AH:$AH,MATCH(표8[[#This Row],[열1]],[1]AdventureDiscoveryGroup!$B:$B,0)) -> FALSE | Z11: =IFERROR(INT(1000/POWER(1.5,VLOOKUP(Y11,[1]Discovery!$B:$H,7,FALSE)^1.6)),"-") -> - | AA11: =IFERROR(표8[[#This Row],[배당'[6']]]/$AB11,"-") -> - | AB11: =SUM(표8[[#This Row],[배당'[0']]],표8[[#This Row],[배당'[1']]],표8[[#This Row],[배당'[2']]],표8[[#This Row],[배당'[3']]],표8[[#This Row],[배당'[4']]],표8[[#This Row],[배당'[5']]],표8[[#This Row],[배당'[6']]]) -> 0
B12: =[1]LandExplore!E18 -> 런던 부근 | C12: =INDEX([1]LandExplore!$B:$B,MATCH(표8[[#This Row],[육지]],[1]LandExplore!$E:$E,0)) -> ##브리튼 | D12: =IFERROR(VLOOKUP(표8[[#This Row],[육지]],[3]!표1_6[[이름]:[선단 LV]],6,FALSE),"-") -> - | E12: =IFERROR(VLOOKUP(표8[[#This Row],[육지]],[3]!표1_6[[이름]:[위도]],3,FALSE),"-") -> - | F12: =IFERROR(VLOOKUP(표8[[#This Row],[육지]],[3]!표1_6[[이름]:[위도]],2,FALSE),"-") -> - | G12: =INDEX([1]AdventureDiscoveryGroup!$D:$D,MATCH(표8[[#This Row],[열1]],[1]AdventureDiscoveryGroup!$B:$B,0)) -> 런던 부근 | H12: =IFERROR(INT(1000/POWER(1.5,VLOOKUP(G12,[1]Discovery!$B:$H,7,FALSE)^1.6)),"-") -> - | I12: =IFERROR(표8[[#This Row],[배당'[0']]]/$AB12,"-") -> - | J12: =INDEX([1]AdventureDiscoveryGroup!$I:$I,MATCH(표8[[#This Row],[열1]],[1]AdventureDiscoveryGroup!$B:$B,0)) -> FALSE | K12: =IFERROR(INT(1000/POWER(1.5,VLOOKUP(J12,[1]Discovery!$B:$H,7,FALSE)^1.6)),"-") -> - | L12: =IFERROR(표8[[#This Row],[배당'[1']]]/$AB12,"-") -> - | M12: =INDEX([1]AdventureDiscoveryGroup!$N:$N,MATCH(표8[[#This Row],[열1]],[1]AdventureDiscoveryGroup!$B:$B,0)) -> FALSE | N12: =IFERROR(INT(1000/POWER(1.5,VLOOKUP(M12,[1]Discovery!$B:$H,7,FALSE)^1.6)),"-") -> - | O12: =IFERROR(표8[[#This Row],[배당'[2']]]/$AB12,"-") -> - | P12: =INDEX([1]AdventureDiscoveryGroup!$S:$S,MATCH(표8[[#This Row],[열1]],[1]AdventureDiscoveryGroup!$B:$B,0)) -> FALSE | Q12: =IFERROR(INT(1000/POWER(1.5,VLOOKUP(P12,[1]Discovery!$B:$H,7,FALSE)^1.6)),"-") -> - | R12: =IFERROR(표8[[#This Row],[배당'[3']]]/$AB12,"-") -> - | S12: =INDEX([1]AdventureDiscoveryGroup!$X:$X,MATCH(표8[[#This Row],[열1]],[1]AdventureDiscoveryGroup!$B:$B,0)) -> FALSE | T12: =IFERROR(INT(1000/POWER(1.5,VLOOKUP(S12,[1]Discovery!$B:$H,7,FALSE)^1.6)),"-") -> - | U12: =IFERROR(표8[[#This Row],[배당'[4']]]/$AB12,"-") -> - | V12: =INDEX([1]AdventureDiscoveryGroup!$AC:$AC,MATCH(표8[[#This Row],[열1]],[1]AdventureDiscoveryGroup!$B:$B,0)) -> FALSE | W12: =IFERROR(INT(1000/POWER(1.5,VLOOKUP(V12,[1]Discovery!$B:$H,7,FALSE)^1.6)),"-") -> - | X12: =IFERROR(표8[[#This Row],[배당'[5']]]/$AB12,"-") -> - | Y12: =INDEX([1]AdventureDiscoveryGroup!$AH:$AH,MATCH(표8[[#This Row],[열1]],[1]AdventureDiscoveryGroup!$B:$B,0)) -> FALSE | Z12: =IFERROR(INT(1000/POWER(1.5,VLOOKUP(Y12,[1]Discovery!$B:$H,7,FALSE)^1.6)),"-") -> - | AA12: =IFERROR(표8[[#This Row],[배당'[6']]]/$AB12,"-") -> - | AB12: =SUM(표8[[#This Row],[배당'[0']]],표8[[#This Row],[배당'[1']]],표8[[#This Row],[배당'[2']]],표8[[#This Row],[배당'[3']]],표8[[#This Row],[배당'[4']]],표8[[#This Row],[배당'[5']]],표8[[#This Row],[배당'[6']]]) -> 0
B13: =[1]LandExplore!E19 -> 암스테르담 부근 | C13: =INDEX([1]LandExplore!$B:$B,MATCH(표8[[#This Row],[육지]],[1]LandExplore!$E:$E,0)) -> ##독일 | D13: =IFERROR(VLOOKUP(표8[[#This Row],[육지]],[3]!표1_6[[이름]:[선단 LV]],6,FALSE),"-") -> - | E13: =IFERROR(VLOOKUP(표8[[#This Row],[육지]],[3]!표1_6[[이름]:[위도]],3,FALSE),"-") -> - | F13: =IFERROR(VLOOKUP(표8[[#This Row],[육지]],[3]!표1_6[[이름]:[위도]],2,FALSE),"-") -> - | G13: =INDEX([1]AdventureDiscoveryGroup!$D:$D,MATCH(표8[[#This Row],[열1]],[1]AdventureDiscoveryGroup!$B:$B,0)) -> 암스테르담 부근 | H13: =IFERROR(INT(1000/POWER(1.5,VLOOKUP(G13,[1]Discovery!$B:$H,7,FALSE)^1.6)),"-") -> - | I13: =IFERROR(표8[[#This Row],[배당'[0']]]/$AB13,"-") -> - | J13: =INDEX([1]AdventureDiscoveryGroup!$I:$I,MATCH(표8[[#This Row],[열1]],[1]AdventureDiscoveryGroup!$B:$B,0)) -> FALSE | K13: =IFERROR(INT(1000/POWER(1.5,VLOOKUP(J13,[1]Discovery!$B:$H,7,FALSE)^1.6)),"-") -> - | L13: =IFERROR(표8[[#This Row],[배당'[1']]]/$AB13,"-") -> - | M13: =INDEX([1]AdventureDiscoveryGroup!$N:$N,MATCH(표8[[#This Row],[열1]],[1]AdventureDiscoveryGroup!$B:$B,0)) -> FALSE | N13: =IFERROR(INT(1000/POWER(1.5,VLOOKUP(M13,[1]Discovery!$B:$H,7,FALSE)^1.6)),"-") -> - | O13: =IFERROR(표8[[#This Row],[배당'[2']]]/$AB13,"-") -> - | P13: =INDEX([1]AdventureDiscoveryGroup!$S:$S,MATCH(표8[[#This Row],[열1]],[1]AdventureDiscoveryGroup!$B:$B,0)) -> FALSE | Q13: =IFERROR(INT(1000/POWER(1.5,VLOOKUP(P13,[1]Discovery!$B:$H,7,FALSE)^1.6)),"-") -> - | R13: =IFERROR(표8[[#This Row],[배당'[3']]]/$AB13,"-") -> - | S13: =INDEX([1]AdventureDiscoveryGroup!$X:$X,MATCH(표8[[#This Row],[열1]],[1]AdventureDiscoveryGroup!$B:$B,0)) -> FALSE | T13: =IFERROR(INT(1000/POWER(1.5,VLOOKUP(S13,[1]Discovery!$B:$H,7,FALSE)^1.6)),"-") -> - | U13: =IFERROR(표8[[#This Row],[배당'[4']]]/$AB13,"-") -> - | V13: =INDEX([1]AdventureDiscoveryGroup!$AC:$AC,MATCH(표8[[#This Row],[열1]],[1]AdventureDiscoveryGroup!$B:$B,0)) -> FALSE | W13: =IFERROR(INT(1000/POWER(1.5,VLOOKUP(V13,[1]Discovery!$B:$H,7,FALSE)^1.6)),"-") -> - | X13: =IFERROR(표8[[#This Row],[배당'[5']]]/$AB13,"-") -> - | Y13: =INDEX([1]AdventureDiscoveryGroup!$AH:$AH,MATCH(표8[[#This Row],[열1]],[1]AdventureDiscoveryGroup!$B:$B,0)) -> FALSE | Z13: =IFERROR(INT(1000/POWER(1.5,VLOOKUP(Y13,[1]Discovery!$B:$H,7,FALSE)^1.6)),"-") -> - | AA13: =IFERROR(표8[[#This Row],[배당'[6']]]/$AB13,"-") -> - | AB13: =SUM(표8[[#This Row],[배당'[0']]],표8[[#This Row],[배당'[1']]],표8[[#This Row],[배당'[2']]],표8[[#This Row],[배당'[3']]],표8[[#This Row],[배당'[4']]],표8[[#This Row],[배당'[5']]],표8[[#This Row],[배당'[6']]]) -> 0
B14: =[1]LandExplore!E20 -> 아이슬란드 북부 | C14: =INDEX([1]LandExplore!$B:$B,MATCH(표8[[#This Row],[육지]],[1]LandExplore!$E:$E,0)) -> ##아이슬란드 북부 | D14: =IFERROR(VLOOKUP(표8[[#This Row],[육지]],[3]!표1_6[[이름]:[선단 LV]],6,FALSE),"-") -> - | E14: =IFERROR(VLOOKUP(표8[[#This Row],[육지]],[3]!표1_6[[이름]:[위도]],3,FALSE),"-") -> - | F14: =IFERROR(VLOOKUP(표8[[#This Row],[육지]],[3]!표1_6[[이름]:[위도]],2,FALSE),"-") -> - | G14: =INDEX([1]AdventureDiscoveryGroup!$D:$D,MATCH(표8[[#This Row],[열1]],[1]AdventureDiscoveryGroup!$B:$B,0)) -> 아이슬란드 북부 | H14: =IFERROR(INT(1000/POWER(1.5,VLOOKUP(G14,[1]Discovery!$B:$H,7,FALSE)^1.6)),"-") -> - | I14: =IFERROR(표8[[#This Row],[배당'[0']]]/$AB14,"-") -> - | J14: =INDEX([1]AdventureDiscoveryGroup!$I:$I,MATCH(표8[[#This Row],[열1]],[1]AdventureDiscoveryGroup!$B:$B,0)) -> FALSE | K14: =IFERROR(INT(1000/POWER(1.5,VLOOKUP(J14,[1]Discovery!$B:$H,7,FALSE)^1.6)),"-") -> - | L14: =IFERROR(표8[[#This Row],[배당'[1']]]/$AB14,"-") -> - | M14: =INDEX([1]AdventureDiscoveryGroup!$N:$N,MATCH(표8[[#This Row],[열1]],[1]AdventureDiscoveryGroup!$B:$B,0)) -> - | N14: =IFERROR(INT(1000/POWER(1.5,VLOOKUP(M14,[1]Discovery!$B:$H,7,FALSE)^1.6)),"-") -> - | O14: =IFERROR(표8[[#This Row],[배당'[2']]]/$AB14,"-") -> - | P14: =INDEX([1]AdventureDiscoveryGroup!$S:$S,MATCH(표8[[#This Row],[열1]],[1]AdventureDiscoveryGroup!$B:$B,0)) -> - | Q14: =IFERROR(INT(1000/POWER(1.5,VLOOKUP(P14,[1]Discovery!$B:$H,7,FALSE)^1.6)),"-") -> - | R14: =IFERROR(표8[[#This Row],[배당'[3']]]/$AB14,"-") -> - | S14: =INDEX([1]AdventureDiscoveryGroup!$X:$X,MATCH(표8[[#This Row],[열1]],[1]AdventureDiscoveryGroup!$B:$B,0)) -> - | T14: =IFERROR(INT(1000/POWER(1.5,VLOOKUP(S14,[1]Discovery!$B:$H,7,FALSE)^1.6)),"-") -> - | U14: =IFERROR(표8[[#This Row],[배당'[4']]]/$AB14,"-") -> - | V14: =INDEX([1]AdventureDiscoveryGroup!$AC:$AC,MATCH(표8[[#This Row],[열1]],[1]AdventureDiscoveryGroup!$B:$B,0)) -> - | W14: =IFERROR(INT(1000/POWER(1.5,VLOOKUP(V14,[1]Discovery!$B:$H,7,FALSE)^1.6)),"-") -> - | X14: =IFERROR(표8[[#This Row],[배당'[5']]]/$AB14,"-") -> - | Y14: =INDEX([1]AdventureDiscoveryGroup!$AH:$AH,MATCH(표8[[#This Row],[열1]],[1]AdventureDiscoveryGroup!$B:$B,0)) -> - | Z14: =IFERROR(INT(1000/POWER(1.5,VLOOKUP(Y14,[1]Discovery!$B:$H,7,FALSE)^1.6)),"-") -> - | AA14: =IFERROR(표8[[#This Row],[배당'[6']]]/$AB14,"-") -> - | AB14: =SUM(표8[[#This Row],[배당'[0']]],표8[[#This Row],[배당'[1']]],표8[[#This Row],[배당'[2']]],표8[[#This Row],[배당'[3']]],표8[[#This Row],[배당'[4']]],표8[[#This Row],[배당'[5']]],표8[[#This Row],[배당'[6']]]) -> 0
... B136: =[1]LandExplore!E142 -> 런던 부근 | C136: =INDEX([1]LandExplore!$B:$B,MATCH(표8[[#This Row],[육지]],[1]LandExplore!$E:$E,0)) -> ##브리튼 | D136: =IFERROR(VLOOKUP(표8[[#This Row],[육지]],[3]!표1_6[[이름]:[선단 LV]],6,FALSE),"-") -> - | E136: =IFERROR(VLOOKUP(표8[[#This Row],[육지]],[3]!표1_6[[이름]:[위도]],3,FALSE),"-") -> - | F136: =IFERROR(VLOOKUP(표8[[#This Row],[육지]],[3]!표1_6[[이름]:[위도]],2,FALSE),"-") -> - | G136: =INDEX([1]AdventureDiscoveryGroup!$D:$D,MATCH(표8[[#This Row],[열1]],[1]AdventureDiscoveryGroup!$B:$B,0)) -> 런던 부근 | H136: =IFERROR(INT(1000/POWER(1.5,VLOOKUP(G136,[1]Discovery!$B:$H,7,FALSE)^1.6)),"-") -> - | I136: =IFERROR(표8[[#This Row],[배당'[0']]]/$AB136,"-") -> - | J136: =INDEX([1]AdventureDiscoveryGroup!$I:$I,MATCH(표8[[#This Row],[열1]],[1]AdventureDiscoveryGroup!$B:$B,0)) -> FALSE | K136: =IFERROR(INT(1000/POWER(1.5,VLOOKUP(J136,[1]Discovery!$B:$H,7,FALSE)^1.6)),"-") -> - | L136: =IFERROR(표8[[#This Row],[배당'[1']]]/$AB136,"-") -> - | M136: =INDEX([1]AdventureDiscoveryGroup!$N:$N,MATCH(표8[[#This Row],[열1]],[1]AdventureDiscoveryGroup!$B:$B,0)) -> FALSE | N136: =IFERROR(INT(1000/POWER(1.5,VLOOKUP(M136,[1]Discovery!$B:$H,7,FALSE)^1.6)),"-") -> - | O136: =IFERROR(표8[[#This Row],[배당'[2']]]/$AB136,"-") -> - | P136: =INDEX([1]AdventureDiscoveryGroup!$S:$S,MATCH(표8[[#This Row],[열1]],[1]AdventureDiscoveryGroup!$B:$B,0)) -> FALSE | Q136: =IFERROR(INT(1000/POWER(1.5,VLOOKUP(P136,[1]Discovery!$B:$H,7,FALSE)^1.6)),"-") -> - | R136: =IFERROR(표8[[#This Row],[배당'[3']]]/$AB136,"-") -> - | S136: =INDEX([1]AdventureDiscoveryGroup!$X:$X,MATCH(표8[[#This Row],[열1]],[1]AdventureDiscoveryGroup!$B:$B,0)) -> FALSE | T136: =IFERROR(INT(1000/POWER(1.5,VLOOKUP(S136,[1]Discovery!$B:$H,7,FALSE)^1.6)),"-") -> - | U136: =IFERROR(표8[[#This Row],[배당'[4']]]/$AB136,"-") -> - | V136: =INDEX([1]AdventureDiscoveryGroup!$AC:$AC,MATCH(표8[[#This Row],[열1]],[1]AdventureDiscoveryGroup!$B:$B,0)) -> FALSE | W136: =IFERROR(INT(1000/POWER(1.5,VLOOKUP(V136,[1]Discovery!$B:$H,7,FALSE)^1.6)),"-") -> - | X136: =IFERROR(표8[[#This Row],[배당'[5']]]/$AB136,"-") -> - | Y136: =INDEX([1]AdventureDiscoveryGroup!$AH:$AH,MATCH(표8[[#This Row],[열1]],[1]AdventureDiscoveryGroup!$B:$B,0)) -> FALSE | Z136: =IFERROR(INT(1000/POWER(1.5,VLOOKUP(Y136,[1]Discovery!$B:$H,7,FALSE)^1.6)),"-") -> - | AA136: =IFERROR(표8[[#This Row],[배당'[6']]]/$AB136,"-") -> - | AB136: =SUM(표8[[#This Row],[배당'[0']]],표8[[#This Row],[배당'[1']]],표8[[#This Row],[배당'[2']]],표8[[#This Row],[배당'[3']]],표8[[#This Row],[배당'[4']]],표8[[#This Row],[배당'[5']]],표8[[#This Row],[배당'[6']]]) -> 0

Sheet 마을 배치
B2: 마을 | C2: 레벨 제한 | D2: 위도 | E2: 경도 | F2: 발견물[0] | G2: 발견물[1] | H2: 발견물[2] | I2: 발견물[3] | J2: 발견물[4] | K2: 발견물[5] | L2: 발견물[6] | M2: 발견물[7] | N2: 발견물[8]
B3: =[1]Village!B9 -> 스비아인의 마을 | C3: =IFERROR(VLOOKUP(표9[[#This Row],[마을]],[3]!표8[[이름]:[선단 LV]],6,FALSE),"-") -> - | D3: =IFERROR(VLOOKUP(표9[[#This Row],[마을]],[3]!표8[[이름]:[위도]],3,FALSE),"-") -> - | E3: =IFERROR(VLOOKUP(표9[[#This Row],[마을]],[3]!표8[[이름]:[위도]],2,FALSE),"-") -> - | F3: =IFERROR(INDEX([1]AdventureDiscoveryGroup!$D:$D,MATCH(표9[[#This Row],[마을]],[1]AdventureDiscoveryGroup!$C:$C,)),"-") -> - | G3: =IFERROR(INDEX([1]AdventureDiscoveryGroup!$G:$G,MATCH(표9[[#This Row],[마을]],[1]AdventureDiscoveryGroup!$C:$C,)),"-") -> - | H3: =IFERROR(INDEX([1]AdventureDiscoveryGroup!$J:$J,MATCH(표9[[#This Row],[마을]],[1]AdventureDiscoveryGroup!$C:$C,)),"-") -> - | I3: =IFERROR(INDEX([1]AdventureDiscoveryGroup!$M:$M,MATCH(표9[[#This Row],[마을]],[1]AdventureDiscoveryGroup!$C:$C,)),"-") -> - | J3: =IFERROR(INDEX([1]AdventureDiscoveryGroup!$P:$P,MATCH(표9[[#This Row],[마을]],[1]AdventureDiscoveryGroup!$C:$C,)),"-") -> - | K3: =IFERROR(INDEX([1]AdventureDiscoveryGroup!$S:$S,MATCH(표9[[#This Row],[마을]],[1]AdventureDiscoveryGroup!$C:$C,)),"-") -> - | L3: =IFERROR(INDEX([1]AdventureDiscoveryGroup!$V:$V,MATCH(표9[[#This Row],[마을]],[1]AdventureDiscoveryGroup!$C:$C,)),"-") -> - | M3: =IFERROR(INDEX([1]AdventureDiscoveryGroup!$Y:$Y,MATCH(표9[[#This Row],[마을]],[1]AdventureDiscoveryGroup!$C:$C,)),"-") -> - | N3: =IFERROR(INDEX([1]AdventureDiscoveryGroup!$AB:$AB,MATCH(표9[[#This Row],[마을]],[1]AdventureDiscoveryGroup!$C:$C,)),"-") -> -
B4: =[1]Village!B10 -> 쿠르드인의 마을 | C4: =IFERROR(VLOOKUP(표9[[#This Row],[마을]],[3]!표8[[이름]:[선단 LV]],6,FALSE),"-") -> - | D4: =IFERROR(VLOOKUP(표9[[#This Row],[마을]],[3]!표8[[이름]:[위도]],3,FALSE),"-") -> - | E4: =IFERROR(VLOOKUP(표9[[#This Row],[마을]],[3]!표8[[이름]:[위도]],2,FALSE),"-") -> - | F4: =IFERROR(INDEX([1]AdventureDiscoveryGroup!$D:$D,MATCH(표9[[#This Row],[마을]],[1]AdventureDiscoveryGroup!$C:$C,)),"-") -> - | G4: =IFERROR(INDEX([1]AdventureDiscoveryGroup!$G:$G,MATCH(표9[[#This Row],[마을]],[1]AdventureDiscoveryGroup!$C:$C,)),"-") -> - | H4: =IFERROR(INDEX([1]AdventureDiscoveryGroup!$J:$J,MATCH(표9[[#This Row],[마을]],[1]AdventureDiscoveryGroup!$C:$C,)),"-") -> - | I4: =IFERROR(INDEX([1]AdventureDiscoveryGroup!$M:$M,MATCH(표9[[#This Row],[마을]],[1]AdventureDiscoveryGroup!$C:$C,)),"-") -> - | J4: =IFERROR(INDEX([1]AdventureDiscoveryGroup!$P:$P,MATCH(표9[[#This Row],[마을]],[1]AdventureDiscoveryGroup!$C:$C,)),"-") -> - | K4: =IFERROR(INDEX([1]AdventureDiscoveryGroup!$S:$S,MATCH(표9[[#This Row],[마을]],[1]AdventureDiscoveryGroup!$C:$C,)),"-") -> - | L4: =IFERROR(INDEX([1]AdventureDiscoveryGroup!$V:$V,MATCH(표9[[#This Row],[마을]],[1]AdventureDiscoveryGroup!$C:$C,)),"-") -> - | M4: =IFERROR(INDEX([1]AdventureDiscoveryGroup!$Y:$Y,MATCH(표9[[#This Row],[마을]],[1]AdventureDiscoveryGroup!$C:$C,)),"-") -> - | N4: =IFERROR(INDEX([1]AdventureDiscoveryGroup!$AB:$AB,MATCH(표9[[#This Row],[마을]],[1]AdventureDiscoveryGroup!$C:$C,)),"-") -> -
B5: =[1]Village!B11 -> 튀르크족의 마을 | C5: =IFERROR(VLOOKUP(표9[[#This Row],[마을]],[3]!표8[[이름]:[선단 LV]],6,FALSE),"-") -> - | D5: =IFERROR(VLOOKUP(표9[[#This Row],[마을]],[3]!표8[[이름]:[위도]],3,FALSE),"-") -> - | E5: =IFERROR(VLOOKUP(표9[[#This Row],[마을]],[3]!표8[[이름]:[위도]],2,FALSE),"-") -> - | F5: =IFERROR(INDEX([1]AdventureDiscoveryGroup!$D:$D,MATCH(표9[[#This Row],[마을]],[1]AdventureDiscoveryGroup!$C:$C,)),"-") -> - | G5: =IFERROR(INDEX([1]AdventureDiscoveryGroup!$G:$G,MATCH(표9[[#This Row],[마을]],[1]AdventureDiscoveryGroup!$C:$C,)),"-") -> - | H5: =IFERROR(INDEX([1]AdventureDiscoveryGroup!$J:$J,MATCH(표9[[#This Row],[마을]],[1]AdventureDiscoveryGroup!$C:$C,)),"-") -> - | I5: =IFERROR(INDEX([1]AdventureDiscoveryGroup!$M:$M,MATCH(표9[[#This Row],[마을]],[1]AdventureDiscoveryGroup!$C:$C,)),"-") -> - | J5: =IFERROR(INDEX([1]AdventureDiscoveryGroup!$P:$P,MATCH(표9[[#This Row],[마을]],[1]AdventureDiscoveryGroup!$C:$C,)),"-") -> - | K5: =IFERROR(INDEX([1]AdventureDiscoveryGroup!$S:$S,MATCH(표9[[#This Row],[마을]],[1]AdventureDiscoveryGroup!$C:$C,)),"-") -> - | L5: =IFERROR(INDEX([1]AdventureDiscoveryGroup!$V:$V,MATCH(표9[[#This Row],[마을]],[1]AdventureDiscoveryGroup!$C:$C,)),"-") -> - | M5: =IFERROR(INDEX([1]AdventureDiscoveryGroup!$Y:$Y,MATCH(표9[[#This Row],[마을]],[1]AdventureDiscoveryGroup!$C:$C,)),"-") -> - | N5: =IFERROR(INDEX([1]AdventureDiscoveryGroup!$AB:$AB,MATCH(표9[[#This Row],[마을]],[1]AdventureDiscoveryGroup!$C:$C,)),"-") -> -
B6: =[1]Village!B12 -> 루르인의 마을 | C6: =IFERROR(VLOOKUP(표9[[#This Row],[마을]],[3]!표8[[이름]:[선단 LV]],6,FALSE),"-") -> - | D6: =IFERROR(VLOOKUP(표9[[#This Row],[마을]],[3]!표8[[이름]:[위도]],3,FALSE),"-") -> - | E6: =IFERROR(VLOOKUP(표9[[#This Row],[마을]],[3]!표8[[이름]:[위도]],2,FALSE),"-") -> - | F6: =IFERROR(INDEX([1]AdventureDiscoveryGroup!$D:$D,MATCH(표9[[#This Row],[마을]],[1]AdventureDiscoveryGroup!$C:$C,)),"-") -> - | G6: =IFERROR(INDEX([1]AdventureDiscoveryGroup!$G:$G,MATCH(표9[[#This Row],[마을]],[1]AdventureDiscoveryGroup!$C:$C,)),"-") -> - | H6: =IFERROR(INDEX([1]AdventureDiscoveryGroup!$J:$J,MATCH(표9[[#This Row],[마을]],[1]AdventureDiscoveryGroup!$C:$C,)),"-") -> - | I6: =IFERROR(INDEX([1]AdventureDiscoveryGroup!$M:$M,MATCH(표9[[#This Row],[마을]],[1]AdventureDiscoveryGroup!$C:$C,)),"-") -> - | J6: =IFERROR(INDEX([1]AdventureDiscoveryGroup!$P:$P,MATCH(표9[[#This Row],[마을]],[1]AdventureDiscoveryGroup!$C:$C,)),"-") -> - | K6: =IFERROR(INDEX([1]AdventureDiscoveryGroup!$S:$S,MATCH(표9[[#This Row],[마을]],[1]AdventureDiscoveryGroup!$C:$C,)),"-") -> - | L6: =IFERROR(INDEX([1]AdventureDiscoveryGroup!$V:$V,MATCH(표9[[#This Row],[마을]],[1]AdventureDiscoveryGroup!$C:$C,)),"-") -> - | M6: =IFERROR(INDEX([1]AdventureDiscoveryGroup!$Y:$Y,MATCH(표9[[#This Row],[마을]],[1]AdventureDiscoveryGroup!$C:$C,)),"-") -> - | N6: =IFERROR(INDEX([1]AdventureDiscoveryGroup!$AB:$AB,MATCH(표9[[#This Row],[마을]],[1]AdventureDiscoveryGroup!$C:$C,)),"-") -> -
B7: =[1]Village!B13 -> 카슈카이족의 마을 | C7: =IFERROR(VLOOKUP(표9[[#This Row],[마을]],[3]!표8[[이름]:[선단 LV]],6,FALSE),"-") -> - | D7: =IFERROR(VLOOKUP(표9[[#This Row],[마을]],[3]!표8[[이름]:[위도]],3,FALSE),"-") -> - | E7: =IFERROR(VLOOKUP(표9[[#This Row],[마을]],[3]!표8[[이름]:[위도]],2,FALSE),"-") -> - | F7: =IFERROR(INDEX([1]AdventureDiscoveryGroup!$D:$D,MATCH(표9[[#This Row],[마을]],[1]AdventureDiscoveryGroup!$C:$C,)),"-") -> - | G7: =IFERROR(INDEX([1]AdventureDiscoveryGroup!$G:$G,MATCH(표9[[#This Row],[마을]],[1]AdventureDiscoveryGroup!$C:$C,)),"-") -> - | H7: =IFERROR(INDEX([1]AdventureDiscoveryGroup!$J:$J,MATCH(표9[[#This Row],[마을]],[1]AdventureDiscoveryGroup!$C:$C,)),"-") -> - | I7: =IFERROR(INDEX([1]AdventureDiscoveryGroup!$M:$M,MATCH(표9[[#This Row],[마을]],[1]AdventureDiscoveryGroup!$C:$C,)),"-") -> - | J7: =IFERROR(INDEX([1]AdventureDiscoveryGroup!$P:$P,MATCH(표9[[#This Row],[마을]],[1]AdventureDiscoveryGroup!$C:$C,)),"-") -> - | K7: =IFERROR(INDEX([1]AdventureDiscoveryGroup!$S:$S,MATCH(표9[[#This Row],[마을]],[1]AdventureDiscoveryGroup!$C:$C,)),"-") -> - | L7: =IFERROR(INDEX([1]AdventureDiscoveryGroup!$V:$V,MATCH(표9[[#This Row],[마을]],[1]AdventureDiscoveryGroup!$C:$C,)),"-") -> - | M7: =IFERROR(INDEX([1]AdventureDiscoveryGroup!$Y:$Y,MATCH(표9[[#This Row],[마을]],[1]AdventureDiscoveryGroup!$C:$C,)),"-") -> - | N7: =IFERROR(INDEX([1]AdventureDiscoveryGroup!$AB:$AB,MATCH(표9[[#This Row],[마을]],[1]AdventureDiscoveryGroup!$C:$C,)),"-") -> -
B8: =[1]Village!B14 -> 베르베르인의 마을 | C8: =IFERROR(VLOOKUP(표9[[#This Row],[마을]],[3]!표8[[이름]:[선단 LV]],6,FALSE),"-") -> - | D8: =IFERROR(VLOOKUP(표9[[#This Row],[마을]],[3]!표8[[이름]:[위도]],3,FALSE),"-") -> - | E8: =IFERROR(VLOOKUP(표9[[#This Row],[마을]],[3]!표8[[이름]:[위도]],2,FALSE),"-") -> - | F8: =IFERROR(INDEX([1]AdventureDiscoveryGroup!$D:$D,MATCH(표9[[#This Row],[마을]],[1]AdventureDiscoveryGroup!$C:$C,)),"-") -> - | G8: =IFERROR(INDEX([1]AdventureDiscoveryGroup!$G:$G,MATCH(표9[[#This Row],[마을]],[1]AdventureDiscoveryGroup!$C:$C,)),"-") -> - | H8: =IFERROR(INDEX([1]AdventureDiscoveryGroup!$J:$J,MATCH(표9[[#This Row],[마을]],[1]AdventureDiscoveryGroup!$C:$C,)),"-") -> - | I8: =IFERROR(INDEX([1]AdventureDiscoveryGroup!$M:$M,MATCH(표9[[#This Row],[마을]],[1]AdventureDiscoveryGroup!$C:$C,)),"-") -> - | J8: =IFERROR(INDEX([1]AdventureDiscoveryGroup!$P:$P,MATCH(표9[[#This Row],[마을]],[1]AdventureDiscoveryGroup!$C:$C,)),"-") -> - | K8: =IFERROR(INDEX([1]AdventureDiscoveryGroup!$S:$S,MATCH(표9[[#This Row],[마을]],[1]AdventureDiscoveryGroup!$C:$C,)),"-") -> - | L8: =IFERROR(INDEX([1]AdventureDiscoveryGroup!$V:$V,MATCH(표9[[#This Row],[마을]],[1]AdventureDiscoveryGroup!$C:$C,)),"-") -> - | M8: =IFERROR(INDEX([1]AdventureDiscoveryGroup!$Y:$Y,MATCH(표9[[#This Row],[마을]],[1]AdventureDiscoveryGroup!$C:$C,)),"-") -> - | N8: =IFERROR(INDEX([1]AdventureDiscoveryGroup!$AB:$AB,MATCH(표9[[#This Row],[마을]],[1]AdventureDiscoveryGroup!$C:$C,)),"-") -> -
B9: =[1]Village!B15 -> 누비아인의 마을 | C9: =IFERROR(VLOOKUP(표9[[#This Row],[마을]],[3]!표8[[이름]:[선단 LV]],6,FALSE),"-") -> - | D9: =IFERROR(VLOOKUP(표9[[#This Row],[마을]],[3]!표8[[이름]:[위도]],3,FALSE),"-") -> - | E9: =IFERROR(VLOOKUP(표9[[#This Row],[마을]],[3]!표8[[이름]:[위도]],2,FALSE),"-") -> - | F9: =IFERROR(INDEX([1]AdventureDiscoveryGroup!$D:$D,MATCH(표9[[#This Row],[마을]],[1]AdventureDiscoveryGroup!$C:$C,)),"-") -> - | G9: =IFERROR(INDEX([1]AdventureDiscoveryGroup!$G:$G,MATCH(표9[[#This Row],[마을]],[1]AdventureDiscoveryGroup!$C:$C,)),"-") -> - | H9: =IFERROR(INDEX([1]AdventureDiscoveryGroup!$J:$J,MATCH(표9[[#This Row],[마을]],[1]AdventureDiscoveryGroup!$C:$C,)),"-") -> - | I9: =IFERROR(INDEX([1]AdventureDiscoveryGroup!$M:$M,MATCH(표9[[#This Row],[마을]],[1]AdventureDiscoveryGroup!$C:$C,)),"-") -> - | J9: =IFERROR(INDEX([1]AdventureDiscoveryGroup!$P:$P,MATCH(표9[[#This Row],[마을]],[1]AdventureDiscoveryGroup!$C:$C,)),"-") -> - | K9: =IFERROR(INDEX([1]AdventureDiscoveryGroup!$S:$S,MATCH(표9[[#This Row],[마을]],[1]AdventureDiscoveryGroup!$C:$C,)),"-") -> - | L9: =IFERROR(INDEX([1]AdventureDiscoveryGroup!$V:$V,MATCH(표9[[#This Row],[마을]],[1]AdventureDiscoveryGroup!$C:$C,)),"-") -> - | M9: =IFERROR(INDEX([1]AdventureDiscoveryGroup!$Y:$Y,MATCH(표9[[#This Row],[마을]],[1]AdventureDiscoveryGroup!$C:$C,)),"-") -> - | N9: =IFERROR(INDEX([1]AdventureDiscoveryGroup!$AB:$AB,MATCH(표9[[#This Row],[마을]],[1]AdventureDiscoveryGroup!$C:$C,)),"-") -> -
B10: =[1]Village!B16 -> 바리족의 마을 | C10: =IFERROR(VLOOKUP(표9[[#This Row],[마을]],[3]!표8[[이름]:[선단 LV]],6,FALSE),"-") -> - | D10: =IFERROR(VLOOKUP(표9[[#This Row],[마을]],[3]!표8[[이름]:[위도]],3,FALSE),"-") -> - | E10: =IFERROR(VLOOKUP(표9[[#This Row],[마을]],[3]!표8[[이름]:[위도]],2,FALSE),"-") -> - | F10: =IFERROR(INDEX([1]AdventureDiscoveryGroup!$D:$D,MATCH(표9[[#This Row],[마을]],[1]AdventureDiscoveryGroup!$C:$C,)),"-") -> - | G10: =IFERROR(INDEX([1]AdventureDiscoveryGroup!$G:$G,MATCH(표9[[#This Row],[마을]],[1]AdventureDiscoveryGroup!$C:$C,)),"-") -> - | H10: =IFERROR(INDEX([1]AdventureDiscoveryGroup!$J:$J,MATCH(표9[[#This Row],[마을]],[1]AdventureDiscoveryGroup!$C:$C,)),"-") -> - | I10: =IFERROR(INDEX([1]AdventureDiscoveryGroup!$M:$M,MATCH(표9[[#This Row],[마을]],[1]AdventureDiscoveryGroup!$C:$C,)),"-") -> - | J10: =IFERROR(INDEX([1]AdventureDiscoveryGroup!$P:$P,MATCH(표9[[#This Row],[마을]],[1]AdventureDiscoveryGroup!$C:$C,)),"-") -> - | K10: =IFERROR(INDEX([1]AdventureDiscoveryGroup!$S:$S,MATCH(표9[[#This Row],[마을]],[1]AdventureDiscoveryGroup!$C:$C,)),"-") -> - | L10: =IFERROR(INDEX([1]AdventureDiscoveryGroup!$V:$V,MATCH(표9[[#This Row],[마을]],[1]AdventureDiscoveryGroup!$C:$C,)),"-") -> - | M10: =IFERROR(INDEX([1]AdventureDiscoveryGroup!$Y:$Y,MATCH(표9[[#This Row],[마을]],[1]AdventureDiscoveryGroup!$C:$C,)),"-") -> - | N10: =IFERROR(INDEX([1]AdventureDiscoveryGroup!$AB:$AB,MATCH(표9[[#This Row],[마을]],[1]AdventureDiscoveryGroup!$C:$C,)),"-") -> -
B11: =[1]Village!B17 -> 바간다족의 마을 | C11: =IFERROR(VLOOKUP(표9[[#This Row],[마을]],[3]!표8[[이름]:[선단 LV]],6,FALSE),"-") -> - | D11: =IFERROR(VLOOKUP(표9[[#This Row],[마을]],[3]!표8[[이름]:[위도]],3,FALSE),"-") -> - | E11: =IFERROR(VLOOKUP(표9[[#This Row],[마을]],[3]!표8[[이름]:[위도]],2,FALSE),"-") -> - | F11: =IFERROR(INDEX([1]AdventureDiscoveryGroup!$D:$D,MATCH(표9[[#This Row],[마을]],[1]AdventureDiscoveryGroup!$C:$C,)),"-") -> - | G11: =IFERROR(INDEX([1]AdventureDiscoveryGroup!$G:$G,MATCH(표9[[#This Row],[마을]],[1]AdventureDiscoveryGroup!$C:$C,)),"-") -> - | H11: =IFERROR(INDEX([1]AdventureDiscoveryGroup!$J:$J,MATCH(표9[[#This Row],[마을]],[1]AdventureDiscoveryGroup!$C:$C,)),"-") -> - | I11: =IFERROR(INDEX([1]AdventureDiscoveryGroup!$M:$M,MATCH(표9[[#This Row],[마을]],[1]AdventureDiscoveryGroup!$C:$C,)),"-") -> - | J11: =IFERROR(INDEX([1]AdventureDiscoveryGroup!$P:$P,MATCH(표9[[#This Row],[마을]],[1]AdventureDiscoveryGroup!$C:$C,)),"-") -> - | K11: =IFERROR(INDEX([1]AdventureDiscoveryGroup!$S:$S,MATCH(표9[[#This Row],[마을]],[1]AdventureDiscoveryGroup!$C:$C,)),"-") -> - | L11: =IFERROR(INDEX([1]AdventureDiscoveryGroup!$V:$V,MATCH(표9[[#This Row],[마을]],[1]AdventureDiscoveryGroup!$C:$C,)),"-") -> - | M11: =IFERROR(INDEX([1]AdventureDiscoveryGroup!$Y:$Y,MATCH(표9[[#This Row],[마을]],[1]AdventureDiscoveryGroup!$C:$C,)),"-") -> - | N11: =IFERROR(INDEX([1]AdventureDiscoveryGroup!$AB:$AB,MATCH(표9[[#This Row],[마을]],[1]AdventureDiscoveryGroup!$C:$C,)),"-") -> -
B12: =[1]Village!B18 -> 말링케족의 마을 | C12: =IFERROR(VLOOKUP(표9[[#This Row],[마을]],[3]!표8[[이름]:[선단 LV]],6,FALSE),"-") -> - | D12: =IFERROR(VLOOKUP(표9[[#This Row],[마을]],[3]!표8[[이름]:[위도]],3,FALSE),"-") -> - | E12: =IFERROR(VLOOKUP(표9[[#This Row],[마을]],[3]!표8[[이름]:[위도]],2,FALSE),"-") -> - | F12: =IFERROR(INDEX([1]AdventureDiscoveryGroup!$D:$D,MATCH(표9[[#This Row],[마을]],[1]AdventureDiscoveryGroup!$C:$C,)),"-") -> - | G12: =IFERROR(INDEX([1]AdventureDiscoveryGroup!$G:$G,MATCH(표9[[#This Row],[마을]],[1]AdventureDiscoveryGroup!$C:$C,)),"-") -> - | H12: =IFERROR(INDEX([1]AdventureDiscoveryGroup!$J:$J,MATCH(표9[[#This Row],[마을]],[1]AdventureDiscoveryGroup!$C:$C,)),"-") -> - | I12: =IFERROR(INDEX([1]AdventureDiscoveryGroup!$M:$M,MATCH(표9[[#This Row],[마을]],[1]AdventureDiscoveryGroup!$C:$C,)),"-") -> - | J12: =IFERROR(INDEX([1]AdventureDiscoveryGroup!$P:$P,MATCH(표9[[#This Row],[마을]],[1]AdventureDiscoveryGroup!$C:$C,)),"-") -> - | K12: =IFERROR(INDEX([1]AdventureDiscoveryGroup!$S:$S,MATCH(표9[[#This Row],[마을]],[1]AdventureDiscoveryGroup!$C:$C,)),"-") -> - | L12: =IFERROR(INDEX([1]AdventureDiscoveryGroup!$V:$V,MATCH(표9[[#This Row],[마을]],[1]AdventureDiscoveryGroup!$C:$C,)),"-") -> - | M12: =IFERROR(INDEX([1]AdventureDiscoveryGroup!$Y:$Y,MATCH(표9[[#This Row],[마을]],[1]AdventureDiscoveryGroup!$C:$C,)),"-") -> - | N12: =IFERROR(INDEX([1]AdventureDiscoveryGroup!$AB:$AB,MATCH(표9[[#This Row],[마을]],[1]AdventureDiscoveryGroup!$C:$C,)),"-") -> -
B13: =[1]Village!B19 -> 요루바족의 마을 | C13: =IFERROR(VLOOKUP(표9[[#This Row],[마을]],[3]!표8[[이름]:[선단 LV]],6,FALSE),"-") -> - | D13: =IFERROR(VLOOKUP(표9[[#This Row],[마을]],[3]!표8[[이름]:[위도]],3,FALSE),"-") -> - | E13: =IFERROR(VLOOKUP(표9[[#This Row],[마을]],[3]!표8[[이름]:[위도]],2,FALSE),"-") -> - | F13: =IFERROR(INDEX([1]AdventureDiscoveryGroup!$D:$D,MATCH(표9[[#This Row],[마을]],[1]AdventureDiscoveryGroup!$C:$C,)),"-") -> - | G13: =IFERROR(INDEX([1]AdventureDiscoveryGroup!$G:$G,MATCH(표9[[#This Row],[마을]],[1]AdventureDiscoveryGroup!$C:$C,)),"-") -> - | H13: =IFERROR(INDEX([1]AdventureDiscoveryGroup!$J:$J,MATCH(표9[[#This Row],[마을]],[1]AdventureDiscoveryGroup!$C:$C,)),"-") -> - | I13: =IFERROR(INDEX([1]AdventureDiscoveryGroup!$M:$M,MATCH(표9[[#This Row],[마을]],[1]AdventureDiscoveryGroup!$C:$C,)),"-") -> - | J13: =IFERROR(INDEX([1]AdventureDiscoveryGroup!$P:$P,MATCH(표9[[#This Row],[마을]],[1]AdventureDiscoveryGroup!$C:$C,)),"-") -> - | K13: =IFERROR(INDEX([1]AdventureDiscoveryGroup!$S:$S,MATCH(표9[[#This Row],[마을]],[1]AdventureDiscoveryGroup!$C:$C,)),"-") -> - | L13: =IFERROR(INDEX([1]AdventureDiscoveryGroup!$V:$V,MATCH(표9[[#This Row],[마을]],[1]AdventureDiscoveryGroup!$C:$C,)),"-") -> - | M13: =IFERROR(INDEX([1]AdventureDiscoveryGroup!$Y:$Y,MATCH(표9[[#This Row],[마을]],[1]AdventureDiscoveryGroup!$C:$C,)),"-") -> - | N13: =IFERROR(INDEX([1]AdventureDiscoveryGroup!$AB:$AB,MATCH(표9[[#This Row],[마을]],[1]AdventureDiscoveryGroup!$C:$C,)),"-") -> -
B14: =[1]Village!B20 -> 반투족의 마을 | C14: =IFERROR(VLOOKUP(표9[[#This Row],[마을]],[3]!표8[[이름]:[선단 LV]],6,FALSE),"-") -> - | D14: =IFERROR(VLOOKUP(표9[[#This Row],[마을]],[3]!표8[[이름]:[위도]],3,FALSE),"-") -> - | E14: =IFERROR(VLOOKUP(표9[[#This Row],[마을]],[3]!표8[[이름]:[위도]],2,FALSE),"-") -> - | F14: =IFERROR(INDEX([1]AdventureDiscoveryGroup!$D:$D,MATCH(표9[[#This Row],[마을]],[1]AdventureDiscoveryGroup!$C:$C,)),"-") -> - | G14: =IFERROR(INDEX([1]AdventureDiscoveryGroup!$G:$G,MATCH(표9[[#This Row],[마을]],[1]AdventureDiscoveryGroup!$C:$C,)),"-") -> - | H14: =IFERROR(INDEX([1]AdventureDiscoveryGroup!$J:$J,MATCH(표9[[#This Row],[마을]],[1]AdventureDiscoveryGroup!$C:$C,)),"-") -> - | I14: =IFERROR(INDEX([1]AdventureDiscoveryGroup!$M:$M,MATCH(표9[[#This Row],[마을]],[1]AdventureDiscoveryGroup!$C:$C,)),"-") -> - | J14: =IFERROR(INDEX([1]AdventureDiscoveryGroup!$P:$P,MATCH(표9[[#This Row],[마을]],[1]AdventureDiscoveryGroup!$C:$C,)),"-") -> - | K14: =IFERROR(INDEX([1]AdventureDiscoveryGroup!$S:$S,MATCH(표9[[#This Row],[마을]],[1]AdventureDiscoveryGroup!$C:$C,)),"-") -> - | L14: =IFERROR(INDEX([1]AdventureDiscoveryGroup!$V:$V,MATCH(표9[[#This Row],[마을]],[1]AdventureDiscoveryGroup!$C:$C,)),"-") -> - | M14: =IFERROR(INDEX([1]AdventureDiscoveryGroup!$Y:$Y,MATCH(표9[[#This Row],[마을]],[1]AdventureDiscoveryGroup!$C:$C,)),"-") -> - | N14: =IFERROR(INDEX([1]AdventureDiscoveryGroup!$AB:$AB,MATCH(표9[[#This Row],[마을]],[1]AdventureDiscoveryGroup!$C:$C,)),"-") -> -
... B69: =[1]Village!B75 -> ##village66 | C69: =IFERROR(VLOOKUP(표9[[#This Row],[마을]],[3]!표8[[이름]:[선단 LV]],6,FALSE),"-") -> - | D69: =IFERROR(VLOOKUP(표9[[#This Row],[마을]],[3]!표8[[이름]:[위도]],3,FALSE),"-") -> - | E69: =IFERROR(VLOOKUP(표9[[#This Row],[마을]],[3]!표8[[이름]:[위도]],2,FALSE),"-") -> - | F69: =IFERROR(INDEX([1]AdventureDiscoveryGroup!$D:$D,MATCH(표9[[#This Row],[마을]],[1]AdventureDiscoveryGroup!$C:$C,)),"-") -> - | G69: =IFERROR(INDEX([1]AdventureDiscoveryGroup!$G:$G,MATCH(표9[[#This Row],[마을]],[1]AdventureDiscoveryGroup!$C:$C,)),"-") -> - | H69: =IFERROR(INDEX([1]AdventureDiscoveryGroup!$J:$J,MATCH(표9[[#This Row],[마을]],[1]AdventureDiscoveryGroup!$C:$C,)),"-") -> - | I69: =IFERROR(INDEX([1]AdventureDiscoveryGroup!$M:$M,MATCH(표9[[#This Row],[마을]],[1]AdventureDiscoveryGroup!$C:$C,)),"-") -> - | J69: =IFERROR(INDEX([1]AdventureDiscoveryGroup!$P:$P,MATCH(표9[[#This Row],[마을]],[1]AdventureDiscoveryGroup!$C:$C,)),"-") -> - | K69: =IFERROR(INDEX([1]AdventureDiscoveryGroup!$S:$S,MATCH(표9[[#This Row],[마을]],[1]AdventureDiscoveryGroup!$C:$C,)),"-") -> - | L69: =IFERROR(INDEX([1]AdventureDiscoveryGroup!$V:$V,MATCH(표9[[#This Row],[마을]],[1]AdventureDiscoveryGroup!$C:$C,)),"-") -> - | M69: =IFERROR(INDEX([1]AdventureDiscoveryGroup!$Y:$Y,MATCH(표9[[#This Row],[마을]],[1]AdventureDiscoveryGroup!$C:$C,)),"-") -> - | N69: =IFERROR(INDEX([1]AdventureDiscoveryGroup!$AB:$AB,MATCH(표9[[#This Row],[마을]],[1]AdventureDiscoveryGroup!$C:$C,)),"-") -> -

Sheet 낚시 배치
B2: 낚시 타일 | C2: 레벨 제한 | D2: 위도 | E2: 경도 | F2: 발견물[0] | G2: 확률[0] | H2: 발견물[1] | I2: 확률[1] | J2: 발견물[2] | K2: 확률[2] | L2: 발견물[3] | M2: 확률[3] | N2: 발견물[4] | O2: 확률[4] | P2: 발견물[5] | Q2: 확률[5] | S2: 등급[0] | T2: 등급[1] | U2: 등급[2] | V2: 등급[3] | W2: 등급[4] | X2: 등급[5] | Y2: 배당[0] | Z2: 배당[1] | AA2: 배당[2] | AB2: 배당[3] | AC2: 배당[4] | AD2: 배당[5] | AE2: PROB[0] | AF2: PROB[1] | AG2: PROB[2] | AH2: PROB[3] | AI2: PROB[4] | AJ2: PROB[5] | AK2: 최종배당[0] | AL2: 최종배당[1] | AM2: 최종배당[2] | AN2: 최종배당[3] | AO2: 최종배당[4] | AP2: 최종배당[5] | AQ2: 분모
B3: =[1]FishOceanTile!B8 -> 추크치해 | C3: =IFERROR(VLOOKUP(표7[[#This Row],[낚시 타일]],[3]!표1_67[[이름]:[선단 LV]],6,FALSE),"-") -> - | D3: =IFERROR(VLOOKUP(표7[[#This Row],[낚시 타일]],[3]!표1_67[[이름]:[위도]],3,FALSE),"-") -> - | E3: =IFERROR(VLOOKUP(표7[[#This Row],[낚시 타일]],[3]!표1_67[[이름]:[위도]],2,FALSE),"-") -> - | G3: =IFERROR(ROUNDDOWN(표10[[#This Row],[최종배당'[0']]]/표10[[#This Row],[분모]]*100,0)&"%","-") -> - | I3: =IFERROR(ROUNDDOWN(표10[[#This Row],[최종배당'[1']]]/표10[[#This Row],[분모]]*100,0)&"%","-") -> - | K3: =IFERROR(ROUNDDOWN(표10[[#This Row],[최종배당'[2']]]/표10[[#This Row],[분모]]*100,0)&"%","-") -> - | M3: =IFERROR(ROUNDDOWN(표10[[#This Row],[최종배당'[3']]]/표10[[#This Row],[분모]]*100,0)&"%","-") -> - | O3: =IFERROR(ROUNDDOWN(표10[[#This Row],[최종배당'[4']]]/표10[[#This Row],[분모]]*100,0)&"%","-") -> - | Q3: =IFERROR(ROUNDDOWN(표10[[#This Row],[최종배당'[5']]]/표10[[#This Row],[분모]]*100,0)&"%","-") -> - | S3: =IFERROR(VLOOKUP(표7[발견물'[0']],표1[[명칭]:[등급]],4,FALSE),"-")&"급" -> 0급 | T3: =IFERROR(VLOOKUP(표7[발견물'[1']],표1[[명칭]:[등급]],4,FALSE),"-")&"급" -> 0급 | U3: =IFERROR(VLOOKUP(표7[발견물'[2']],표1[[명칭]:[등급]],4,FALSE),"-")&"급" -> 0급 | V3: =IFERROR(VLOOKUP(표7[발견물'[3']],표1[[명칭]:[등급]],4,FALSE),"-")&"급" -> 0급 | W3: =IFERROR(VLOOKUP(표7[발견물'[4']],표1[[명칭]:[등급]],4,FALSE),"-")&"급" -> 0급 | X3: =IFERROR(VLOOKUP(표7[발견물'[5']],표1[[명칭]:[등급]],4,FALSE),"-")&"급" -> 0급 | Y3: =IFERROR(INDEX([1]FishGrade!$I:$I,MATCH(표10[[#This Row],[등급'[0']]],[1]FishGrade!$B:$B,0)),"-") -> - | Z3: =IFERROR(INDEX([1]FishGrade!$I:$I,MATCH(표10[[#This Row],[등급'[1']]],[1]FishGrade!$B:$B,0)),"-") -> - | AA3: =IFERROR(INDEX([1]FishGrade!$I:$I,MATCH(표10[[#This Row],[등급'[2']]],[1]FishGrade!$B:$B,0)),"-") -> - | AB3: =IFERROR(INDEX([1]FishGrade!$I:$I,MATCH(표10[[#This Row],[등급'[3']]],[1]FishGrade!$B:$B,0)),"-") -> - | AC3: =IFERROR(INDEX([1]FishGrade!$I:$I,MATCH(표10[[#This Row],[등급'[4']]],[1]FishGrade!$B:$B,0)),"-") -> - | AD3: =IFERROR(INDEX([1]FishGrade!$I:$I,MATCH(표10[[#This Row],[등급'[5']]],[1]FishGrade!$B:$B,0)),"-") -> - | AE3: =IF([1]FishDiscoveryGroup!$I$8="-",0,[1]FishDiscoveryGroup!$I$8) -> 0 | AF3: =IF([1]FishDiscoveryGroup!$I$8="-",0,[1]FishDiscoveryGroup!$L$8) -> 0 | AG3: =IF([1]FishDiscoveryGroup!$I$8="-",0,[1]FishDiscoveryGroup!$O$8) -> 0 | AH3: =IF([1]FishDiscoveryGroup!$I$8="-",0,[1]FishDiscoveryGroup!$R$8) -> 0 | AI3: =IF([1]FishDiscoveryGroup!$I$8="-",0,[1]FishDiscoveryGroup!$U$8) -> 0 | AJ3: =IF([1]FishDiscoveryGroup!$I$8="-",0,[1]FishDiscoveryGroup!$X$8) -> 0 | AK3: =IF(표10[[#This Row],[배당'[0']]]="-",0,표10[[#This Row],[배당'[0']]])+표10[[#This Row],[PROB'[0']]] -> 0 | AL3: =IF(표10[[#This Row],[배당'[1']]]="-",0,표10[[#This Row],[배당'[1']]])+표10[[#This Row],[PROB'[1']]] -> 0 | AM3: =IF(표10[[#This Row],[배당'[2']]]="-",0,표10[[#This Row],[배당'[2']]])+표10[[#This Row],[PROB'[2']]] -> 0 | AN3: =IF(표10[[#This Row],[배당'[3']]]="-",0,표10[[#This Row],[배당'[3']]])+표10[[#This Row],[PROB'[3']]] -> 0 | AO3: =IF(표10[[#This Row],[배당'[4']]]="-",0,표10[[#This Row],[배당'[4']]])+표10[[#This Row],[PROB'[4']]] -> 0 | AP3: =IF(표10[[#This Row],[배당'[5']]]="-",0,표10[[#This Row],[배당'[5']]])+표10[[#This Row],[PROB'[5']]] -> 0 | AQ3: =SUM(표10[[#This Row],[최종배당'[0']]:[최종배당'[5']]]) -> 0
B4: =[1]FishOceanTile!B9 -> 보버트해 | C4: =IFERROR(VLOOKUP(표7[[#This Row],[낚시 타일]],[3]!표1_67[[이름]:[선단 LV]],6,FALSE),"-") -> - | D4: =IFERROR(VLOOKUP(표7[[#This Row],[낚시 타일]],[3]!표1_67[[이름]:[위도]],3,FALSE),"-") -> - | E4: =IFERROR(VLOOKUP(표7[[#This Row],[낚시 타일]],[3]!표1_67[[이름]:[위도]],2,FALSE),"-") -> - | G4: =IFERROR(ROUNDDOWN(표10[[#This Row],[최종배당'[0']]]/표10[[#This Row],[분모]]*100,0)&"%","-") -> - | I4: =IFERROR(ROUNDDOWN(표10[[#This Row],[최종배당'[1']]]/표10[[#This Row],[분모]]*100,0)&"%","-") -> - | K4: =IFERROR(ROUNDDOWN(표10[[#This Row],[최종배당'[2']]]/표10[[#This Row],[분모]]*100,0)&"%","-") -> - | M4: =IFERROR(ROUNDDOWN(표10[[#This Row],[최종배당'[3']]]/표10[[#This Row],[분모]]*100,0)&"%","-") -> - | O4: =IFERROR(ROUNDDOWN(표10[[#This Row],[최종배당'[4']]]/표10[[#This Row],[분모]]*100,0)&"%","-") -> - | Q4: =IFERROR(ROUNDDOWN(표10[[#This Row],[최종배당'[5']]]/표10[[#This Row],[분모]]*100,0)&"%","-") -> - | S4: =IFERROR(VLOOKUP(표7[발견물'[0']],표1[[명칭]:[등급]],4,FALSE),"-")&"급" -> 0급 | T4: =IFERROR(VLOOKUP(표7[발견물'[1']],표1[[명칭]:[등급]],4,FALSE),"-")&"급" -> 0급 | U4: =IFERROR(VLOOKUP(표7[발견물'[2']],표1[[명칭]:[등급]],4,FALSE),"-")&"급" -> 0급 | V4: =IFERROR(VLOOKUP(표7[발견물'[3']],표1[[명칭]:[등급]],4,FALSE),"-")&"급" -> 0급 | W4: =IFERROR(VLOOKUP(표7[발견물'[4']],표1[[명칭]:[등급]],4,FALSE),"-")&"급" -> 0급 | X4: =IFERROR(VLOOKUP(표7[발견물'[5']],표1[[명칭]:[등급]],4,FALSE),"-")&"급" -> 0급 | Y4: =IFERROR(INDEX([1]FishGrade!$I:$I,MATCH(표10[[#This Row],[등급'[0']]],[1]FishGrade!$B:$B,0)),"-") -> - | Z4: =IFERROR(INDEX([1]FishGrade!$I:$I,MATCH(표10[[#This Row],[등급'[1']]],[1]FishGrade!$B:$B,0)),"-") -> - | AA4: =IFERROR(INDEX([1]FishGrade!$I:$I,MATCH(표10[[#This Row],[등급'[2']]],[1]FishGrade!$B:$B,0)),"-") -> - | AB4: =IFERROR(INDEX([1]FishGrade!$I:$I,MATCH(표10[[#This Row],[등급'[3']]],[1]FishGrade!$B:$B,0)),"-") -> - | AC4: =IFERROR(INDEX([1]FishGrade!$I:$I,MATCH(표10[[#This Row],[등급'[4']]],[1]FishGrade!$B:$B,0)),"-") -> - | AD4: =IFERROR(INDEX([1]FishGrade!$I:$I,MATCH(표10[[#This Row],[등급'[5']]],[1]FishGrade!$B:$B,0)),"-") -> - | AE4: =IF([1]FishDiscoveryGroup!$I$8="-",0,[1]FishDiscoveryGroup!$I$8) -> 0 | AF4: =IF([1]FishDiscoveryGroup!$I$8="-",0,[1]FishDiscoveryGroup!$L$8) -> 0 | AG4: =IF([1]FishDiscoveryGroup!$I$8="-",0,[1]FishDiscoveryGroup!$O$8) -> 0 | AH4: =IF([1]FishDiscoveryGroup!$I$8="-",0,[1]FishDiscoveryGroup!$R$8) -> 0 | AI4: =IF([1]FishDiscoveryGroup!$I$8="-",0,[1]FishDiscoveryGroup!$U$8) -> 0 | AJ4: =IF([1]FishDiscoveryGroup!$I$8="-",0,[1]FishDiscoveryGroup!$X$8) -> 0 | AK4: =IF(표10[[#This Row],[배당'[0']]]="-",0,표10[[#This Row],[배당'[0']]])+표10[[#This Row],[PROB'[0']]] -> 0 | AL4: =IF(표10[[#This Row],[배당'[1']]]="-",0,표10[[#This Row],[배당'[1']]])+표10[[#This Row],[PROB'[1']]] -> 0 | AM4: =IF(표10[[#This Row],[배당'[2']]]="-",0,표10[[#This Row],[배당'[2']]])+표10[[#This Row],[PROB'[2']]] -> 0 | AN4: =IF(표10[[#This Row],[배당'[3']]]="-",0,표10[[#This Row],[배당'[3']]])+표10[[#This Row],[PROB'[3']]] -> 0 | AO4: =IF(표10[[#This Row],[배당'[4']]]="-",0,표10[[#This Row],[배당'[4']]])+표10[[#This Row],[PROB'[4']]] -> 0 | AP4: =IF(표10[[#This Row],[배당'[5']]]="-",0,표10[[#This Row],[배당'[5']]])+표10[[#This Row],[PROB'[5']]] -> 0 | AQ4: =SUM(표10[[#This Row],[최종배당'[0']]:[최종배당'[5']]]) -> 0
B5: =[1]FishOceanTile!B10 -> 알레스카만 | C5: =IFERROR(VLOOKUP(표7[[#This Row],[낚시 타일]],[3]!표1_67[[이름]:[선단 LV]],6,FALSE),"-") -> - | D5: =IFERROR(VLOOKUP(표7[[#This Row],[낚시 타일]],[3]!표1_67[[이름]:[위도]],3,FALSE),"-") -> - | E5: =IFERROR(VLOOKUP(표7[[#This Row],[낚시 타일]],[3]!표1_67[[이름]:[위도]],2,FALSE),"-") -> - | G5: =IFERROR(ROUNDDOWN(표10[[#This Row],[최종배당'[0']]]/표10[[#This Row],[분모]]*100,0)&"%","-") -> - | I5: =IFERROR(ROUNDDOWN(표10[[#This Row],[최종배당'[1']]]/표10[[#This Row],[분모]]*100,0)&"%","-") -> - | K5: =IFERROR(ROUNDDOWN(표10[[#This Row],[최종배당'[2']]]/표10[[#This Row],[분모]]*100,0)&"%","-") -> - | M5: =IFERROR(ROUNDDOWN(표10[[#This Row],[최종배당'[3']]]/표10[[#This Row],[분모]]*100,0)&"%","-") -> - | O5: =IFERROR(ROUNDDOWN(표10[[#This Row],[최종배당'[4']]]/표10[[#This Row],[분모]]*100,0)&"%","-") -> - | Q5: =IFERROR(ROUNDDOWN(표10[[#This Row],[최종배당'[5']]]/표10[[#This Row],[분모]]*100,0)&"%","-") -> - | S5: =IFERROR(VLOOKUP(표7[발견물'[0']],표1[[명칭]:[등급]],4,FALSE),"-")&"급" -> 0급 | T5: =IFERROR(VLOOKUP(표7[발견물'[1']],표1[[명칭]:[등급]],4,FALSE),"-")&"급" -> 0급 | U5: =IFERROR(VLOOKUP(표7[발견물'[2']],표1[[명칭]:[등급]],4,FALSE),"-")&"급" -> 0급 | V5: =IFERROR(VLOOKUP(표7[발견물'[3']],표1[[명칭]:[등급]],4,FALSE),"-")&"급" -> 0급 | W5: =IFERROR(VLOOKUP(표7[발견물'[4']],표1[[명칭]:[등급]],4,FALSE),"-")&"급" -> 0급 | X5: =IFERROR(VLOOKUP(표7[발견물'[5']],표1[[명칭]:[등급]],4,FALSE),"-")&"급" -> 0급 | Y5: =IFERROR(INDEX([1]FishGrade!$I:$I,MATCH(표10[[#This Row],[등급'[0']]],[1]FishGrade!$B:$B,0)),"-") -> - | Z5: =IFERROR(INDEX([1]FishGrade!$I:$I,MATCH(표10[[#This Row],[등급'[1']]],[1]FishGrade!$B:$B,0)),"-") -> - | AA5: =IFERROR(INDEX([1]FishGrade!$I:$I,MATCH(표10[[#This Row],[등급'[2']]],[1]FishGrade!$B:$B,0)),"-") -> - | AB5: =IFERROR(INDEX([1]FishGrade!$I:$I,MATCH(표10[[#This Row],[등급'[3']]],[1]FishGrade!$B:$B,0)),"-") -> - | AC5: =IFERROR(INDEX([1]FishGrade!$I:$I,MATCH(표10[[#This Row],[등급'[4']]],[1]FishGrade!$B:$B,0)),"-") -> - | AD5: =IFERROR(INDEX([1]FishGrade!$I:$I,MATCH(표10[[#This Row],[등급'[5']]],[1]FishGrade!$B:$B,0)),"-") -> - | AE5: =IF([1]FishDiscoveryGroup!$I$8="-",0,[1]FishDiscoveryGroup!$I$8) -> 0 | AF5: =IF([1]FishDiscoveryGroup!$I$8="-",0,[1]FishDiscoveryGroup!$L$8) -> 0 | AG5: =IF([1]FishDiscoveryGroup!$I$8="-",0,[1]FishDiscoveryGroup!$O$8) -> 0 | AH5: =IF([1]FishDiscoveryGroup!$I$8="-",0,[1]FishDiscoveryGroup!$R$8) -> 0 | AI5: =IF([1]FishDiscoveryGroup!$I$8="-",0,[1]FishDiscoveryGroup!$U$8) -> 0 | AJ5: =IF([1]FishDiscoveryGroup!$I$8="-",0,[1]FishDiscoveryGroup!$X$8) -> 0 | AK5: =IF(표10[[#This Row],[배당'[0']]]="-",0,표10[[#This Row],[배당'[0']]])+표10[[#This Row],[PROB'[0']]] -> 0 | AL5: =IF(표10[[#This Row],[배당'[1']]]="-",0,표10[[#This Row],[배당'[1']]])+표10[[#This Row],[PROB'[1']]] -> 0 | AM5: =IF(표10[[#This Row],[배당'[2']]]="-",0,표10[[#This Row],[배당'[2']]])+표10[[#This Row],[PROB'[2']]] -> 0 | AN5: =IF(표10[[#This Row],[배당'[3']]]="-",0,표10[[#This Row],[배당'[3']]])+표10[[#This Row],[PROB'[3']]] -> 0 | AO5: =IF(표10[[#This Row],[배당'[4']]]="-",0,표10[[#This Row],[배당'[4']]])+표10[[#This Row],[PROB'[4']]] -> 0 | AP5: =IF(표10[[#This Row],[배당'[5']]]="-",0,표10[[#This Row],[배당'[5']]])+표10[[#This Row],[PROB'[5']]] -> 0 | AQ5: =SUM(표10[[#This Row],[최종배당'[0']]:[최종배당'[5']]]) -> 0
B6: =[1]FishOceanTile!B11 -> 북 태평양 | C6: =IFERROR(VLOOKUP(표7[[#This Row],[낚시 타일]],[3]!표1_67[[이름]:[선단 LV]],6,FALSE),"-") -> - | D6: =IFERROR(VLOOKUP(표7[[#This Row],[낚시 타일]],[3]!표1_67[[이름]:[위도]],3,FALSE),"-") -> - | E6: =IFERROR(VLOOKUP(표7[[#This Row],[낚시 타일]],[3]!표1_67[[이름]:[위도]],2,FALSE),"-") -> - | G6: =IFERROR(ROUNDDOWN(표10[[#This Row],[최종배당'[0']]]/표10[[#This Row],[분모]]*100,0)&"%","-") -> - | I6: =IFERROR(ROUNDDOWN(표10[[#This Row],[최종배당'[1']]]/표10[[#This Row],[분모]]*100,0)&"%","-") -> - | K6: =IFERROR(ROUNDDOWN(표10[[#This Row],[최종배당'[2']]]/표10[[#This Row],[분모]]*100,0)&"%","-") -> - | M6: =IFERROR(ROUNDDOWN(표10[[#This Row],[최종배당'[3']]]/표10[[#This Row],[분모]]*100,0)&"%","-") -> - | O6: =IFERROR(ROUNDDOWN(표10[[#This Row],[최종배당'[4']]]/표10[[#This Row],[분모]]*100,0)&"%","-") -> - | Q6: =IFERROR(ROUNDDOWN(표10[[#This Row],[최종배당'[5']]]/표10[[#This Row],[분모]]*100,0)&"%","-") -> - | S6: =IFERROR(VLOOKUP(표7[발견물'[0']],표1[[명칭]:[등급]],4,FALSE),"-")&"급" -> 0급 | T6: =IFERROR(VLOOKUP(표7[발견물'[1']],표1[[명칭]:[등급]],4,FALSE),"-")&"급" -> 0급 | U6: =IFERROR(VLOOKUP(표7[발견물'[2']],표1[[명칭]:[등급]],4,FALSE),"-")&"급" -> 0급 | V6: =IFERROR(VLOOKUP(표7[발견물'[3']],표1[[명칭]:[등급]],4,FALSE),"-")&"급" -> 0급 | W6: =IFERROR(VLOOKUP(표7[발견물'[4']],표1[[명칭]:[등급]],4,FALSE),"-")&"급" -> 0급 | X6: =IFERROR(VLOOKUP(표7[발견물'[5']],표1[[명칭]:[등급]],4,FALSE),"-")&"급" -> 0급 | Y6: =IFERROR(INDEX([1]FishGrade!$I:$I,MATCH(표10[[#This Row],[등급'[0']]],[1]FishGrade!$B:$B,0)),"-") -> - | Z6: =IFERROR(INDEX([1]FishGrade!$I:$I,MATCH(표10[[#This Row],[등급'[1']]],[1]FishGrade!$B:$B,0)),"-") -> - | AA6: =IFERROR(INDEX([1]FishGrade!$I:$I,MATCH(표10[[#This Row],[등급'[2']]],[1]FishGrade!$B:$B,0)),"-") -> - | AB6: =IFERROR(INDEX([1]FishGrade!$I:$I,MATCH(표10[[#This Row],[등급'[3']]],[1]FishGrade!$B:$B,0)),"-") -> - | AC6: =IFERROR(INDEX([1]FishGrade!$I:$I,MATCH(표10[[#This Row],[등급'[4']]],[1]FishGrade!$B:$B,0)),"-") -> - | AD6: =IFERROR(INDEX([1]FishGrade!$I:$I,MATCH(표10[[#This Row],[등급'[5']]],[1]FishGrade!$B:$B,0)),"-") -> - | AE6: =IF([1]FishDiscoveryGroup!$I$8="-",0,[1]FishDiscoveryGroup!$I$8) -> 0 | AF6: =IF([1]FishDiscoveryGroup!$I$8="-",0,[1]FishDiscoveryGroup!$L$8) -> 0 | AG6: =IF([1]FishDiscoveryGroup!$I$8="-",0,[1]FishDiscoveryGroup!$O$8) -> 0 | AH6: =IF([1]FishDiscoveryGroup!$I$8="-",0,[1]FishDiscoveryGroup!$R$8) -> 0 | AI6: =IF([1]FishDiscoveryGroup!$I$8="-",0,[1]FishDiscoveryGroup!$U$8) -> 0 | AJ6: =IF([1]FishDiscoveryGroup!$I$8="-",0,[1]FishDiscoveryGroup!$X$8) -> 0 | AK6: =IF(표10[[#This Row],[배당'[0']]]="-",0,표10[[#This Row],[배당'[0']]])+표10[[#This Row],[PROB'[0']]] -> 0 | AL6: =IF(표10[[#This Row],[배당'[1']]]="-",0,표10[[#This Row],[배당'[1']]])+표10[[#This Row],[PROB'[1']]] -> 0 | AM6: =IF(표10[[#This Row],[배당'[2']]]="-",0,표10[[#This Row],[배당'[2']]])+표10[[#This Row],[PROB'[2']]] -> 0 | AN6: =IF(표10[[#This Row],[배당'[3']]]="-",0,표10[[#This Row],[배당'[3']]])+표10[[#This Row],[PROB'[3']]] -> 0 | AO6: =IF(표10[[#This Row],[배당'[4']]]="-",0,표10[[#This Row],[배당'[4']]])+표10[[#This Row],[PROB'[4']]] -> 0 | AP6: =IF(표10[[#This Row],[배당'[5']]]="-",0,표10[[#This Row],[배당'[5']]])+표10[[#This Row],[PROB'[5']]] -> 0 | AQ6: =SUM(표10[[#This Row],[최종배당'[0']]:[최종배당'[5']]]) -> 0
B7: =[1]FishOceanTile!B12 -> 북동 태평양 | C7: =IFERROR(VLOOKUP(표7[[#This Row],[낚시 타일]],[3]!표1_67[[이름]:[선단 LV]],6,FALSE),"-") -> - | D7: =IFERROR(VLOOKUP(표7[[#This Row],[낚시 타일]],[3]!표1_67[[이름]:[위도]],3,FALSE),"-") -> - | E7: =IFERROR(VLOOKUP(표7[[#This Row],[낚시 타일]],[3]!표1_67[[이름]:[위도]],2,FALSE),"-") -> - | G7: =IFERROR(ROUNDDOWN(표10[[#This Row],[최종배당'[0']]]/표10[[#This Row],[분모]]*100,0)&"%","-") -> - | I7: =IFERROR(ROUNDDOWN(표10[[#This Row],[최종배당'[1']]]/표10[[#This Row],[분모]]*100,0)&"%","-") -> - | K7: =IFERROR(ROUNDDOWN(표10[[#This Row],[최종배당'[2']]]/표10[[#This Row],[분모]]*100,0)&"%","-") -> - | M7: =IFERROR(ROUNDDOWN(표10[[#This Row],[최종배당'[3']]]/표10[[#This Row],[분모]]*100,0)&"%","-") -> - | O7: =IFERROR(ROUNDDOWN(표10[[#This Row],[최종배당'[4']]]/표10[[#This Row],[분모]]*100,0)&"%","-") -> - | Q7: =IFERROR(ROUNDDOWN(표10[[#This Row],[최종배당'[5']]]/표10[[#This Row],[분모]]*100,0)&"%","-") -> - | S7: =IFERROR(VLOOKUP(표7[발견물'[0']],표1[[명칭]:[등급]],4,FALSE),"-")&"급" -> 0급 | T7: =IFERROR(VLOOKUP(표7[발견물'[1']],표1[[명칭]:[등급]],4,FALSE),"-")&"급" -> 0급 | U7: =IFERROR(VLOOKUP(표7[발견물'[2']],표1[[명칭]:[등급]],4,FALSE),"-")&"급" -> 0급 | V7: =IFERROR(VLOOKUP(표7[발견물'[3']],표1[[명칭]:[등급]],4,FALSE),"-")&"급" -> 0급 | W7: =IFERROR(VLOOKUP(표7[발견물'[4']],표1[[명칭]:[등급]],4,FALSE),"-")&"급" -> 0급 | X7: =IFERROR(VLOOKUP(표7[발견물'[5']],표1[[명칭]:[등급]],4,FALSE),"-")&"급" -> 0급 | Y7: =IFERROR(INDEX([1]FishGrade!$I:$I,MATCH(표10[[#This Row],[등급'[0']]],[1]FishGrade!$B:$B,0)),"-") -> - | Z7: =IFERROR(INDEX([1]FishGrade!$I:$I,MATCH(표10[[#This Row],[등급'[1']]],[1]FishGrade!$B:$B,0)),"-") -> - | AA7: =IFERROR(INDEX([1]FishGrade!$I:$I,MATCH(표10[[#This Row],[등급'[2']]],[1]FishGrade!$B:$B,0)),"-") -> - | AB7: =IFERROR(INDEX([1]FishGrade!$I:$I,MATCH(표10[[#This Row],[등급'[3']]],[1]FishGrade!$B:$B,0)),"-") -> - | AC7: =IFERROR(INDEX([1]FishGrade!$I:$I,MATCH(표10[[#This Row],[등급'[4']]],[1]FishGrade!$B:$B,0)),"-") -> - | AD7: =IFERROR(INDEX([1]FishGrade!$I:$I,MATCH(표10[[#This Row],[등급'[5']]],[1]FishGrade!$B:$B,0)),"-") -> - | AE7: =IF([1]FishDiscoveryGroup!$I$8="-",0,[1]FishDiscoveryGroup!$I$8) -> 0 | AF7: =IF([1]FishDiscoveryGroup!$I$8="-",0,[1]FishDiscoveryGroup!$L$8) -> 0 | AG7: =IF([1]FishDiscoveryGroup!$I$8="-",0,[1]FishDiscoveryGroup!$O$8) -> 0 | AH7: =IF([1]FishDiscoveryGroup!$I$8="-",0,[1]FishDiscoveryGroup!$R$8) -> 0 | AI7: =IF([1]FishDiscoveryGroup!$I$8="-",0,[1]FishDiscoveryGroup!$U$8) -> 0 | AJ7: =IF([1]FishDiscoveryGroup!$I$8="-",0,[1]FishDiscoveryGroup!$X$8) -> 0 | AK7: =IF(표10[[#This Row],[배당'[0']]]="-",0,표10[[#This Row],[배당'[0']]])+표10[[#This Row],[PROB'[0']]] -> 0 | AL7: =IF(표10[[#This Row],[배당'[1']]]="-",0,표10[[#This Row],[배당'[1']]])+표10[[#This Row],[PROB'[1']]] -> 0 | AM7: =IF(표10[[#This Row],[배당'[2']]]="-",0,표10[[#This Row],[배당'[2']]])+표10[[#This Row],[PROB'[2']]] -> 0 | AN7: =IF(표10[[#This Row],[배당'[3']]]="-",0,표10[[#This Row],[배당'[3']]])+표10[[#This Row],[PROB'[3']]] -> 0 | AO7: =IF(표10[[#This Row],[배당'[4']]]="-",0,표10[[#This Row],[배당'[4']]])+표10[[#This Row],[PROB'[4']]] -> 0 | AP7: =IF(표10[[#This Row],[배당'[5']]]="-",0,표10[[#This Row],[배당'[5']]])+표10[[#This Row],[PROB'[5']]] -> 0 | AQ7: =SUM(표10[[#This Row],[최종배당'[0']]:[최종배당'[5']]]) -> 0
B8: =[1]FishOceanTile!B13 -> 북미 서해안 | C8: =IFERROR(VLOOKUP(표7[[#This Row],[낚시 타일]],[3]!표1_67[[이름]:[선단 LV]],6,FALSE),"-") -> - | D8: =IFERROR(VLOOKUP(표7[[#This Row],[낚시 타일]],[3]!표1_67[[이름]:[위도]],3,FALSE),"-") -> - | E8: =IFERROR(VLOOKUP(표7[[#This Row],[낚시 타일]],[3]!표1_67[[이름]:[위도]],2,FALSE),"-") -> - | G8: =IFERROR(ROUNDDOWN(표10[[#This Row],[최종배당'[0']]]/표10[[#This Row],[분모]]*100,0)&"%","-") -> - | I8: =IFERROR(ROUNDDOWN(표10[[#This Row],[최종배당'[1']]]/표10[[#This Row],[분모]]*100,0)&"%","-") -> - | K8: =IFERROR(ROUNDDOWN(표10[[#This Row],[최종배당'[2']]]/표10[[#This Row],[분모]]*100,0)&"%","-") -> - | M8: =IFERROR(ROUNDDOWN(표10[[#This Row],[최종배당'[3']]]/표10[[#This Row],[분모]]*100,0)&"%","-") -> - | O8: =IFERROR(ROUNDDOWN(표10[[#This Row],[최종배당'[4']]]/표10[[#This Row],[분모]]*100,0)&"%","-") -> - | Q8: =IFERROR(ROUNDDOWN(표10[[#This Row],[최종배당'[5']]]/표10[[#This Row],[분모]]*100,0)&"%","-") -> - | S8: =IFERROR(VLOOKUP(표7[발견물'[0']],표1[[명칭]:[등급]],4,FALSE),"-")&"급" -> 0급 | T8: =IFERROR(VLOOKUP(표7[발견물'[1']],표1[[명칭]:[등급]],4,FALSE),"-")&"급" -> 0급 | U8: =IFERROR(VLOOKUP(표7[발견물'[2']],표1[[명칭]:[등급]],4,FALSE),"-")&"급" -> 0급 | V8: =IFERROR(VLOOKUP(표7[발견물'[3']],표1[[명칭]:[등급]],4,FALSE),"-")&"급" -> 0급 | W8: =IFERROR(VLOOKUP(표7[발견물'[4']],표1[[명칭]:[등급]],4,FALSE),"-")&"급" -> 0급 | X8: =IFERROR(VLOOKUP(표7[발견물'[5']],표1[[명칭]:[등급]],4,FALSE),"-")&"급" -> 0급 | Y8: =IFERROR(INDEX([1]FishGrade!$I:$I,MATCH(표10[[#This Row],[등급'[0']]],[1]FishGrade!$B:$B,0)),"-") -> - | Z8: =IFERROR(INDEX([1]FishGrade!$I:$I,MATCH(표10[[#This Row],[등급'[1']]],[1]FishGrade!$B:$B,0)),"-") -> - | AA8: =IFERROR(INDEX([1]FishGrade!$I:$I,MATCH(표10[[#This Row],[등급'[2']]],[1]FishGrade!$B:$B,0)),"-") -> - | AB8: =IFERROR(INDEX([1]FishGrade!$I:$I,MATCH(표10[[#This Row],[등급'[3']]],[1]FishGrade!$B:$B,0)),"-") -> - | AC8: =IFERROR(INDEX([1]FishGrade!$I:$I,MATCH(표10[[#This Row],[등급'[4']]],[1]FishGrade!$B:$B,0)),"-") -> - | AD8: =IFERROR(INDEX([1]FishGrade!$I:$I,MATCH(표10[[#This Row],[등급'[5']]],[1]FishGrade!$B:$B,0)),"-") -> - | AE8: =IF([1]FishDiscoveryGroup!$I$8="-",0,[1]FishDiscoveryGroup!$I$8) -> 0 | AF8: =IF([1]FishDiscoveryGroup!$I$8="-",0,[1]FishDiscoveryGroup!$L$8) -> 0 | AG8: =IF([1]FishDiscoveryGroup!$I$8="-",0,[1]FishDiscoveryGroup!$O$8) -> 0 | AH8: =IF([1]FishDiscoveryGroup!$I$8="-",0,[1]FishDiscoveryGroup!$R$8) -> 0 | AI8: =IF([1]FishDiscoveryGroup!$I$8="-",0,[1]FishDiscoveryGroup!$U$8) -> 0 | AJ8: =IF([1]FishDiscoveryGroup!$I$8="-",0,[1]FishDiscoveryGroup!$X$8) -> 0 | AK8: =IF(표10[[#This Row],[배당'[0']]]="-",0,표10[[#This Row],[배당'[0']]])+표10[[#This Row],[PROB'[0']]] -> 0 | AL8: =IF(표10[[#This Row],[배당'[1']]]="-",0,표10[[#This Row],[배당'[1']]])+표10[[#This Row],[PROB'[1']]] -> 0 | AM8: =IF(표10[[#This Row],[배당'[2']]]="-",0,표10[[#This Row],[배당'[2']]])+표10[[#This Row],[PROB'[2']]] -> 0 | AN8: =IF(표10[[#This Row],[배당'[3']]]="-",0,표10[[#This Row],[배당'[3']]])+표10[[#This Row],[PROB'[3']]] -> 0 | AO8: =IF(표10[[#This Row],[배당'[4']]]="-",0,표10[[#This Row],[배당'[4']]])+표10[[#This Row],[PROB'[4']]] -> 0 | AP8: =IF(표10[[#This Row],[배당'[5']]]="-",0,표10[[#This Row],[배당'[5']]])+표10[[#This Row],[PROB'[5']]] -> 0 | AQ8: =SUM(표10[[#This Row],[최종배당'[0']]:[최종배당'[5']]]) -> 0
B9: =[1]FishOceanTile!B14 -> 샌프란시스코 앞바다 | C9: =IFERROR(VLOOKUP(표7[[#This Row],[낚시 타일]],[3]!표1_67[[이름]:[선단 LV]],6,FALSE),"-") -> - | D9: =IFERROR(VLOOKUP(표7[[#This Row],[낚시 타일]],[3]!표1_67[[이름]:[위도]],3,FALSE),"-") -> - | E9: =IFERROR(VLOOKUP(표7[[#This Row],[낚시 타일]],[3]!표1_67[[이름]:[위도]],2,FALSE),"-") -> - | G9: =IFERROR(ROUNDDOWN(표10[[#This Row],[최종배당'[0']]]/표10[[#This Row],[분모]]*100,0)&"%","-") -> - | I9: =IFERROR(ROUNDDOWN(표10[[#This Row],[최종배당'[1']]]/표10[[#This Row],[분모]]*100,0)&"%","-") -> - | K9: =IFERROR(ROUNDDOWN(표10[[#This Row],[최종배당'[2']]]/표10[[#This Row],[분모]]*100,0)&"%","-") -> - | M9: =IFERROR(ROUNDDOWN(표10[[#This Row],[최종배당'[3']]]/표10[[#This Row],[분모]]*100,0)&"%","-") -> - | O9: =IFERROR(ROUNDDOWN(표10[[#This Row],[최종배당'[4']]]/표10[[#This Row],[분모]]*100,0)&"%","-") -> - | Q9: =IFERROR(ROUNDDOWN(표10[[#This Row],[최종배당'[5']]]/표10[[#This Row],[분모]]*100,0)&"%","-") -> - | S9: =IFERROR(VLOOKUP(표7[발견물'[0']],표1[[명칭]:[등급]],4,FALSE),"-")&"급" -> 0급 | T9: =IFERROR(VLOOKUP(표7[발견물'[1']],표1[[명칭]:[등급]],4,FALSE),"-")&"급" -> 0급 | U9: =IFERROR(VLOOKUP(표7[발견물'[2']],표1[[명칭]:[등급]],4,FALSE),"-")&"급" -> 0급 | V9: =IFERROR(VLOOKUP(표7[발견물'[3']],표1[[명칭]:[등급]],4,FALSE),"-")&"급" -> 0급 | W9: =IFERROR(VLOOKUP(표7[발견물'[4']],표1[[명칭]:[등급]],4,FALSE),"-")&"급" -> 0급 | X9: =IFERROR(VLOOKUP(표7[발견물'[5']],표1[[명칭]:[등급]],4,FALSE),"-")&"급" -> 0급 | Y9: =IFERROR(INDEX([1]FishGrade!$I:$I,MATCH(표10[[#This Row],[등급'[0']]],[1]FishGrade!$B:$B,0)),"-") -> - | Z9: =IFERROR(INDEX([1]FishGrade!$I:$I,MATCH(표10[[#This Row],[등급'[1']]],[1]FishGrade!$B:$B,0)),"-") -> - | AA9: =IFERROR(INDEX([1]FishGrade!$I:$I,MATCH(표10[[#This Row],[등급'[2']]],[1]FishGrade!$B:$B,0)),"-") -> - | AB9: =IFERROR(INDEX([1]FishGrade!$I:$I,MATCH(표10[[#This Row],[등급'[3']]],[1]FishGrade!$B:$B,0)),"-") -> - | AC9: =IFERROR(INDEX([1]FishGrade!$I:$I,MATCH(표10[[#This Row],[등급'[4']]],[1]FishGrade!$B:$B,0)),"-") -> - | AD9: =IFERROR(INDEX([1]FishGrade!$I:$I,MATCH(표10[[#This Row],[등급'[5']]],[1]FishGrade!$B:$B,0)),"-") -> - | AE9: =IF([1]FishDiscoveryGroup!$I$8="-",0,[1]FishDiscoveryGroup!$I$8) -> 0 | AF9: =IF([1]FishDiscoveryGroup!$I$8="-",0,[1]FishDiscoveryGroup!$L$8) -> 0 | AG9: =IF([1]FishDiscoveryGroup!$I$8="-",0,[1]FishDiscoveryGroup!$O$8) -> 0 | AH9: =IF([1]FishDiscoveryGroup!$I$8="-",0,[1]FishDiscoveryGroup!$R$8) -> 0 | AI9: =IF([1]FishDiscoveryGroup!$I$8="-",0,[1]FishDiscoveryGroup!$U$8) -> 0 | AJ9: =IF([1]FishDiscoveryGroup!$I$8="-",0,[1]FishDiscoveryGroup!$X$8) -> 0 | AK9: =IF(표10[[#This Row],[배당'[0']]]="-",0,표10[[#This Row],[배당'[0']]])+표10[[#This Row],[PROB'[0']]] -> 0 | AL9: =IF(표10[[#This Row],[배당'[1']]]="-",0,표10[[#This Row],[배당'[1']]])+표10[[#This Row],[PROB'[1']]] -> 0 | AM9: =IF(표10[[#This Row],[배당'[2']]]="-",0,표10[[#This Row],[배당'[2']]])+표10[[#This Row],[PROB'[2']]] -> 0 | AN9: =IF(표10[[#This Row],[배당'[3']]]="-",0,표10[[#This Row],[배당'[3']]])+표10[[#This Row],[PROB'[3']]] -> 0 | AO9: =IF(표10[[#This Row],[배당'[4']]]="-",0,표10[[#This Row],[배당'[4']]])+표10[[#This Row],[PROB'[4']]] -> 0 | AP9: =IF(표10[[#This Row],[배당'[5']]]="-",0,표10[[#This Row],[배당'[5']]])+표10[[#This Row],[PROB'[5']]] -> 0 | AQ9: =SUM(표10[[#This Row],[최종배당'[0']]:[최종배당'[5']]]) -> 0
B10: =[1]FishOceanTile!B15 -> 하와이 앞바다 | C10: =IFERROR(VLOOKUP(표7[[#This Row],[낚시 타일]],[3]!표1_67[[이름]:[선단 LV]],6,FALSE),"-") -> - | D10: =IFERROR(VLOOKUP(표7[[#This Row],[낚시 타일]],[3]!표1_67[[이름]:[위도]],3,FALSE),"-") -> - | E10: =IFERROR(VLOOKUP(표7[[#This Row],[낚시 타일]],[3]!표1_67[[이름]:[위도]],2,FALSE),"-") -> - | G10: =IFERROR(ROUNDDOWN(표10[[#This Row],[최종배당'[0']]]/표10[[#This Row],[분모]]*100,0)&"%","-") -> - | I10: =IFERROR(ROUNDDOWN(표10[[#This Row],[최종배당'[1']]]/표10[[#This Row],[분모]]*100,0)&"%","-") -> - | K10: =IFERROR(ROUNDDOWN(표10[[#This Row],[최종배당'[2']]]/표10[[#This Row],[분모]]*100,0)&"%","-") -> - | M10: =IFERROR(ROUNDDOWN(표10[[#This Row],[최종배당'[3']]]/표10[[#This Row],[분모]]*100,0)&"%","-") -> - | O10: =IFERROR(ROUNDDOWN(표10[[#This Row],[최종배당'[4']]]/표10[[#This Row],[분모]]*100,0)&"%","-") -> - | Q10: =IFERROR(ROUNDDOWN(표10[[#This Row],[최종배당'[5']]]/표10[[#This Row],[분모]]*100,0)&"%","-") -> - | S10: =IFERROR(VLOOKUP(표7[발견물'[0']],표1[[명칭]:[등급]],4,FALSE),"-")&"급" -> 0급 | T10: =IFERROR(VLOOKUP(표7[발견물'[1']],표1[[명칭]:[등급]],4,FALSE),"-")&"급" -> 0급 | U10: =IFERROR(VLOOKUP(표7[발견물'[2']],표1[[명칭]:[등급]],4,FALSE),"-")&"급" -> 0급 | V10: =IFERROR(VLOOKUP(표7[발견물'[3']],표1[[명칭]:[등급]],4,FALSE),"-")&"급" -> 0급 | W10: =IFERROR(VLOOKUP(표7[발견물'[4']],표1[[명칭]:[등급]],4,FALSE),"-")&"급" -> 0급 | X10: =IFERROR(VLOOKUP(표7[발견물'[5']],표1[[명칭]:[등급]],4,FALSE),"-")&"급" -> 0급 | Y10: =IFERROR(INDEX([1]FishGrade!$I:$I,MATCH(표10[[#This Row],[등급'[0']]],[1]FishGrade!$B:$B,0)),"-") -> - | Z10: =IFERROR(INDEX([1]FishGrade!$I:$I,MATCH(표10[[#This Row],[등급'[1']]],[1]FishGrade!$B:$B,0)),"-") -> - | AA10: =IFERROR(INDEX([1]FishGrade!$I:$I,MATCH(표10[[#This Row],[등급'[2']]],[1]FishGrade!$B:$B,0)),"-") -> - | AB10: =IFERROR(INDEX([1]FishGrade!$I:$I,MATCH(표10[[#This Row],[등급'[3']]],[1]FishGrade!$B:$B,0)),"-") -> - | AC10: =IFERROR(INDEX([1]FishGrade!$I:$I,MATCH(표10[[#This Row],[등급'[4']]],[1]FishGrade!$B:$B,0)),"-") -> - | AD10: =IFERROR(INDEX([1]FishGrade!$I:$I,MATCH(표10[[#This Row],[등급'[5']]],[1]FishGrade!$B:$B,0)),"-") -> - | AE10: =IF([1]FishDiscoveryGroup!$I$8="-",0,[1]FishDiscoveryGroup!$I$8) -> 0 | AF10: =IF([1]FishDiscoveryGroup!$I$8="-",0,[1]FishDiscoveryGroup!$L$8) -> 0 | AG10: =IF([1]FishDiscoveryGroup!$I$8="-",0,[1]FishDiscoveryGroup!$O$8) -> 0 | AH10: =IF([1]FishDiscoveryGroup!$I$8="-",0,[1]FishDiscoveryGroup!$R$8) -> 0 | AI10: =IF([1]FishDiscoveryGroup!$I$8="-",0,[1]FishDiscoveryGroup!$U$8) -> 0 | AJ10: =IF([1]FishDiscoveryGroup!$I$8="-",0,[1]FishDiscoveryGroup!$X$8) -> 0 | AK10: =IF(표10[[#This Row],[배당'[0']]]="-",0,표10[[#This Row],[배당'[0']]])+표10[[#This Row],[PROB'[0']]] -> 0 | AL10: =IF(표10[[#This Row],[배당'[1']]]="-",0,표10[[#This Row],[배당'[1']]])+표10[[#This Row],[PROB'[1']]] -> 0 | AM10: =IF(표10[[#This Row],[배당'[2']]]="-",0,표10[[#This Row],[배당'[2']]])+표10[[#This Row],[PROB'[2']]] -> 0 | AN10: =IF(표10[[#This Row],[배당'[3']]]="-",0,표10[[#This Row],[배당'[3']]])+표10[[#This Row],[PROB'[3']]] -> 0 | AO10: =IF(표10[[#This Row],[배당'[4']]]="-",0,표10[[#This Row],[배당'[4']]])+표10[[#This Row],[PROB'[4']]] -> 0 | AP10: =IF(표10[[#This Row],[배당'[5']]]="-",0,표10[[#This Row],[배당'[5']]])+표10[[#This Row],[PROB'[5']]] -> 0 | AQ10: =SUM(표10[[#This Row],[최종배당'[0']]:[최종배당'[5']]]) -> 0
B11: =[1]FishOceanTile!B16 -> 캘리포니아만 | C11: =IFERROR(VLOOKUP(표7[[#This Row],[낚시 타일]],[3]!표1_67[[이름]:[선단 LV]],6,FALSE),"-") -> - | D11: =IFERROR(VLOOKUP(표7[[#This Row],[낚시 타일]],[3]!표1_67[[이름]:[위도]],3,FALSE),"-") -> - | E11: =IFERROR(VLOOKUP(표7[[#This Row],[낚시 타일]],[3]!표1_67[[이름]:[위도]],2,FALSE),"-") -> - | G11: =IFERROR(ROUNDDOWN(표10[[#This Row],[최종배당'[0']]]/표10[[#This Row],[분모]]*100,0)&"%","-") -> - | I11: =IFERROR(ROUNDDOWN(표10[[#This Row],[최종배당'[1']]]/표10[[#This Row],[분모]]*100,0)&"%","-") -> - | K11: =IFERROR(ROUNDDOWN(표10[[#This Row],[최종배당'[2']]]/표10[[#This Row],[분모]]*100,0)&"%","-") -> - | M11: =IFERROR(ROUNDDOWN(표10[[#This Row],[최종배당'[3']]]/표10[[#This Row],[분모]]*100,0)&"%","-") -> - | O11: =IFERROR(ROUNDDOWN(표10[[#This Row],[최종배당'[4']]]/표10[[#This Row],[분모]]*100,0)&"%","-") -> - | Q11: =IFERROR(ROUNDDOWN(표10[[#This Row],[최종배당'[5']]]/표10[[#This Row],[분모]]*100,0)&"%","-") -> - | S11: =IFERROR(VLOOKUP(표7[발견물'[0']],표1[[명칭]:[등급]],4,FALSE),"-")&"급" -> 0급 | T11: =IFERROR(VLOOKUP(표7[발견물'[1']],표1[[명칭]:[등급]],4,FALSE),"-")&"급" -> 0급 | U11: =IFERROR(VLOOKUP(표7[발견물'[2']],표1[[명칭]:[등급]],4,FALSE),"-")&"급" -> 0급 | V11: =IFERROR(VLOOKUP(표7[발견물'[3']],표1[[명칭]:[등급]],4,FALSE),"-")&"급" -> 0급 | W11: =IFERROR(VLOOKUP(표7[발견물'[4']],표1[[명칭]:[등급]],4,FALSE),"-")&"급" -> 0급 | X11: =IFERROR(VLOOKUP(표7[발견물'[5']],표1[[명칭]:[등급]],4,FALSE),"-")&"급" -> 0급 | Y11: =IFERROR(INDEX([1]FishGrade!$I:$I,MATCH(표10[[#This Row],[등급'[0']]],[1]FishGrade!$B:$B,0)),"-") -> - | Z11: =IFERROR(INDEX([1]FishGrade!$I:$I,MATCH(표10[[#This Row],[등급'[1']]],[1]FishGrade!$B:$B,0)),"-") -> - | AA11: =IFERROR(INDEX([1]FishGrade!$I:$I,MATCH(표10[[#This Row],[등급'[2']]],[1]FishGrade!$B:$B,0)),"-") -> - | AB11: =IFERROR(INDEX([1]FishGrade!$I:$I,MATCH(표10[[#This Row],[등급'[3']]],[1]FishGrade!$B:$B,0)),"-") -> - | AC11: =IFERROR(INDEX([1]FishGrade!$I:$I,MATCH(표10[[#This Row],[등급'[4']]],[1]FishGrade!$B:$B,0)),"-") -> - | AD11: =IFERROR(INDEX([1]FishGrade!$I:$I,MATCH(표10[[#This Row],[등급'[5']]],[1]FishGrade!$B:$B,0)),"-") -> - | AE11: =IF([1]FishDiscoveryGroup!$I$8="-",0,[1]FishDiscoveryGroup!$I$8) -> 0 | AF11: =IF([1]FishDiscoveryGroup!$I$8="-",0,[1]FishDiscoveryGroup!$L$8) -> 0 | AG11: =IF([1]FishDiscoveryGroup!$I$8="-",0,[1]FishDiscoveryGroup!$O$8) -> 0 | AH11: =IF([1]FishDiscoveryGroup!$I$8="-",0,[1]FishDiscoveryGroup!$R$8) -> 0 | AI11: =IF([1]FishDiscoveryGroup!$I$8="-",0,[1]FishDiscoveryGroup!$U$8) -> 0 | AJ11: =IF([1]FishDiscoveryGroup!$I$8="-",0,[1]FishDiscoveryGroup!$X$8) -> 0 | AK11: =IF(표10[[#This Row],[배당'[0']]]="-",0,표10[[#This Row],[배당'[0']]])+표10[[#This Row],[PROB'[0']]] -> 0 | AL11: =IF(표10[[#This Row],[배당'[1']]]="-",0,표10[[#This Row],[배당'[1']]])+표10[[#This Row],[PROB'[1']]] -> 0 | AM11: =IF(표10[[#This Row],[배당'[2']]]="-",0,표10[[#This Row],[배당'[2']]])+표10[[#This Row],[PROB'[2']]] -> 0 | AN11: =IF(표10[[#This Row],[배당'[3']]]="-",0,표10[[#This Row],[배당'[3']]])+표10[[#This Row],[PROB'[3']]] -> 0 | AO11: =IF(표10[[#This Row],[배당'[4']]]="-",0,표10[[#This Row],[배당'[4']]])+표10[[#This Row],[PROB'[4']]] -> 0 | AP11: =IF(표10[[#This Row],[배당'[5']]]="-",0,표10[[#This Row],[배당'[5']]])+표10[[#This Row],[PROB'[5']]] -> 0 | AQ11: =SUM(표10[[#This Row],[최종배당'[0']]:[최종배당'[5']]]) -> 0
B12: =[1]FishOceanTile!B17 -> 중앙 태평양 서쪽 | C12: =IFERROR(VLOOKUP(표7[[#This Row],[낚시 타일]],[3]!표1_67[[이름]:[선단 LV]],6,FALSE),"-") -> - | D12: =IFERROR(VLOOKUP(표7[[#This Row],[낚시 타일]],[3]!표1_67[[이름]:[위도]],3,FALSE),"-") -> - | E12: =IFERROR(VLOOKUP(표7[[#This Row],[낚시 타일]],[3]!표1_67[[이름]:[위도]],2,FALSE),"-") -> - | G12: =IFERROR(ROUNDDOWN(표10[[#This Row],[최종배당'[0']]]/표10[[#This Row],[분모]]*100,0)&"%","-") -> - | I12: =IFERROR(ROUNDDOWN(표10[[#This Row],[최종배당'[1']]]/표10[[#This Row],[분모]]*100,0)&"%","-") -> - | K12: =IFERROR(ROUNDDOWN(표10[[#This Row],[최종배당'[2']]]/표10[[#This Row],[분모]]*100,0)&"%","-") -> - | M12: =IFERROR(ROUNDDOWN(표10[[#This Row],[최종배당'[3']]]/표10[[#This Row],[분모]]*100,0)&"%","-") -> - | O12: =IFERROR(ROUNDDOWN(표10[[#This Row],[최종배당'[4']]]/표10[[#This Row],[분모]]*100,0)&"%","-") -> - | Q12: =IFERROR(ROUNDDOWN(표10[[#This Row],[최종배당'[5']]]/표10[[#This Row],[분모]]*100,0)&"%","-") -> - | S12: =IFERROR(VLOOKUP(표7[발견물'[0']],표1[[명칭]:[등급]],4,FALSE),"-")&"급" -> 0급 | T12: =IFERROR(VLOOKUP(표7[발견물'[1']],표1[[명칭]:[등급]],4,FALSE),"-")&"급" -> 0급 | U12: =IFERROR(VLOOKUP(표7[발견물'[2']],표1[[명칭]:[등급]],4,FALSE),"-")&"급" -> 0급 | V12: =IFERROR(VLOOKUP(표7[발견물'[3']],표1[[명칭]:[등급]],4,FALSE),"-")&"급" -> 0급 | W12: =IFERROR(VLOOKUP(표7[발견물'[4']],표1[[명칭]:[등급]],4,FALSE),"-")&"급" -> 0급 | X12: =IFERROR(VLOOKUP(표7[발견물'[5']],표1[[명칭]:[등급]],4,FALSE),"-")&"급" -> 0급 | Y12: =IFERROR(INDEX([1]FishGrade!$I:$I,MATCH(표10[[#This Row],[등급'[0']]],[1]FishGrade!$B:$B,0)),"-") -> - | Z12: =IFERROR(INDEX([1]FishGrade!$I:$I,MATCH(표10[[#This Row],[등급'[1']]],[1]FishGrade!$B:$B,0)),"-") -> - | AA12: =IFERROR(INDEX([1]FishGrade!$I:$I,MATCH(표10[[#This Row],[등급'[2']]],[1]FishGrade!$B:$B,0)),"-") -> - | AB12: =IFERROR(INDEX([1]FishGrade!$I:$I,MATCH(표10[[#This Row],[등급'[3']]],[1]FishGrade!$B:$B,0)),"-") -> - | AC12: =IFERROR(INDEX([1]FishGrade!$I:$I,MATCH(표10[[#This Row],[등급'[4']]],[1]FishGrade!$B:$B,0)),"-") -> - | AD12: =IFERROR(INDEX([1]FishGrade!$I:$I,MATCH(표10[[#This Row],[등급'[5']]],[1]FishGrade!$B:$B,0)),"-") -> - | AE12: =IF([1]FishDiscoveryGroup!$I$8="-",0,[1]FishDiscoveryGroup!$I$8) -> 0 | AF12: =IF([1]FishDiscoveryGroup!$I$8="-",0,[1]FishDiscoveryGroup!$L$8) -> 0 | AG12: =IF([1]FishDiscoveryGroup!$I$8="-",0,[1]FishDiscoveryGroup!$O$8) -> 0 | AH12: =IF([1]FishDiscoveryGroup!$I$8="-",0,[1]FishDiscoveryGroup!$R$8) -> 0 | AI12: =IF([1]FishDiscoveryGroup!$I$8="-",0,[1]FishDiscoveryGroup!$U$8) -> 0 | AJ12: =IF([1]FishDiscoveryGroup!$I$8="-",0,[1]FishDiscoveryGroup!$X$8) -> 0 | AK12: =IF(표10[[#This Row],[배당'[0']]]="-",0,표10[[#This Row],[배당'[0']]])+표10[[#This Row],[PROB'[0']]] -> 0 | AL12: =IF(표10[[#This Row],[배당'[1']]]="-",0,표10[[#This Row],[배당'[1']]])+표10[[#This Row],[PROB'[1']]] -> 0 | AM12: =IF(표10[[#This Row],[배당'[2']]]="-",0,표10[[#This Row],[배당'[2']]])+표10[[#This Row],[PROB'[2']]] -> 0 | AN12: =IF(표10[[#This Row],[배당'[3']]]="-",0,표10[[#This Row],[배당'[3']]])+표10[[#This Row],[PROB'[3']]] -> 0 | AO12: =IF(표10[[#This Row],[배당'[4']]]="-",0,표10[[#This Row],[배당'[4']]])+표10[[#This Row],[PROB'[4']]] -> 0 | AP12: =IF(표10[[#This Row],[배당'[5']]]="-",0,표10[[#This Row],[배당'[5']]])+표10[[#This Row],[PROB'[5']]] -> 0 | AQ12: =SUM(표10[[#This Row],[최종배당'[0']]:[최종배당'[5']]]) -> 0
B13: =[1]FishOceanTile!B18 -> 중앙 태평양 | C13: =IFERROR(VLOOKUP(표7[[#This Row],[낚시 타일]],[3]!표1_67[[이름]:[선단 LV]],6,FALSE),"-") -> - | D13: =IFERROR(VLOOKUP(표7[[#This Row],[낚시 타일]],[3]!표1_67[[이름]:[위도]],3,FALSE),"-") -> - | E13: =IFERROR(VLOOKUP(표7[[#This Row],[낚시 타일]],[3]!표1_67[[이름]:[위도]],2,FALSE),"-") -> - | G13: =IFERROR(ROUNDDOWN(표10[[#This Row],[최종배당'[0']]]/표10[[#This Row],[분모]]*100,0)&"%","-") -> - | I13: =IFERROR(ROUNDDOWN(표10[[#This Row],[최종배당'[1']]]/표10[[#This Row],[분모]]*100,0)&"%","-") -> - | K13: =IFERROR(ROUNDDOWN(표10[[#This Row],[최종배당'[2']]]/표10[[#This Row],[분모]]*100,0)&"%","-") -> - | M13: =IFERROR(ROUNDDOWN(표10[[#This Row],[최종배당'[3']]]/표10[[#This Row],[분모]]*100,0)&"%","-") -> - | O13: =IFERROR(ROUNDDOWN(표10[[#This Row],[최종배당'[4']]]/표10[[#This Row],[분모]]*100,0)&"%","-") -> - | Q13: =IFERROR(ROUNDDOWN(표10[[#This Row],[최종배당'[5']]]/표10[[#This Row],[분모]]*100,0)&"%","-") -> - | S13: =IFERROR(VLOOKUP(표7[발견물'[0']],표1[[명칭]:[등급]],4,FALSE),"-")&"급" -> 0급 | T13: =IFERROR(VLOOKUP(표7[발견물'[1']],표1[[명칭]:[등급]],4,FALSE),"-")&"급" -> 0급 | U13: =IFERROR(VLOOKUP(표7[발견물'[2']],표1[[명칭]:[등급]],4,FALSE),"-")&"급" -> 0급 | V13: =IFERROR(VLOOKUP(표7[발견물'[3']],표1[[명칭]:[등급]],4,FALSE),"-")&"급" -> 0급 | W13: =IFERROR(VLOOKUP(표7[발견물'[4']],표1[[명칭]:[등급]],4,FALSE),"-")&"급" -> 0급 | X13: =IFERROR(VLOOKUP(표7[발견물'[5']],표1[[명칭]:[등급]],4,FALSE),"-")&"급" -> 0급 | Y13: =IFERROR(INDEX([1]FishGrade!$I:$I,MATCH(표10[[#This Row],[등급'[0']]],[1]FishGrade!$B:$B,0)),"-") -> - | Z13: =IFERROR(INDEX([1]FishGrade!$I:$I,MATCH(표10[[#This Row],[등급'[1']]],[1]FishGrade!$B:$B,0)),"-") -> - | AA13: =IFERROR(INDEX([1]FishGrade!$I:$I,MATCH(표10[[#This Row],[등급'[2']]],[1]FishGrade!$B:$B,0)),"-") -> - | AB13: =IFERROR(INDEX([1]FishGrade!$I:$I,MATCH(표10[[#This Row],[등급'[3']]],[1]FishGrade!$B:$B,0)),"-") -> - | AC13: =IFERROR(INDEX([1]FishGrade!$I:$I,MATCH(표10[[#This Row],[등급'[4']]],[1]FishGrade!$B:$B,0)),"-") -> - | AD13: =IFERROR(INDEX([1]FishGrade!$I:$I,MATCH(표10[[#This Row],[등급'[5']]],[1]FishGrade!$B:$B,0)),"-") -> - | AE13: =IF([1]FishDiscoveryGroup!$I$8="-",0,[1]FishDiscoveryGroup!$I$8) -> 0 | AF13: =IF([1]FishDiscoveryGroup!$I$8="-",0,[1]FishDiscoveryGroup!$L$8) -> 0 | AG13: =IF([1]FishDiscoveryGroup!$I$8="-",0,[1]FishDiscoveryGroup!$O$8) -> 0 | AH13: =IF([1]FishDiscoveryGroup!$I$8="-",0,[1]FishDiscoveryGroup!$R$8) -> 0 | AI13: =IF([1]FishDiscoveryGroup!$I$8="-",0,[1]FishDiscoveryGroup!$U$8) -> 0 | AJ13: =IF([1]FishDiscoveryGroup!$I$8="-",0,[1]FishDiscoveryGroup!$X$8) -> 0 | AK13: =IF(표10[[#This Row],[배당'[0']]]="-",0,표10[[#This Row],[배당'[0']]])+표10[[#This Row],[PROB'[0']]] -> 0 | AL13: =IF(표10[[#This Row],[배당'[1']]]="-",0,표10[[#This Row],[배당'[1']]])+표10[[#This Row],[PROB'[1']]] -> 0 | AM13: =IF(표10[[#This Row],[배당'[2']]]="-",0,표10[[#This Row],[배당'[2']]])+표10[[#This Row],[PROB'[2']]] -> 0 | AN13: =IF(표10[[#This Row],[배당'[3']]]="-",0,표10[[#This Row],[배당'[3']]])+표10[[#This Row],[PROB'[3']]] -> 0 | AO13: =IF(표10[[#This Row],[배당'[4']]]="-",0,표10[[#This Row],[배당'[4']]])+표10[[#This Row],[PROB'[4']]] -> 0 | AP13: =IF(표10[[#This Row],[배당'[5']]]="-",0,표10[[#This Row],[배당'[5']]])+표10[[#This Row],[PROB'[5']]] -> 0 | AQ13: =SUM(표10[[#This Row],[최종배당'[0']]:[최종배당'[5']]]) -> 0
B14: =[1]FishOceanTile!B19 -> 중앙 태평양 동쪽 | C14: =IFERROR(VLOOKUP(표7[[#This Row],[낚시 타일]],[3]!표1_67[[이름]:[선단 LV]],6,FALSE),"-") -> - | D14: =IFERROR(VLOOKUP(표7[[#This Row],[낚시 타일]],[3]!표1_67[[이름]:[위도]],3,FALSE),"-") -> - | E14: =IFERROR(VLOOKUP(표7[[#This Row],[낚시 타일]],[3]!표1_67[[이름]:[위도]],2,FALSE),"-") -> - | G14: =IFERROR(ROUNDDOWN(표10[[#This Row],[최종배당'[0']]]/표10[[#This Row],[분모]]*100,0)&"%","-") -> - | I14: =IFERROR(ROUNDDOWN(표10[[#This Row],[최종배당'[1']]]/표10[[#This Row],[분모]]*100,0)&"%","-") -> - | K14: =IFERROR(ROUNDDOWN(표10[[#This Row],[최종배당'[2']]]/표10[[#This Row],[분모]]*100,0)&"%","-") -> - | M14: =IFERROR(ROUNDDOWN(표10[[#This Row],[최종배당'[3']]]/표10[[#This Row],[분모]]*100,0)&"%","-") -> - | O14: =IFERROR(ROUNDDOWN(표10[[#This Row],[최종배당'[4']]]/표10[[#This Row],[분모]]*100,0)&"%","-") -> - | Q14: =IFERROR(ROUNDDOWN(표10[[#This Row],[최종배당'[5']]]/표10[[#This Row],[분모]]*100,0)&"%","-") -> - | S14: =IFERROR(VLOOKUP(표7[발견물'[0']],표1[[명칭]:[등급]],4,FALSE),"-")&"급" -> 0급 | T14: =IFERROR(VLOOKUP(표7[발견물'[1']],표1[[명칭]:[등급]],4,FALSE),"-")&"급" -> 0급 | U14: =IFERROR(VLOOKUP(표7[발견물'[2']],표1[[명칭]:[등급]],4,FALSE),"-")&"급" -> 0급 | V14: =IFERROR(VLOOKUP(표7[발견물'[3']],표1[[명칭]:[등급]],4,FALSE),"-")&"급" -> 0급 | W14: =IFERROR(VLOOKUP(표7[발견물'[4']],표1[[명칭]:[등급]],4,FALSE),"-")&"급" -> 0급 | X14: =IFERROR(VLOOKUP(표7[발견물'[5']],표1[[명칭]:[등급]],4,FALSE),"-")&"급" -> 0급 | Y14: =IFERROR(INDEX([1]FishGrade!$I:$I,MATCH(표10[[#This Row],[등급'[0']]],[1]FishGrade!$B:$B,0)),"-") -> - | Z14: =IFERROR(INDEX([1]FishGrade!$I:$I,MATCH(표10[[#This Row],[등급'[1']]],[1]FishGrade!$B:$B,0)),"-") -> - | AA14: =IFERROR(INDEX([1]FishGrade!$I:$I,MATCH(표10[[#This Row],[등급'[2']]],[1]FishGrade!$B:$B,0)),"-") -> - | AB14: =IFERROR(INDEX([1]FishGrade!$I:$I,MATCH(표10[[#This Row],[등급'[3']]],[1]FishGrade!$B:$B,0)),"-") -> - | AC14: =IFERROR(INDEX([1]FishGrade!$I:$I,MATCH(표10[[#This Row],[등급'[4']]],[1]FishGrade!$B:$B,0)),"-") -> - | AD14: =IFERROR(INDEX([1]FishGrade!$I:$I,MATCH(표10[[#This Row],[등급'[5']]],[1]FishGrade!$B:$B,0)),"-") -> - | AE14: =IF([1]FishDiscoveryGroup!$I$8="-",0,[1]FishDiscoveryGroup!$I$8) -> 0 | AF14: =IF([1]FishDiscoveryGroup!$I$8="-",0,[1]FishDiscoveryGroup!$L$8) -> 0 | AG14: =IF([1]FishDiscoveryGroup!$I$8="-",0,[1]FishDiscoveryGroup!$O$8) -> 0 | AH14: =IF([1]FishDiscoveryGroup!$I$8="-",0,[1]FishDiscoveryGroup!$R$8) -> 0 | AI14: =IF([1]FishDiscoveryGroup!$I$8="-",0,[1]FishDiscoveryGroup!$U$8) -> 0 | AJ14: =IF([1]FishDiscoveryGroup!$I$8="-",0,[1]FishDiscoveryGroup!$X$8) -> 0 | AK14: =IF(표10[[#This Row],[배당'[0']]]="-",0,표10[[#This Row],[배당'[0']]])+표10[[#This Row],[PROB'[0']]] -> 0 | AL14: =IF(표10[[#This Row],[배당'[1']]]="-",0,표10[[#This Row],[배당'[1']]])+표10[[#This Row],[PROB'[1']]] -> 0 | AM14: =IF(표10[[#This Row],[배당'[2']]]="-",0,표10[[#This Row],[배당'[2']]])+표10[[#This Row],[PROB'[2']]] -> 0 | AN14: =IF(표10[[#This Row],[배당'[3']]]="-",0,표10[[#This Row],[배당'[3']]])+표10[[#This Row],[PROB'[3']]] -> 0 | AO14: =IF(표10[[#This Row],[배당'[4']]]="-",0,표10[[#This Row],[배당'[4']]])+표10[[#This Row],[PROB'[4']]] -> 0 | AP14: =IF(표10[[#This Row],[배당'[5']]]="-",0,표10[[#This Row],[배당'[5']]])+표10[[#This Row],[PROB'[5']]] -> 0 | AQ14: =SUM(표10[[#This Row],[최종배당'[0']]:[최종배당'[5']]]) -> 0
... B115: =[1]FishOceanTile!B120 -> 0 | C115: =IFERROR(VLOOKUP(표7[[#This Row],[낚시 타일]],[3]!표1_67[[이름]:[선단 LV]],6,FALSE),"-") -> - | D115: =IFERROR(VLOOKUP(표7[[#This Row],[낚시 타일]],[3]!표1_67[[이름]:[위도]],3,FALSE),"-") -> - | E115: =IFERROR(VLOOKUP(표7[[#This Row],[낚시 타일]],[3]!표1_67[[이름]:[위도]],2,FALSE),"-") -> - | G115: =IFERROR(ROUNDDOWN(표10[[#This Row],[최종배당'[0']]]/표10[[#This Row],[분모]]*100,0)&"%","-") -> - | I115: =IFERROR(ROUNDDOWN(표10[[#This Row],[최종배당'[1']]]/표10[[#This Row],[분모]]*100,0)&"%","-") -> - | K115: =IFERROR(ROUNDDOWN(표10[[#This Row],[최종배당'[2']]]/표10[[#This Row],[분모]]*100,0)&"%","-") -> - | M115: =IFERROR(ROUNDDOWN(표10[[#This Row],[최종배당'[3']]]/표10[[#This Row],[분모]]*100,0)&"%","-") -> - | O115: =IFERROR(ROUNDDOWN(표10[[#This Row],[최종배당'[4']]]/표10[[#This Row],[분모]]*100,0)&"%","-") -> - | Q115: =IFERROR(ROUNDDOWN(표10[[#This Row],[최종배당'[5']]]/표10[[#This Row],[분모]]*100,0)&"%","-") -> - | S115: =IFERROR(VLOOKUP(표7[발견물'[0']],표1[[명칭]:[등급]],4,FALSE),"-")&"급" -> 0급 | T115: =IFERROR(VLOOKUP(표7[발견물'[1']],표1[[명칭]:[등급]],4,FALSE),"-")&"급" -> 0급 | U115: =IFERROR(VLOOKUP(표7[발견물'[2']],표1[[명칭]:[등급]],4,FALSE),"-")&"급" -> 0급 | V115: =IFERROR(VLOOKUP(표7[발견물'[3']],표1[[명칭]:[등급]],4,FALSE),"-")&"급" -> 0급 | W115: =IFERROR(VLOOKUP(표7[발견물'[4']],표1[[명칭]:[등급]],4,FALSE),"-")&"급" -> 0급 | X115: =IFERROR(VLOOKUP(표7[발견물'[5']],표1[[명칭]:[등급]],4,FALSE),"-")&"급" -> 0급 | Y115: =IFERROR(INDEX([1]FishGrade!$I:$I,MATCH(표10[[#This Row],[등급'[0']]],[1]FishGrade!$B:$B,0)),"-") -> - | Z115: =IFERROR(INDEX([1]FishGrade!$I:$I,MATCH(표10[[#This Row],[등급'[1']]],[1]FishGrade!$B:$B,0)),"-") -> - | AA115: =IFERROR(INDEX([1]FishGrade!$I:$I,MATCH(표10[[#This Row],[등급'[2']]],[1]FishGrade!$B:$B,0)),"-") -> - | AB115: =IFERROR(INDEX([1]FishGrade!$I:$I,MATCH(표10[[#This Row],[등급'[3']]],[1]FishGrade!$B:$B,0)),"-") -> - | AC115: =IFERROR(INDEX([1]FishGrade!$I:$I,MATCH(표10[[#This Row],[등급'[4']]],[1]FishGrade!$B:$B,0)),"-") -> - | AD115: =IFERROR(INDEX([1]FishGrade!$I:$I,MATCH(표10[[#This Row],[등급'[5']]],[1]FishGrade!$B:$B,0)),"-") -> - | AE115: =IF([1]FishDiscoveryGroup!$I$8="-",0,[1]FishDiscoveryGroup!$I$8) -> 0 | AF115: =IF([1]FishDiscoveryGroup!$I$8="-",0,[1]FishDiscoveryGroup!$L$8) -> 0 | AG115: =IF([1]FishDiscoveryGroup!$I$8="-",0,[1]FishDiscoveryGroup!$O$8) -> 0 | AH115: =IF([1]FishDiscoveryGroup!$I$8="-",0,[1]FishDiscoveryGroup!$R$8) -> 0 | AI115: =IF([1]FishDiscoveryGroup!$I$8="-",0,[1]FishDiscoveryGroup!$U$8) -> 0 | AJ115: =IF([1]FishDiscoveryGroup!$I$8="-",0,[1]FishDiscoveryGroup!$X$8) -> 0 | AK115: =IF(표10[[#This Row],[배당'[0']]]="-",0,표10[[#This Row],[배당'[0']]])+표10[[#This Row],[PROB'[0']]] -> 0 | AL115: =IF(표10[[#This Row],[배당'[1']]]="-",0,표10[[#This Row],[배당'[1']]])+표10[[#This Row],[PROB'[1']]] -> 0 | AM115: =IF(표10[[#This Row],[배당'[2']]]="-",0,표10[[#This Row],[배당'[2']]])+표10[[#This Row],[PROB'[2']]] -> 0 | AN115: =IF(표10[[#This Row],[배당'[3']]]="-",0,표10[[#This Row],[배당'[3']]])+표10[[#This Row],[PROB'[3']]] -> 0 | AO115: =IF(표10[[#This Row],[배당'[4']]]="-",0,표10[[#This Row],[배당'[4']]])+표10[[#This Row],[PROB'[4']]] -> 0 | AP115: =IF(표10[[#This Row],[배당'[5']]]="-",0,표10[[#This Row],[배당'[5']]])+표10[[#This Row],[PROB'[5']]] -> 0 | AQ115: =SUM(표10[[#This Row],[최종배당'[0']]:[최종배당'[5']]]) -> 0

Sheet 퀘스트
B2: 묠니르
B3: 바다 민족의 검
B4: 아가멤논의 황금마스크
B5: 정화함대의 나침반
B6: 롱기누스의 창
B7: 솔로몬의 반지
B8: 에티엔의 지팡이
B9: 극락조
B10: 까치
B11: 로리스
B12: 작은발톱수달
B13: 오리너구리
... B224: 나스카의 지상화
